a,b,y
0.47298583148997897,1.3480739718032628,-0.20024282639267305
-0.6814258794394451,1.2851199759781722,-0.11937360441555339
0.24243949669047796,0.3323705916322691,0.008083676999513721
-1.7007356340383315,0.5188625489532614,0.5645316077216255
0.7531428339492002,-1.2952956304601995,0.3307683310240229
-1.534721340208044,0.11223558462480533,0.4709325371998235
0.0051270781322723565,0.5165154969716235,-0.013774769612274133
-0.12022767015619135,0.459096428394537,-0.006785415335423848
-0.8069818785729513,1.0227443520934787,0.02326427659737486
2.8718193949889166,1.2490461513607198,1.4546036029381377
-0.597822919406344,1.6465063506182493,-0.37488665077481786
0.47245699353575754,-1.529869621257267,0.4027092688706537
1.0959561180085615,-0.6683651027623765,0.2700806277227831
-1.2151688010922146,-1.448531511232955,0.5992642314828684
1.3423563714379816,0.11771474673750366,0.3602210110698005
-0.12214978766832274,-0.9150666068732829,0.07960693232517065
1.012515476977173,0.9394370261110699,0.12212826198301574
-0.9138691467058685,0.693428947346056,0.13368826903935901
-1.029530207374499,1.5639336782025095,-0.17053425803940292
1.2097964496316869,-0.6110979945676529,0.3155423797975963
0.5018723037790331,0.8330092805556523,-0.007427723764073121
0.13884617715623349,-0.005845593455867458,0.0038556721571357173
0.6407611133416717,-1.1782295166583732,0.2456797036701168
0.5273326651106617,1.276601305538466,-0.15243315746548247
-1.1543602352166882,-0.2187752229192727,0.26755662558817433
-2.213333479396823,-0.8492999463915671,1.0410299065189728
-1.6817565103951275,1.6553989164414784,0.11202448290290157
-1.7880942510621582,0.9098799104982922,0.5641289400343242
-2.218534945031401,-1.773784673221002,1.5424674726183796
-0.6474307801655981,-1.3004900121522298,0.30378185283775794
-0.528404320814362,-1.1871170818577756,0.22313633984511472
-0.03920917482874638,-1.4494828948722664,0.30484392412301026
0.214975948415751,-1.247021128570236,0.2031624106815179
-0.3843588025535037,1.819128015157985,-0.5724443684916485
-0.2539040780918864,0.36825542809377343,0.007899468441536673
0.07325207460394176,-0.5573700674854086,0.018388509396344125
-0.9972038374246764,0.628035608894801,0.17411157016249548
-0.7138562876067133,-0.010934473499540846,0.1019182906066569
0.03541634614048163,-0.12341659000478021,0.0004388474029658456
-0.6779453651227033,-0.11667015000223982,0.09208079413861234
-0.5718810615865102,0.43100195569734506,0.05740318163207987
-0.105862315332335,0.4682809211616199,-0.008027426863567728
1.3358313386717684,-1.3059990525606333,0.579644649879866
0.31866528801613553,-0.3609103290481975,0.025010596325603526
-0.3375952500500365,0.3823667127967927,0.017203744695679736
-0.5852682780074072,-2.3830460718206092,1.421817869928088
-0.1149199407897547,2.228238702579947,-1.1036898294641317
2.2418177943952333,0.5912435691152129,0.984481364814253
-3.14741652154398,1.6132977373262207,1.5613483762947784
0.5351358932801163,0.21372157152599766,0.05629787075367963
0.23249043938376243,-1.2682180356653134,0.21478763105871693
0.8676119508822832,-0.286054577506143,0.15289080458484908
-1.1482127142462721,-0.3879128065196495,0.2695156575796549
2.1143442414555107,1.3166879579713577,0.6658204445471425
1.0009427606895045,2.6528790995662885,-1.6666573532878588
-0.051414995286116726,0.3062995952467265,-0.0023449853645127793
0.15978769807335919,1.592400242683925,-0.39868464382614927
-0.7162635863249601,0.2988141675569876,0.09993859610385919
0.050522826525369983,0.621283466634539,-0.023470604779004225
-0.14333741454895502,1.3526279539552994,-0.24336800974555295
0.9435753905208083,0.11783758449192912,0.17790327782797852
0.3576442254693005,-0.5466154733500193,0.041914118810245496
-0.08344920282444727,-0.22225152391564312,0.0024905817367970196
0.6778061029188197,-1.1666120496394068,0.25065821801833865
0.5560603739342062,1.5281025492804603,-0.2949862012546042
0.22271946085249292,-0.36362585896230665,0.014728789671950234
-1.5289854794870417,1.0758203560171393,0.3430450075272048
1.029211175548784,0.5800360065607597,0.19234029476719924
-1.1662587594545692,0.22950711616634123,0.2708230041168375
-1.009561652309404,0.27411524484065825,0.20178326683435968
-0.1052679886976573,-2.471537846637033,1.511954997261408
0.512022158133717,-0.6294170927379049,0.07736869551506369
1.407727763720542,0.5790604565632486,0.37692295655941677
-1.6876963310470667,1.5867042245742737,0.17019031846328725
1.4712339926346683,1.361888724299995,0.18031082075337906
1.6364629074432415,-1.140350016245122,0.6838930757243429
-0.46139493621891375,0.04159544060100474,0.04256986067092573
-0.2013622701564993,2.1163223304380145,-0.9397533688946937
-0.5718167302823739,0.7958524277703076,0.014987087043771004
-0.6032991147419898,-1.1569660817698264,0.22766203268753865
-1.339389221097253,-0.2070715259308353,0.35968059118042195
-1.6896529203538362,-0.1442551689061082,0.5712855868212445
-0.1993273392741338,-1.5469966135689623,0.37817327861057226
0.25777258546505816,-0.711224626449988,0.04926596104337592
1.8288207150748825,0.015061143350406562,0.6689166999333788
-1.0010015450142384,1.7820108060670465,-0.36548785271582307
-2.091691213346014,0.18436868140409338,0.8744077238663739
0.14655970591263323,0.7527558774013982,-0.0383583157686534
-0.466351101873623,0.7750062206150938,-0.003052888342330612
0.35622300730710804,-0.3423414932192912,0.02939112967980445
-0.3978797330752503,1.3985102731220818,-0.2418633159669563
-1.2592235156092355,-0.5036858641835443,0.32990725511310504
-0.688878692445368,0.2213394105980244,0.09382640369350213
0.8026304502474167,-0.22866656152579007,0.13003878871320873
0.27239104064855424,0.6192920004460569,-0.008911870885815914
-0.9691764986522415,-1.3862534482201943,0.4542567513240807
0.8719681219808854,-0.4725156438519586,0.16261558677368246
-1.4463594427964115,-0.7163206072400485,0.4551466276032187
-0.5364812639125298,-1.4699183724985756,0.37516181558383893
0.19792051631423216,-0.619159410477308,0.03157050073834503
-1.3656398139253743,-0.2929290369369878,0.3755079687858345
-1.1944443828385458,1.52020556741193,-0.06598382541614473
0.01593454264957941,-0.38786020905522395,0.00588557799785153
-0.08004346236652231,0.895284634694584,-0.07047876793369076
-0.25080271315594593,0.5334049797307681,-0.0025960848323578426
-0.5651428939886068,1.0372884743958097,-0.04773155799295843
-1.102671939612895,-0.9709329680890155,0.33470798356059894
-0.7822824408021882,0.3622369632976132,0.11764004875257929
3.041686206372148,1.546331702866073,1.4806211684746085
-0.6260812210457714,-0.9862918394421168,0.17433920740656178
1.5059009128619398,-0.5007998008446611,0.4661075929384048
-0.5873360870250491,-1.3653070577695379,0.32349462225056047
1.365852914050061,-1.5135133964735696,0.7198148013020609
1.2320448738375287,-0.5934580472019267,0.3244880588163375
0.4508892334788509,0.24921145033284745,0.0391124588929278
-0.6414098177206133,-0.39916469868718446,0.0886413000597756
-1.3775960333307937,-0.7435813373534012,0.4206677602705264
0.9657463479255879,-0.4433723210914875,0.19524897112704442
-1.2840034598049361,-0.9912569740728229,0.42713293449863576
-1.2745721004239723,-0.8915950466839765,0.395783418479594
1.522841762204412,-0.04949896283218154,0.4638215345178876
1.4618824312460454,1.8731027538482927,-0.22976066120219468
0.03765596319966068,0.07461623106890479,0.0002420511148538272
-0.24619719933642692,-0.5709221196597503,0.030731936675962232
-0.664297573689694,-1.0288771812071669,0.19717398316636248
0.3513355379275004,1.05597865264973,-0.09306388814256931
-0.4840314322593972,-2.0193780417084586,0.8703369682953783
-1.5130872598946643,1.3144073903539593,0.23080081181351983
-0.7635304872538676,0.5393450839483658,0.1009065835932774
0.24920320955073572,0.844678464504587,-0.04784581546008101
-1.5898086075569426,-0.9649117717501449,0.5953368483803019
-0.9795259223312953,1.25658859370912,-0.006523003985803993
0.12276162875650516,-0.3449721539037488,0.007119451764760376
1.6892920937802727,-0.04799210711232758,0.5707526093670406
0.1777498652185115,-0.6432908767592708,0.03293986875220588
0.03200602054382911,1.0018315231881396,-0.10034558684376838
1.9332155643632365,-0.7330348310685971,0.7868533819310457
-1.062094711431401,-1.6529764929046016,0.677256973884426
-0.7326290989087136,-0.0516127265428567,0.10736282829122136
0.8427413931462943,0.8746025943422288,0.07514166130577206
1.0767399874809482,2.1288597100025637,-0.7329347160837841
0.4576905380263133,-1.7402668818875056,0.5689409663823893
-2.6194933225106896,-0.012538986654888633,1.3723492504813237
0.7390463423383108,0.8733460805488833,0.04262487874556975
0.667501057762868,-0.5029703648593542,0.1018356358682437
0.04640263608520231,-0.04545173537026941,0.00044003062046231754
0.6660775965015711,-0.645553610787259,0.115634639512389
1.4079484837738274,-2.176383143213152,1.4273389122036853
0.051149186337923855,0.17676084307800136,-2.9030718972367737e-05
-0.9359748608698836,-1.0483357011536245,0.29042269324720305
-1.839109307605646,0.12711752981549487,0.676259201546378
0.06377872848143744,-0.02968773847395938,0.0008161618052503221
-0.71396809744709,0.410016202791249,0.09505717169538912
-0.5618846631272185,-2.354254370258911,1.3679915708229782
-1.1324688506015603,-0.5247779557026752,0.27094909949296203
0.2742910030053811,-0.4514737311620082,0.024249433558386452
0.7359121107527969,0.2576152464236531,0.10660364751940654
0.43431874910066387,-0.1219315373980219,0.037907834436379524
-1.1200411045540386,1.526021061784695,-0.1044722564467152
0.8890946101264364,-1.3264038546767138,0.39145833403405195
0.31450694533177936,-0.8717864407523228,0.08603970435185132
-2.4880044640486387,2.230522550044346,0.12829678320009408
0.5959086104984074,-0.03659317596230857,0.07102631446097743
-2.035862036290208,1.8708735840010613,0.17410966720028864
-1.138281652714749,-1.1324660482948041,0.4043734563940271
1.057642286396626,0.24278124070700605,0.22229042226247567
0.6527685403374538,-0.5890878890545155,0.10566414888344704
-0.6444668514591557,-1.1056073436852913,0.21821336387453394
-0.8834620909605276,0.651590309618299,0.12843648791503434
0.34569237324022195,0.37457016584187486,0.018645318734570898
-1.7968274599384613,-0.6233411237501534,0.6699379626164528
0.4107096191303123,-0.39309253391846927,0.039810612490186394
-0.29182344884665956,-0.18139983015903022,0.01762909749711931
0.7341476486109582,0.5633537354494775,0.08991554120201894
-0.12549566509367044,0.5441114695052172,-0.012958984388360288
-1.088517414954358,-0.4196201389154749,0.24436274845880926
0.20223092464810755,1.2825812905046605,-0.20280704686727163
-0.34983440088395196,0.0754685073633879,0.024433838553176445
-1.4212768985040238,-1.9079275071628456,1.098526966383113
-1.1635883360212125,-1.9765221302605838,1.0429435515536032
-1.00667628748747,-0.32435369295451666,0.20609180290340795
0.05002175982462668,0.48093753806118117,-0.010623693994782541
0.7654301352672933,0.33750150266057993,0.11333227110860328
-0.02851487754133868,0.5854600062342962,-0.019904807688360684
-1.2056456000879037,0.7044676337456984,0.2557553199765908
-0.38154484214465784,-1.9559620638917457,0.7774248334212441
0.566843638061862,-0.33167275668074925,0.06791096844443445
1.0773367455423322,0.4403730288277165,0.22359080877177745
-0.9403587234692675,1.9633891915268495,-0.5800114277150417
0.2836071218136608,0.9450405531569631,-0.06831512755245238
-0.3903204805851666,-0.052328767822777365,0.030484344699035704
-2.154124440693511,1.276023058838959,0.7202839002406322
-1.2946837485149356,-1.058597664120771,0.45387072744139273
-0.566220694594234,-1.59367572651656,0.46888330595607886
-0.5177092098611301,1.535153855703412,-0.30818473880255004
-0.39587830763327897,-0.01973808756181784,0.03134469587121731
-0.603695245023457,-0.9825799829523071,0.1677540931340603
0.3673928911221677,0.7840354831583328,-0.021200066387563568
-0.9590118144306119,-0.6026630531080517,0.20582962020110043
-1.5952967224865335,0.5333291186425679,0.49382431583565467
0.5075226803712083,-0.3306573415865651,0.05513107237397
-0.6183705201188091,1.114751442653451,-0.06205048432157648
0.7907929878330239,-1.266206478224952,0.32807891597834105
-0.8344050336687142,0.708523735865207,0.10367804358638837
1.309469955147632,-0.27656994531115114,0.345057822048147
-1.2387420809048264,-1.8474831777438356,0.9374782553439323
-1.2027374884883106,-0.8488125783383209,0.3504709789728437
0.6961466004512513,0.4228124378044543,0.08936538479516436
1.778984412172512,1.3865003203112019,0.3664186240598423
-0.7963172812427038,0.04465811342471835,0.12681533610327816
1.5698392129633065,-0.2381218078229872,0.4942292290757013
1.5216635119562592,-0.716262999217905,0.49983860162115956
0.789915596204205,-1.2680827725395412,0.3287053407343022
-0.21722089484041654,0.24654583036026512,0.007938358386476028
-2.1840598492911956,-2.045063913975144,1.809327787015918
-1.5672684081604071,0.3904565129513297,0.4853132975647715
-0.809670260965294,0.9065006731467669,0.05662208538975662
0.5004951071186744,0.2666580318229743,0.04820295835768437
-0.1935098532595785,-0.3780865759508669,0.01289393980720054
-0.6642031999932022,-1.9181970445706724,0.794029925495172
0.08352684556749504,0.32193047246414497,-0.0019411158129388367
-1.6584252838813636,0.6831575030725118,0.5181916386247687
0.38011358579592175,0.4692223648977017,0.01856641628157521
-0.956673031907386,1.8368107134057479,-0.4366720588472146
1.2698589903210238,1.0246114708170821,0.2149417216888922
0.15051937508805313,-0.17658616996966456,0.005081859377642545
-0.7651313602564873,0.6549812765932617,0.08898647196357573
-0.5370203552524196,0.744889883386474,0.01634714242316028
-1.6112949002263295,-1.3901783413862638,0.7879195363803189
0.1649888471248282,1.0048226387582155,-0.09600951626214463
-1.0107762187650513,1.554902623514519,-0.17159854140625802
-0.11539936938023719,0.2007118425147027,0.0018548303412384416
1.1400386807849519,0.1690753936113084,0.2594543115538673
0.33800244441123695,-0.2442401221547174,0.024306101881372878
0.47551446181979573,-1.3723230770678023,0.3036683749765963
2.639046080664255,0.8900776405540598,1.322397491839474
0.6911075733496952,0.8345249537266359,0.03740695581029014
1.111235566995069,-0.8465247323264542,0.3076312083642577
-0.25768431783808654,-0.6757310763870155,0.04413496630537865
-1.195951285522765,-0.0049501556457524735,0.28605990759859246
0.2245470278136828,0.9060616737623586,-0.06429865630718437
-1.1634669029660376,-0.8205369471001974,0.32597623076880766
-3.015915426701576,-0.03561103103856167,1.8191536882002988
0.5939694333597426,-0.5633667686628829,0.08844019126726577
0.3313930189767873,-0.4392007956350927,0.030436333076794088
-1.0728147628713631,-0.04656140309519501,0.23019639743272
1.289448580095345,-1.3493297766080297,0.5782067653980691
-0.08552138303605702,-0.7108431066365108,0.037381535874384496
-0.47662379221319984,1.04274715588912,-0.06794610597743445
-0.9637145312960311,0.3206284003659229,0.18245299717301602
1.153983054878971,-0.8812749326184734,0.3347791998623585
-0.44486605276197344,-0.5033750414783547,0.05233600157110516
-0.5096440218502606,1.0683100461889152,-0.06997736203831025
-0.4749932447724816,-0.29985957783426037,0.04781992689180089
-0.7914280640014374,0.26903716162454344,0.12332435837066784
-1.6931185994050697,-0.403077478365911,0.5798789767112524
-0.7411629243582013,-0.05261908271931592,0.10987906509117852
-0.8876514710992841,-0.21267760928425689,0.15854700520377502
0.694384624385508,0.48061036938685425,0.08533255891452834
-1.3177830439544063,1.14164984643587,0.1985118566875485
0.6825553535850162,0.272499132130132,0.09115289866238029
-0.5229826202491189,-0.6218962266192992,0.07875430654770882
-0.8184180853920467,-0.16145167545107236,0.134382482826099
-0.17729964562219303,-0.27524772911874235,0.008372345786454412
0.032502083215093146,-0.19028319376259759,0.000900248644710586
0.10127151774399819,1.536701899355329,-0.3608337050947489
0.5759612665265121,0.5751152933519331,0.047323900655300594
0.21037695030961862,0.9370246299978182,-0.0734204905385783
-1.5563143701478375,0.38358233549305687,0.47877902939837125
-0.6933152526936944,-0.1655293513895994,0.09659075778639019
1.6246090798682673,0.7271619397147728,0.489421191507449
-0.12066553732810621,0.9198161121858219,-0.07491008215873096
-2.3485817363239256,0.9592458067530046,1.0149019900141427
0.16725726665755197,0.6664590678267405,-0.024006959752916023
1.6999647012314982,-2.377935586131188,1.9225981393597569
1.168898811831805,-1.1791252717462477,0.43720296577020334
0.055337899870542245,1.4555490349999256,-0.3077635087086606
0.21788077924664956,1.2511238512993517,-0.1863453722861464
0.645574756027175,-0.634427325326344,0.10888892805721428
-0.15826108007362297,0.5684872474200613,-0.013362929086520998
-0.4888210072719866,-1.3149208335812408,0.27514121643734507
1.6321222776583764,-0.8796514531226441,0.600830883502992
-0.401225487181291,-2.3187332881912415,1.2788689099906123
1.009359921398319,-0.916859790241236,0.28083564663974675
-1.5775183505339356,-0.13581531264591415,0.49796335145210585
-0.7883232979983409,-0.8193323081732817,0.17929294727818842
-1.1564474875225934,0.8286809393893767,0.21056763552506463
0.4105452859393413,1.3632281445793424,-0.21963160160111464
-0.6332122797679601,-1.4272860745052225,0.3709505041305865
-0.650858403338899,-0.2577556395293172,0.08643580837651377
-0.9250588182785858,-0.4454532574624964,0.17998583028356052
0.14316354562686054,-0.5507169983375257,0.020801812619572865
0.9755120887212344,0.7880842513116998,0.14137868356621144
-0.5997551110634831,0.25018990805697444,0.07037517516772075
0.6070990618638816,1.851672021321417,-0.5611669457646946
-0.018603160737415404,0.07681195242056527,2.3895881919226945e-05
-0.6215596019172807,0.5960748737521898,0.056088414238277456
0.3466104006915761,-0.14495023178860972,0.024332302668253376
1.3374913681560578,1.062720293877608,0.23775572010549928
-2.604996411526023,-0.04305067787580264,1.3572092396568525
0.695247694194697,-1.8624525691063916,0.7427083015791276
1.7658713996710769,0.705190997121528,0.5885916107157638
-0.1733167580815765,-0.6895118972640658,0.038788973317545425
0.7634357092487589,0.609389382707761,0.09393681143014444
0.9769370628362609,-0.08346245378494825,0.19093934473695687
0.5176062611294486,-1.2848841411723304,0.26570827328878005
0.24917095537563727,-0.2583752919895653,0.014142089387976951
1.3044528655430536,0.835605828993132,0.2819743564858336
1.1165435717804442,0.4363828329986773,0.24102387225452804
0.18615566519096313,-0.669326010072659,0.036916411389153005
0.6629840071829539,-0.3037549621619999,0.09071221700552218
-0.904908731330222,1.4024556481700585,-0.1120744928845997
-0.15893869482318215,0.4233654004316061,-0.0025360261259750935
0.13186528753746085,0.23150384568474838,0.0022369683932707872
-0.04385179195324622,-1.1966247107649841,0.17173056846452214
-0.6663555944524396,-1.235770059580027,0.27752381713760665
1.2652981428852716,1.5896932367680376,-0.08153940836876811
0.3506267568891583,-0.4736836796216811,0.0352161602752913
0.7376714841377882,0.6701357439429636,0.07873725936125034
-1.3001514479081582,0.393349229393082,0.3319927159768954
-0.5113636055616431,1.2221555986570871,-0.13025047215302227
-0.6928394241663416,0.5793126970201308,0.07656337398996797
-0.1835165865302751,0.15974377221001654,0.00632803218612541
1.6823772961136187,-0.19373625721536863,0.5668058378752538
2.533323712777457,1.6072651927901063,0.8683407644808108
0.20096155298730065,-0.5783967444616529,0.027426955449306095
0.3764789538867904,0.6740144973945517,-0.0022728976440813675
-0.19333753935497813,-0.015612630654136048,0.007476261389253158
-0.5363731085409307,-0.18147485934459098,0.05813687572815918
0.8903652291550901,-0.23949027384897442,0.1599236588836397
-0.4057706160905982,0.12925213124538612,0.032714028499924205
-1.0374390116762497,-0.9732022353563635,0.3074301228518531
0.6390480526856055,0.19293604059413966,0.08095829151859409
-0.15651588438127956,-0.23962501169289183,0.006275374733879634
0.3313928118573363,0.09142775572863705,0.02188781437354237
0.32106659146014255,-0.393828131179281,0.026725049052880177
0.980989187780832,0.23974667792279214,0.1910899300953097
0.6368153241843176,-0.9771820114667051,0.17441636500065705
0.9332622871580765,-1.1859685279812318,0.3410047047540039
-0.08268327368755289,-1.5106337421974123,0.34609608538830233
-0.07749633494261242,-0.05803196510698039,0.0012206798628755092
0.4104307903570139,-1.024055533699239,0.14108233947329996
0.2752774047550023,-0.27558716931648103,0.017248567281185255
0.5252072469388573,0.07701792760601427,0.055122845252161067
0.39870810128923884,0.4854500579812014,0.020353428559686405
2.1934507085803965,-1.4269577419388457,1.2528035358642144
-0.15928286084006013,0.4402204555430113,-0.0034570045228160635
0.5147088072060018,0.6642974319438496,0.02367017825177948
0.16829810194665284,0.15171173245873304,0.005315663676869876
1.3705298784765025,0.11277032753436582,0.3755270178786829
-0.7288007287688346,-1.0825614573321187,0.23309973306566759
-1.2039041169064675,-0.8843014574894865,0.35902843177325816
1.2292950864942251,-0.4711601625718968,0.312692655848348
0.7795501213121446,-1.0405668934275383,0.234210124192007
0.21573635895744622,0.44827200352879554,0.0003005085106501555
-0.731836617900309,0.3020972425628885,0.10435994472992481
1.2908186921772953,0.5204523856257,0.31914504975781594
0.4552512030925286,-0.12114508327006886,0.04162852569707579
-0.5713278898073026,-0.1193453367031581,0.06545309878985806
-0.4654005850029552,0.8867414180672529,-0.02640585391213307
-0.6325708138998423,-0.7262543073960565,0.11833511040436803
1.413624136535604,0.9434397749614084,0.31569308362387327
-0.16727322522196955,-0.10164314929170233,0.005701077264935285
-1.0161314531707264,0.6203017689275093,0.1826370090911077
-0.5796588591511999,0.022691869466911326,0.0671997101466187
1.1212769248580432,-0.15367670705598252,0.2518153195045516
0.619557647976105,0.5359744469817299,0.06137347251212395
-0.7023893007298988,0.9460626985328642,0.013994258264223694
-1.1608880254040164,-1.3364095238803195,0.5082136615910127
-0.5793286711447387,-0.08950800363021573,0.06719605281460946
0.27984073548641275,-1.0462853065691708,0.13020037413777744
-0.40960178505973943,1.4312174238155122,-0.25961346453351447
-0.5697166922078556,0.05951824251989248,0.06489433800768687
0.02090259824268652,0.038984893899354334,8.145871290322864e-05
-0.5761437360292535,-0.16169134703872984,0.06681104825367333
-1.1037203655802506,-0.24946961995605532,0.245192305536301
-1.4099869275494818,0.04949792965510582,0.3976004999563807
-0.939964472074622,0.7945069623704002,0.12655407992080814
-0.7222521473877197,-1.2342952841593056,0.29237264928014584
0.25152471770623414,0.7426283545821363,-0.028302784814059373
0.07851605836594927,-0.48055419380456205,0.012330504403888672
-0.8372451402853658,0.11057562339303528,0.14006068452000722
1.0947950087973897,2.025964535287338,-0.5918484647604451
-1.2141961682760878,1.0781910271632278,0.16951520312627258
0.9599648893189976,0.4772419930967313,0.1734368579294078
-1.1678003684040228,1.9715278428454182,-0.493565961430888
-0.3340898941312843,1.5250457955787262,-0.33236655299019663
0.8274242236885915,-0.7813697265477177,0.1846318109550953
0.8650170058117177,-0.6183089354194052,0.17328920192175734
-0.8554049436745027,-0.35774024260842213,0.1509218145136
0.07181684249859324,-1.3605253789090497,0.2528687666542319
-1.1259548357408058,-0.22663292532700438,0.25471890139948133
-0.20630936489585003,-1.6737525660551038,0.4774057304920909
0.42158037241025487,0.4791036074734797,0.024548645096956943
-0.5522897496368047,-0.49825569388073265,0.07337442641168423
1.481051975506123,-0.26169114581829883,0.4404951108289624
0.49592591321345436,1.6093441183879542,-0.36762977225176313
0.6826733285329928,-0.7061430751078409,0.12841955476934055
-0.5653767499651815,-1.883508511275148,0.7321244655177297
-0.13180546925064623,-0.39031726607538997,0.009420924976048408
0.3008738767140375,0.09157734727163515,0.018028217414809627
0.867759605462107,1.8728672812522693,-0.5063315466765447
0.7081624702741636,-1.736266216907089,0.6237171684211026
-0.40508292526654005,-0.5137328313230624,0.04637694520451828
-0.8391694235697431,-0.7673234575911033,0.18601994063127247
-1.18438540514404,2.131367549798006,-0.6876684687286633
2.1395435594892263,-0.8643288362148729,0.9801002534977789
1.135556943554454,0.11281355666497936,0.2577543377416764
1.454700477757112,-0.27221325269061675,0.4252477976953421
-0.14722888829559505,0.19936667375606165,0.003542844983953597
2.0274492120593695,-0.7245209194932519,0.8601423788978217
0.5142769626613994,0.6559905857563441,0.02466733263379236
0.23796905802856,1.8709790106508595,-0.6436220339786319
-0.5256505202985604,-1.0266751525764473,0.16347960690765653
-1.4117516345284964,-1.40292532656862,0.6747322242094074
0.6829154268409365,-0.9234149566296135,0.17201384450570117
0.07471930676713287,0.4333039718763828,-0.007018788159613149
-0.0036314677362401333,-1.7743078399886156,0.5585846091006821
-1.3489151487823428,1.644393833994176,-0.08073478797532757
-2.00218931738011,-0.2655462727511242,0.8036249073675988
-1.1098514080427597,-0.26897156844826026,0.2482999233514764
0.8867520000881065,0.23712434066052993,0.1559325203054422
1.9039377977106016,0.5594914460719568,0.7074820288275696
-0.6523781225844679,-1.347126471827477,0.3295891832158047
-0.329414926104244,0.8872786852314771,-0.04814937053115516
-1.5700444150333377,-0.5056160651486648,0.505933846662963
-1.011834593751892,-0.08429443418484044,0.20482174486807175
0.31976477561134226,1.0697060909077658,-0.10195347642599704
-0.7732229896381557,0.2267882996409233,0.11840831960224257
0.10202664844200844,-0.5647782353503769,0.020096870387223815
1.2325096651484575,1.3699893142084567,0.04668673173858651
-0.1876078149840477,0.6860524266294702,-0.025250949245685217
-1.1599896934333118,1.915256609127001,-0.43344072057893407
1.6637112549104769,0.1988886343901774,0.552800290359734
0.606942781355297,-0.018179023666753637,0.0736765087426021
0.2051044614593193,-2.35483671079782,1.3142307925600782
0.31588507987564857,1.908721126295273,-0.6754317224563515
-0.21736815521237807,0.44385700486157037,0.0007053987036401248
0.6914737111225763,-0.09011611780366088,0.09570036116519537
-1.3904564699648654,-0.41483460790226384,0.3938126344824097
-0.02092370341994127,-0.2707047490280891,0.0020713133995748953
-1.183858557329809,0.26036122988872684,0.27853928082775786
-0.07065526462745422,-1.409696571326002,0.281139598262259
0.6420565179137449,0.92686590775556,0.0028220799452013945
-0.17173287800490217,0.13975312533087983,0.005625485342350084
1.7563812184560819,1.0152078636400572,0.512342902355962
-0.030532144885406943,0.14831789273668616,-0.00013983025258027256
-0.6906979214662128,-0.8293440876436722,0.1524559734336821
0.32312485061127155,-0.6189187823236885,0.04459026510757072
0.24196693020810187,1.446485289124213,-0.29094136634919593
0.33901036744156576,-1.5041481236213454,0.3632933395469385
0.055761219671546645,-1.1577915462810515,0.15582165033866896
-0.09064419770591733,-0.9992067277053136,0.10140548116150491
0.946606655831094,1.5595071294946155,-0.2000690466038953
-1.6209903023745134,-1.3214165763341177,0.7562599797927261
0.7572486339224258,-0.4487987891151626,0.12372481977342314
-0.5690465952095408,0.45683473686553405,0.05522875697201461
-0.10117851942714731,0.9744930304774994,-0.0904940127353712
-0.881704764555025,1.1132105524107305,0.017527406124525663
1.2704764809900093,-0.7740628428709373,0.36920187536351157
-2.05791852104942,-0.6257126827130681,0.8715034031316542
-1.2277290566071497,1.2549510812647688,0.10382120335581474
-0.4209426403886754,-0.3795907358051188,0.04090803106237929
0.6860601626752019,-0.5624714419566647,0.1119308502790889
-1.31943213281654,0.24623212512062906,0.3466873188588731
0.5232866792935337,0.4358113067466877,0.04648836043853424
1.0877528240780048,2.13391008622348,-0.7350501353030615
-0.8983176431440161,0.07321882604569352,0.16135566500983892
-2.55857133955266,-0.10083714147501115,1.3093599924233266
0.7535088449474453,0.04778319689187356,0.11354420586128236
-0.1700290025657958,0.2070857855197829,0.004893894838516045
-0.09238895531578355,-1.3752212378991169,0.2617935848751674
1.0749542401848344,-0.7207207332494672,0.2685423243732531
0.7583532124953298,2.115941851123507,-0.832331665055243
-0.5680038692409642,1.7687540300018818,-0.4888273952361944
0.1512023603882849,1.2744603575863571,-0.20243169125661364
-0.8826445205413673,-0.11096595307434792,0.15594890721928598
0.44698123794318484,0.8040968097049495,-0.012032177048671794
-0.07205478860914934,-0.7314432630063058,0.040171269448527884
0.5092503000670647,-1.8382264946541444,0.6730179953734852
-0.6424699104021523,-1.4942007625003006,0.41615414635863707
0.22030764544490983,-1.2225694007124397,0.19244159849681441
0.33246369908334567,-0.1949504699723682,0.022847344871347507
0.5681514354408774,0.8009419419867595,0.013178144832544286
0.08296216515380773,-0.9363637554960978,0.083474772349659
-2.028781498436987,-0.9903953544959042,0.9203370661912935
0.507314628669038,0.2900413623124377,0.049033682772327745
-1.1866632546976938,-1.4468030922059334,0.5844844289469855
1.0212760404621086,-0.0013913889291363698,0.20860095043376028
-0.019103401251918905,-0.932630011882212,0.08119302882266292
-0.0026151980708090774,1.602066052090218,-0.4111874099492015
-0.6499502971121319,0.010139581310713514,0.08448697349706963
1.754051581421699,0.3568457667573922,0.6107953552720373
-0.7776219709454106,1.172070523144347,-0.040073921448128935
1.3896800769500655,0.5734075700622208,0.3673887178714442
1.641922491084025,0.867173512763236,0.4739713209235993
3.166556832560496,0.04196429480953675,2.0054090448462407
1.383955546520584,-0.1675230098859939,0.3835367268344581
-0.07731628611948763,0.050251947204544324,0.0011828717056984836
-0.9118263342090117,-0.42282417367154224,0.17384471524522846
-0.7146202896462683,-0.7236700587827353,0.14003491353563535
-1.461027579556734,1.1373740461218147,0.2797873680471208
1.4048477127624708,-0.04813994582827785,0.3947305754236413
0.3785042902844829,-0.5997745711341717,0.05022876238136821
-1.0635211076633786,-0.44282683028489894,0.23489906865893503
0.7993583923328234,-0.5128681789521053,0.14128493288863592
0.14534221817934895,1.0606710348042905,-0.11510306355647874
1.0841982773113157,-0.26245762600934686,0.23690509415901922
0.41542421218649167,0.01205733542460434,0.0345152799254098
-1.0355489046885953,0.6153818926063893,0.19116810998762268
0.22262884307966094,0.08770465488535105,0.009845256999705619
0.9728353631714518,1.285952077593419,-0.02337266155332038
0.16974670464094613,-1.5553194277784987,0.381997439155693
0.16495964840127367,-0.11991427670649714,0.00561476705998883
-1.182600665340549,0.3101322237524873,0.27672595309583625
-0.5804592392917323,-0.667314404979866,0.09710266437404481
0.11793842139962928,-0.8809446584663353,0.07114879297586488
0.8623823236324698,1.2396653738335865,-0.04176743087003995
-0.5231945508620357,-0.2146447887169519,0.05573542735168699
-0.3141841080758296,2.227858524595997,-1.0860226333318967
2.1998306201678215,-0.16776326797035096,0.9683231130513398
-0.909406722312187,-0.3735515150525016,0.17061668259191093
-0.18080283878253717,-1.3690477343354417,0.26313741368713683
-0.9144062317179671,1.3314133149061897,-0.0687867497687917
0.04513666841066666,1.0179490444301849,-0.10507447828192593
0.8632606469853716,-0.8331230169265516,0.20687035443632878
0.871905047683232,-1.911090932968204,0.8500254142805338
0.45249882988502127,0.34486209530894113,0.03684959797314859
1.307486503049965,-1.2308036666223154,0.5283558896830775
0.03289812939056339,-1.4117653761075588,0.2815927995073346
0.6974357031822074,1.6142937705860063,-0.32339266553534285
-0.9645834314712047,-1.1253957820510112,0.3286173781246041
1.0617195654161373,-1.4722766758470656,0.5445801747634567
-0.5872082951831756,-0.9529700415688557,0.1555068717879437
1.3242376168110355,0.4670067369616427,0.3405358560719472
-1.0129938159505414,1.1304803267755676,0.060757517229827335
0.3450655442904526,-0.6964151004302014,0.05758975994343178
0.3290555234202949,0.4755653505453004,0.010900007269549459
0.3261867109413864,0.4314671913093597,0.013247190969293113
-0.12207396576765846,0.9923702011783309,-0.09474806946288711
1.5960613108578778,-0.9725313697980865,0.6014660376578578
0.42862271281059766,1.5532101680126058,-0.3379625378238791
-1.1254858915130055,-1.1202677981667335,0.3939373003035189
-0.49243646055283746,0.13443617111851652,0.048255765913623246
1.2680964223698614,-0.3365483540702942,0.32542561530604536
-0.8740238462748009,-0.8010549127192234,0.20418634721268808
1.8592805092822315,2.7390482681125743,-1.3635547753413504
-0.34497472297372667,0.6641290363252196,-0.005491053298702513
-1.812845956309213,0.5225183606522642,0.6430160118741433
0.9165034343405657,-0.21117233642476202,0.1689374057891123
-0.8886400144295636,0.6659905671618445,0.1283966406288855
-3.710679450475411,0.14010635264749474,2.753553371007355
0.031883010906639385,0.27243591293263636,-0.0018187502117500177
-1.2895588440851986,-0.7591647492230199,0.376345429221565
0.18955909316696026,-1.6932523578485081,0.492659514136691
0.693483313377129,0.08449174745129548,0.09612350374985613
0.8019507959647371,-0.15794380171072986,0.12901902629915027
-0.22972735632498853,0.013785199763218204,0.010554669686274248
-1.60416293119175,-0.0513890159617306,0.5146813129323847
1.2917926153888242,-2.102203928420228,1.2627644907043991
0.08985805154909325,0.6814421523266859,-0.0300287860649373
0.04351188965636949,0.7275130011241412,-0.03812679959395987
-1.5587379846039444,-1.4892618982811252,0.8162363665243837
-0.7151637168808952,0.8666437559599692,0.03720069450171938
0.13128296486395596,0.49253284211396414,-0.008501241917174775
-0.224822105495847,2.2541199220975283,-1.1352221001414708
0.14532868316294525,-0.28778947658283377,0.006607637762005505
-1.0147422771603796,0.23124260220170442,0.2047038509823642
-1.7331194438109503,-0.1000129495695415,0.6008406401568551
0.3103269012180376,-1.290348162451781,0.2341033171799558
-0.17142644980073335,-0.11168737315343258,0.006016725141766511
1.0740511398289936,0.22564722093826192,0.22956824972307183
1.337039497638722,0.3718868507357769,0.35239173483489267
-0.17122514213907417,2.407339800208523,-1.3892583927619924
-0.37736313225812046,0.6840723635063182,-0.003530921467214638
1.2873986167150293,-0.32778107688673785,0.33500073379168904
0.9073175266910638,1.160558701205703,0.008329773700830989
-0.8969510919139349,-1.0800786187947997,0.28690296454846137
1.8654892189766228,-1.3653838136384757,0.9505548174038572
0.2682877194239492,-0.16982518202699326,0.014885445965008012
-0.1611510616862808,-1.0635231179421285,0.12548705703596746
-1.3266074049097083,0.3382846664533153,0.34810622950271164
-0.36673815491439543,-0.6327909896552945,0.05223787240513011
0.5659978620141615,-0.4003611734870233,0.07048806794656338
0.3719278610433753,-0.8761413480498719,0.09492074974523047
1.4247908743196822,-0.11017744663681557,0.4061395522798605
0.9842642366105028,-1.447262634129705,0.4968943814500272
-0.9748176493257633,1.2861487932283708,-0.022698106348090163
-0.2109555857818512,0.6844266890018299,-0.023160824635578774
-0.3565241377522893,0.9880919395174563,-0.07104806140800551
-0.7339445840193483,-0.4849623392175605,0.11914068556136438
-0.7339870478761469,0.7798298590592633,0.06032324464116613
-0.9459567985570061,3.177524042566319,-3.0292708323176107
-0.9623895817476681,0.3536653172399,0.1808151254507358
-0.1020455761624962,0.49576481746781137,-0.01010238430633088
0.3349306585475008,-1.4059091311968615,0.3003249644734025
1.2142051761371904,-0.6595208897791083,0.3235458772672327
-0.8623249027177581,0.44457432486658033,0.13993399918253094
-0.5536252930911515,-0.30530828393035675,0.06414606766283584
-3.155013691672558,0.07804550693098614,1.9907747406205423
-0.1931528465066344,-0.5097650000903667,0.020708375827895125
0.17479747605954474,0.40137137730237876,-0.0003552205221530134
-0.5663793422789835,-0.32127844068218514,0.06747334268219668
0.023273231400460538,2.152921692678922,-0.9977863370624032
-0.8378975978034213,-1.5276737711425055,0.4969410186877745
-0.7929022493778272,0.4226510217507278,0.1181888159620625
-1.4519850162592185,0.1410656451006016,0.4213713836788723
-1.1266143881006978,-1.2123627413450773,0.43204791055955055
-1.8892297809746994,0.5718801449258959,0.6951346701982092
1.151714878309688,0.8332545566690411,0.20743547206727855
0.8071650026908839,0.49710209469728156,0.11801915396684617
0.0452662685411296,-0.34177045061418315,0.004401926514302811
-0.15439301952760642,-0.1277565231409615,0.004975961633259138
1.4899496110800377,0.5603422271295141,0.42639615230309774
0.519589595224245,-0.19140117629297157,0.0546958564152193
-0.7094933556162761,-0.157822246108211,0.10106926579539224
0.058286895774552656,-1.2849701063251677,0.21284707693333163
0.3351890199535477,-0.35413737406865314,0.02691168877454702
0.2842580643408917,-1.8323095785411077,0.6313325233834428
0.31274305534166497,-0.8471332466165067,0.08035486824115427
-1.6767506024360033,1.5584069073942541,0.18381881425000535
-0.7866111969855416,0.2800861074286306,0.12155420917500298
-2.0061066061029096,-1.0238289610757696,0.9122131302030675
0.3130826834857487,0.1597363199266029,0.01919657506721979
-0.40844979159132483,0.6577532270940302,0.004909256365998635
-1.280311719185967,-0.4845287702415855,0.33921481094990846
2.202103252142473,0.40523259390600336,0.9631972821802622
1.291358961648256,-0.5863120011803141,0.3536767582692888
-0.49024089952278715,-1.102227982217851,0.18197762465258313
0.8354025641731923,-2.0340915108185276,0.9811906027150415
-0.6107061597019144,1.015894661944828,-0.03025218953056022
0.9663444429149816,1.9776477343350933,-0.5867116222274444
0.8150908125104598,0.20068278991581617,0.13206638504484658
-0.4861153894214929,-1.6627155568858423,0.5069398053114911
0.6101248089578802,-1.269230089980481,0.2789164459365039
1.8323388974464678,-1.0404411500096793,0.7841227721021529
1.0443972132894188,-0.32391638913084936,0.2215516977644059
-1.134518080480441,0.7271232497577504,0.21898265105280473
0.4759174123909645,-1.3100170153423147,0.2701173368058488
0.8507434882661539,-0.29381680219184536,0.1472893674592329
0.31020900017480935,-0.39222593677399636,0.025279975066753415
1.211869643829888,-0.38323587959521144,0.29935418210411313
-0.588959331127039,-2.002677318042322,0.8725917031333583
-2.2385809793902465,-0.6721230726856516,1.0326120814080608
1.6465420404584306,-0.21272022828486495,0.5431826950099238
-1.011411088121713,-0.2268126142358781,0.20575729178536395
-0.004192033967665418,0.26853262285844987,-0.001932867925051794
-1.4399806375062707,2.374356232227421,-0.9238505097033891
0.9462934715112775,0.6668451058195513,0.14944083895961768
-0.9486007200249433,-0.05188973097097698,0.1799826367456822
0.2465915966194032,-0.1943549502929199,0.012895636514501749
0.11814234771412417,0.7262548843737089,-0.03551451191742635
1.5940821149569542,1.1266826520688515,0.365196907341503
2.0398664116215306,1.4242745346310586,0.5432886524317126
0.8987746974219312,0.78430483517568,0.1133139284555826
1.1590573968971543,0.6104636294223901,0.24593291556175412
0.3762369437042658,1.7429180670695557,-0.5011464217713689
0.34065099076329014,0.12657185615651756,0.023005845885063436
-0.7551753679036589,-0.4455508134412951,0.12290284272720267
0.6516824898850992,0.2706104837870922,0.08295633203346585
-1.93832945820405,0.9363858456553366,0.6693201789473745
0.9523458612526466,0.4728128466392925,0.17082270270969252
0.18426831148268566,-1.2973271157321213,0.22513859417095078
0.04692125561313702,-0.06174062497962257,0.00046385578396667564
1.2227117354143968,-0.39394636206986205,0.30511859836274957
-1.8086641078551688,-0.2604443947806865,0.6560197987475996
-0.9069822502198477,-0.82782278890038,0.22125327551455604
0.6129532762461729,0.7218073240943431,0.03753576259188065
-0.2862309587054751,1.9188141381161734,-0.6900925091249863
0.6404273817103501,-0.7603591176593968,0.12598930356565902
-0.19516146166778953,2.402570341776731,-1.3792287098571971
-1.1257309458534726,1.1688598443405354,0.09376050407913855
0.4748006795478647,0.12678212445579953,0.04488335118665522
0.2404634003103702,-0.6672142186761815,0.04126722592105363
0.580108722891555,-1.5154017179790582,0.41530849687200083
0.5598603576656705,-1.350624493703245,0.3090678239206266
2.0694500739092074,1.1236228283317775,0.714664164206429
-0.9304052346426125,1.3306973051504782,-0.06250315283558938
-0.5634046781208636,0.5880804971365357,0.04314686850201553
1.4834094526579185,-0.06170695630256771,0.4401242173037324
-0.8204614060856792,0.3549760184618361,0.13015840289597383
0.1422641440628015,-1.8307587485732117,0.6176591253688832
1.1534029734294358,-0.5090232515571004,0.27925671401672847
0.43173865342346257,-0.699447435420207,0.07149849008067918
0.5231829290734143,0.4188639422441641,0.047395233158798705
-0.027982779602041125,0.4990012876502766,-0.012268638897258887
-1.7845196576524693,1.3347934349685402,0.39908547073047734
0.7624527223238571,2.625480783709635,-1.6935162838630307
0.8944607606451732,-0.16376050071287673,0.16045117521567417
0.46702378613144874,-0.05594049453029599,0.043639749039230805
-0.39270077617894467,0.500000112856495,0.018342771458070083
0.25141563089603197,0.997053955769242,-0.08647682403506173
0.7592959743622802,-0.49505125280290585,0.12743858069206315
-0.3384403870387364,0.401798751895855,0.01642165018179128
-0.47248034874443984,-0.957322469027002,0.13238291502851907
-1.058752267981605,-0.2257128373721919,0.22534119604430614
0.4864375652154519,0.24386599549157637,0.04587401468404445
-1.2135261898374938,-0.6208289385726136,0.31845768374533767
-0.4589642870064089,-0.2998095409161316,0.044824504218224565
1.3780900385874246,1.9168631335159163,-0.32449891044094037
-2.0273535745122775,1.2552705299861577,0.6242390107134201
-0.7695859493650696,1.5576292949658728,-0.25946091791768755
0.9406637922258351,0.9398214901577794,0.09395858440433709
-0.2527408681920244,0.07459518707720644,0.012734081232178871
1.2064207460951155,-0.694693771020559,0.32461608549536414
-1.1735204008088795,-0.07075917513465267,0.27546545435741404
-0.9093580019288398,-1.9924667943731502,0.956380555144063
1.1583694805553226,0.4704281894072021,0.2579532687247259
-0.9922558133217215,-1.289103562237995,0.4111360021116425
0.05198153736378598,1.9305872036443545,-0.7190216660752652
-0.25494478324004377,-1.3257071163858953,0.24599230915251497
1.3896265228065763,0.12120267528586931,0.3860343267749036
-1.0984623136976397,0.8319832696562002,0.18373432839658263
0.10257516169841036,-1.1653634540941589,0.16036907812773368
0.8967760170090617,0.8235496284792009,0.10498550984108426
1.3163071315742525,-0.5210135670584811,0.3606760738521933
0.1886101820745768,-1.2150714512491583,0.186507742953439
0.8568406036930536,0.9475344292566453,0.06176348627886789
-0.5922960437842786,-1.629143749975067,0.5025554879435985
2.0111214215931317,0.017108447870848153,0.8089213737156171
0.5657916024031581,-0.8189391411304696,0.11894710775313275
0.8938499754081707,0.8046538310867379,0.10769481210494136
1.9206409214332087,-0.6299870914800575,0.7627754728307844
0.3941896931717607,-0.9928750893264623,0.12895482277499243
0.15474536943855693,2.2011029430803353,-1.0616130504933523
0.8649209801132359,-1.6731930238438484,0.6180405787788916
1.481369913880477,-0.8121928180224538,0.49246824622937957
-1.298265327432428,1.0393460203190055,0.224824241998405
-1.6019143575358388,0.16040713257520156,0.5128131870346329
0.739765513885641,-0.4615896675687199,0.1192854643378066
-0.0936111725169833,-0.3054773054026532,0.004603214080970357
0.1279746167643673,1.8320755376388178,-0.6116607957997187
2.131836138657158,-0.21659419162800186,0.909961173697817
-0.1036982464817721,1.189160129466332,-0.16600868429881727
-0.005799698745866414,0.4960584088759363,-0.01219997766196367
1.3360130072737364,-0.17581907700795488,0.3575296491674591
-0.7519599092541059,0.9943888696215789,0.01476265236990075
0.23114072383961715,0.567673816866987,-0.007608284130759913
-0.1332890711706815,2.1526151592799767,-0.9939152898137703
0.23671373487523628,0.528198379917136,-0.0035297145228769377
0.2959220410472186,-0.41047880411297943,0.024430245176070214
-1.1468159826870834,-0.8452507520546332,0.32342622104084395
-0.4235555300312524,-0.5128513974933375,0.049368698230288416
-0.5783871264701056,-0.9125873462208866,0.14290803732739427
-1.3302079964933724,-0.6502719749683565,0.38138765004045816
0.4303042135221734,-0.5260921116706114,0.05159314770050237
-0.6523342702605874,0.3355826984487334,0.08132881038795815
-1.1769635064295465,1.9194135105734142,-0.43009176862642234
-1.6261252655562048,0.3398412377622665,0.5249317791598966
-0.5130868352373984,2.514310601116223,-1.5368346450438921
-1.2077113770853065,-1.4839921601091879,0.618522964861647
0.35880407266618297,0.5923751469046218,0.004961136067082327
0.9295965356103282,0.6833500524745955,0.14091973130303193
-0.516313981994129,-0.5579586730733642,0.07068627677126915
-0.7676924222166626,1.865139657081165,-0.5309643700123796
-0.47133733628090313,-0.2261549671278158,0.045588470673357855
0.662876385486262,1.2102481917804617,-0.08938411515068978
-0.7617823239261168,0.9975860723084761,0.016784893409249213
0.5370633573423789,-0.19569935612107112,0.058436904011420675
-0.6688434188030543,1.4034056820489857,-0.18693711266120222
-2.437748859601,-0.5369300877216069,1.2040032684244317
1.6220873900457526,0.8173275059295911,0.4716340406144856
0.8302179036858374,0.7189761327287665,0.10068655903175108
-0.2416358081146125,0.00569881228029828,0.011677554244914658
0.13457322805869906,0.24559710751213362,0.002140599601716358
0.16889776863960457,-0.4409472299604532,0.01427882488766723
1.6700220308874931,-0.15087943375458912,0.5581381877789444
-0.33298726464224965,-1.3936703203797483,0.2928710539408347
0.289963396463053,1.4916961064973282,-0.3151100899601005
-0.24464316540028136,0.17189540413140567,0.011462138620262005
-0.5904903196385911,0.4367213891203055,0.06140636985535579
0.4878772679234056,-0.5184598215281622,0.061541076123649535
0.5053381435245102,1.1899075775577614,-0.11740331136308627
-0.4930597895465009,-0.7889793682703931,0.09773464510879878
2.441082657318169,-2.160901752990108,2.200809200597107
-2.8235562877653146,-0.6167322003779571,1.617951962097543
1.5151405943202327,-0.9202541815854541,0.5370635637331191
-1.123909382298208,-0.2927599250888149,0.25514365763109026
-0.7406206291535778,0.5713897952622348,0.0910486893611361
0.6801663913486956,-0.8436508763391514,0.15257184523605585
0.9936586226893257,0.6268536616411969,0.17283955831693473
1.4351321007174906,1.4343457361069365,0.11682604051915962
-1.3709397180948255,-0.15781989763307194,0.3762882260442606
2.1745413497241235,-0.6128450070929575,0.9687431879905175
-0.9403860043354219,-0.047804271228315195,0.17687609189317163
0.4284817316190681,-0.49419070925733816,0.04878866463428286
1.422791463520614,-0.7306293049876599,0.44386950347614945
0.162347640956656,-0.18209882822333562,0.005875190714034882
0.03609439865977647,-1.3516931167996764,0.24722493420952307
0.9727132845905003,-0.5806280089758541,0.20880887411915716
0.12945055298396976,1.4891295594423604,-0.3268640099529174
-1.026701459876764,-0.7374350582912372,0.2509256677528092
1.2511169512225195,-1.9261919234871583,1.0277174046818547
1.262790649457365,-0.7868011168734892,0.36763543989646597
0.7673239284950875,-0.059020439339101886,0.11777776150042396
0.5726035067785781,0.03413008424574893,0.06557097950898498
1.3315814550169935,-0.11221862818780992,0.3547631514176985
1.2020606171309558,-1.0488233978149837,0.4043637201995698
1.4236770686041804,-0.6714034992926784,0.4356369845919494
0.6054986281092313,-1.811351728936285,0.6676293298797819
-1.7558045161463003,0.506405289231023,0.6035833226526544
0.9163960670194722,0.14146544094767943,0.1676732430265519
0.8737274647481406,0.29749584897753706,0.15004698580943435
1.0995781486304539,0.5123190572293195,0.22836754086827218
1.718801796832844,0.4963920259275085,0.5786245734897353
-1.2020789557443634,-0.00851888413962898,0.2889988249914156
-2.794892507560796,-0.24090737923002203,1.5636829646319663
1.1932078135707627,1.9147240771337013,-0.41722109259328116
0.8920068667685066,-0.09844895061605924,0.15923066872376324
0.21218212979429818,-1.3478110173592839,0.25384686454934013
-1.0687660658035067,0.3465542900430797,0.22429006795830458
1.943986493367601,-0.1866009266481388,0.7564664399484247
-0.1940844374511968,1.0359513087075953,-0.1036440345138848
2.3010464199891323,-0.7855996140321975,1.1074475217285766
0.5149356341215101,-0.9943758528225382,0.1513539688240703
1.299338299994757,-1.0021759718424896,0.43831021660572844
-2.487993468246392,-0.7639977352224562,1.2826162774260397
0.7285150786512485,0.9121290439701167,0.030259587143785932
-0.6165549871265106,-0.2787220147353605,0.07819328920065581
-1.2191912713735296,-0.3574412305100371,0.3018522917141482
-0.2283915249237151,-0.8569717638854286,0.0733685958405407
2.96864919495246,-0.11258861597476794,1.7627183280797585
-0.5015754238960217,-0.5988960119158173,0.07179656970579433
-1.7019204680475029,0.8869719133336221,0.5095268747174185
1.26985636726146,-0.3234158907619317,0.32588989900259907
-0.8078504142249048,-0.2505451380711173,0.1320972019958674
0.0033642055311595446,-0.19717840353868704,0.0007688798562431848
1.7811811256321732,0.8928503433599491,0.5633448418231942
1.1812193539503368,0.1863155990678838,0.2784090657287864
0.8048628090695537,2.0751797067991262,-0.7640885043453574
1.2390159482970113,2.0440461293781387,-0.5469958333548566
0.032636157351630765,0.9498850984482371,-0.08549337041404691
-1.1775681521672041,-1.389031905066182,0.5453345044581301
-0.050206051386692964,-1.7642668459464983,0.5496564446429862
-0.39095699072077966,-0.9558282850952383,0.11789468284481101
0.0690155953687343,0.8109616838628341,-0.052380982577953476
-0.02411860113707372,-0.4316400490799635,0.008158362326928454
0.5654601007140942,-1.049982645591009,0.17970578522401476
1.04423089195955,-1.199284218712828,0.3905745980352231
-0.527251322297858,-0.7919009430840777,0.10525946205307399
-0.23900050745233098,1.8040113278974907,-0.5756834576642054
0.36995768594576744,-1.2767887637729922,0.2355145075589641
1.2785137691258333,0.8210357960895611,0.27157348674366416
-0.2992685735123041,-2.169458515626016,1.0389788879486137
-1.965616756850044,0.6584406758432548,0.7441835383865074
1.038367036613882,-2.1006625640112566,1.142618069325611
-1.2836662209000056,-0.7082129164194039,0.36508131236653696
-0.36067245453727576,0.054777337514354624,0.02600048764165169
-0.4490336182605114,-1.1957493503203305,0.21129645421209636
0.6624250540735329,-0.06984627755905087,0.08779546497675551
-1.786893311215174,-1.492742924900516,0.971222676534017
1.412029544183699,0.49518192537635247,0.3866233714344395
-0.3478101153253814,0.4115901084626013,0.017221774693986367
1.281498630191777,0.7028341361194963,0.29372944076185903
-0.2171674223115039,-0.2934189359413905,0.011958518566620672
3.0413176346517883,1.131891327870414,1.704907166680862
0.2577828898234646,1.1890727913025374,-0.1548318971107969
-0.20999960356011305,0.8850064451082774,-0.06049696020292698
-0.5971505938990055,0.19130484721078472,0.0706176375916316
-2.387557661131042,0.8997628049097539,1.067243940262763
1.8359047121642968,1.1941897195100941,0.5038071298468143
-1.356329182012339,-1.631456133139416,0.8021621471841327
0.3366714881368024,-0.13611553579123398,0.022921725414622018
0.9839225847655169,1.1386078848672063,0.04600842588938081
0.8694264338328994,-0.23168387356304862,0.15242408396505694
0.07048280928440513,-0.954927047055918,0.08807199383302847
-0.6074898194981652,-2.269516749716334,1.2427701930659867
0.7294163983534135,1.0652011208511807,-0.014453753876315686
0.01471849054172099,0.11167666958897245,-9.595275948153412e-05
-1.524222795069346,0.769723674552414,0.41904685817309506
-0.9082782174788794,-0.13258485960367244,0.16522693161305413
0.7406047296268781,0.29327499628334747,0.10717660831302409
1.0288034960465986,-0.7773728762040752,0.2586646372635144
-2.4228725008456378,-1.9343576940705836,1.8978485266580138
0.3955850311254814,1.9699930364316438,-0.7332316891848187
-0.17649311148692076,0.9424071629065813,-0.07746816248780312
1.024363146652405,1.3170479112577909,-0.018593161427919558
0.1651491077844321,-1.5708706122753904,0.3930882942875319
-0.16152321273953332,-0.44540388584823765,0.014054077782882042
1.0462665328434777,-0.9882791047470618,0.3154595157685013
1.228349772856549,0.3892159857916045,0.29587243559450915
1.286788994328942,-0.37363367945937676,0.3363811888009211
0.11637614491336667,-1.2153847056424167,0.18224044649819418
0.6278498911890465,0.16088928453203302,0.0784226294379915
1.9288489886897946,-0.2419401495681667,0.7455078817697589
0.00962601391716169,0.2251239870293218,-0.0011224145620746316
-0.6333702981066769,1.3730555368775261,-0.17862803431922877
0.5872133676497813,-0.7490913982796956,0.1109982669643522
-0.8272537602880655,-2.126915794896006,1.0990377131806583
1.0966570948639665,0.9268727018122234,0.16090437124405954
-0.7139963929878366,0.17442552365016148,0.10142749303413989
-0.19010810743650108,-0.4066008376051991,0.013950315995065243
1.3095386449377255,0.3478940054899216,0.33876772305201364
-0.7873989109231464,0.199966462866427,0.1231998113627137
-0.19073579129819906,-0.870746606179999,0.07329600581016546
0.5614567134401458,0.7107691618130821,0.027139181813997645
0.5112481823494331,2.6214661775807437,-1.7492188779855231
-1.315288877603015,0.8010529769277109,0.2945945285198709
1.095719865495347,-1.425225776404154,0.5296220291843907
-0.0297026337080904,0.001348845596956678,0.00017644904443252793
0.28394344257719567,0.10415375304352978,0.016011789680710774
0.866101953550404,0.43677696600673516,0.141693944742013
0.968660818394801,-0.44549142921953166,0.1965020955524921
0.39525080929718553,-0.4739747834442956,0.04189258327397497
1.0363586943817882,0.8117183942826834,0.161324819080488
0.3770564997968148,-1.2749650456696995,0.23568446198518286
-1.17970117881854,0.5962526076343091,0.25714117016819177
-1.2148040445011548,-1.550530344769875,0.6679196501035694
-0.8193922352918228,0.49417148123471133,0.1222127900144819
-0.9364376737322806,0.387343340743909,0.16957160282681452
-0.286333837489547,-0.9095846264478413,0.09165136914167492
-2.2608016091102723,-0.5226671083307182,1.0365230505769742
0.12985225576796663,0.8910469183166745,-0.06737365029086749
0.7729212697683403,0.05402794949255671,0.11946568698918741
0.7961172565518349,-0.8266034065248562,0.18324013201877964
0.04752907607992485,1.340750610104328,-0.24056316257173027
-1.112541168050366,-1.0814245609882205,0.37401991030864834
2.212282351117945,1.2901091820126214,0.7641152286639818
-0.7314716789423226,-0.28930182490705425,0.10943149083532865
-0.46467288078907537,-0.6666789971440095,0.07281545095184731
0.07259365953684391,0.1943565135470978,0.0003197967559701955
-1.5095549161143922,0.6202843417796858,0.43188560361854766
-1.348191221670556,0.11414155988236042,0.36337520703861564
0.05125390065114096,0.7006787142065815,-0.03387447529036583
1.126276479532591,-1.8100424752451858,0.8467155885945505
-0.3823041664363288,-0.5153079569778164,0.042914900657062015
0.476042937821703,1.1386888449321522,-0.10232041884840291
0.5769965083839269,-0.7716260966699885,0.1125281391900882
0.3010354612937415,-0.5870496774579431,0.03835580571946956
-0.8814669603435846,0.8563024281504364,0.09260809534709069
1.093943131086616,-0.5728753455719781,0.25814329088212173
-0.18246661838851366,1.2819054169909039,-0.2039943320416657
-0.9921192442753284,1.5238299294191242,-0.1569819760964378
-1.0830540687449584,-0.08184668057407002,0.23465605126696382
1.0415218266975366,-0.4948761526501159,0.22907317916593078
0.1438747289520955,0.48649023720125517,-0.007373910745850973
-0.657460603194612,-0.5521650127051622,0.10328563826960238
1.0706387507955386,-1.0665138776772776,0.35056428539879986
0.8131908033748462,1.2637298425141423,-0.06956345667492272
0.055491948706043695,-0.17147877969006942,0.0011201041437876695
-1.1887247780390735,2.133738201176452,-0.6888432685948371
-0.08200434448700032,-0.9523285440292777,0.08771444236486879
0.3438144944696263,-0.28742778815285913,0.026016258330551226
-0.9523381714643785,0.07363201202586261,0.1813496776950339
2.6074933766988386,-0.3184758010493045,1.3630345411853122
-0.06775197493156189,1.1925514195820466,-0.16868407919837622
-1.0375629866006606,0.2659857858700283,0.213425582337108
-1.575378519336337,0.9615615610689022,0.4074574527719415
1.1365485792820993,-1.2144956577107306,0.4374866080066474
-0.08364360308248156,1.2813865316067055,-0.20899819604300068
0.013491776391327308,-1.465370647630881,0.3146970764529703
-0.6964625168625074,0.8483807807202783,0.03594980510518543
0.7313805252078164,0.03934216911716948,0.10697740512504544
0.38171876698931584,1.3641428355280447,-0.22470954281299177
-1.0717515398733655,0.9955443809680558,0.13106101143701787
-0.43329799962743254,-0.7573566804428564,0.08099058810396925
-1.306616938251376,1.0177209634756723,0.23603850936249782
0.465624956956711,-0.4840378645642737,0.054701971716780685
-0.01037233059934165,1.0271600227718365,-0.10834979333903755
0.9531705676543899,-0.6933188879548569,0.21503404673944357
0.5951360526700753,0.21283334853062044,0.06987329100648454
0.8471020599160365,-2.3710273394746695,1.4764535694279757
-1.801400300131823,-0.44395218261512187,0.6577586190091601
-0.7208719427762792,0.23165314574690468,0.10268814713214998
-1.1544499167071522,-0.2064525649721513,0.2674308778180172
-1.4634196340216925,0.39845048050307985,0.4219934942346498
-0.8474243730006041,1.5520941673818538,-0.23027329774249836
1.052713156048026,0.3965783575613254,0.2154038357098729
0.8287571407805626,-0.8528774535554307,0.19940598145298644
1.514185568751553,-2.0338277923954173,1.2998354009009798
0.5692903777105384,0.3922110293289757,0.05878494450945417
0.5459036729378889,1.1811704104523715,-0.10519042491974098
-0.32439472184420903,0.6383629588596368,-0.0049673673753940426
-0.31045576272588915,1.2744852208879416,-0.1877396813877606
-0.3567196280406946,-0.7140276921617102,0.06185344837614232
-0.8374351676614555,-0.9093661746798148,0.21545928043100596
-1.334924682946967,-1.0408236379300324,0.46915864757400816
0.12182867480367936,-0.18889240099917837,0.003642419694033854
1.3527333494825033,-0.7429001278234085,0.40697820558307163
-1.0456541562709976,2.0326617743338717,-0.6211591655271979
-1.2421602726892862,-1.4487349262295555,0.612657679305398
1.031928105950273,0.33140110921989674,0.20933545430915923
-0.15009970337772235,-0.8802065593179383,0.07270118331646329
-1.7071721226310086,1.4668655651096614,0.26726266175873703
-0.21643652599893431,-0.6803910603781962,0.04086643305629802
-2.4289004824449174,0.5562398781592087,1.162701293032535
0.24739276229868037,0.5621757259487917,-0.005526452835261505
-0.4356402708480352,2.2033755227364984,-1.0317522938840797
-1.3025246371593355,1.3226859555476917,0.10791042457432515
0.1573859095141373,-1.0044829697865891,0.10630499395355994
-0.5080723691017276,-0.8727864418330891,0.1181125524307946
1.407704128306265,1.6626028816815066,-0.06325854336835596
-0.7001743712280695,-0.09680017328163783,0.09813953443523252
0.4769777262581796,-0.8000716809538175,0.09671531424561257
-0.9873904754977977,-0.8248576628051462,0.2511104942588104
0.3982742922975558,-2.3679493653732093,1.359477308455932
0.7295887569996392,0.6840548767538066,0.0744508975245293
0.8580509406809729,-1.7075069885726726,0.6450876257462392
0.9996401835133715,-0.08462001734821123,0.19991669186290903
-1.2232320669691126,0.09282260796447755,0.2991793616340229
1.8891492364243816,-1.6597019369162718,1.170960208946978
1.733838880199369,0.6630752121012014,0.5720861084005744
-0.030294233451267267,-2.074992046266435,0.8935904619172365
0.28430047739249004,0.9279599531238356,-0.06374217703865784
1.0034706262511714,-1.5364610004971924,0.5641049140781762
-1.663476685071408,1.0410254400231647,0.4406114733921886
-0.18739960683789184,1.248078197625491,-0.18738931689520322
0.46765251266445707,0.7396009308974493,0.0032828982439335047
0.5464496105193587,1.079161397218242,-0.065956548542779
0.5235808799343852,0.5023414515196821,0.04215095505963774
-1.1536205774985853,-0.6302211725145905,0.2911991316233943
0.981343359664135,0.020638364825491837,0.19260607883652744
0.9552406711870556,1.6526699985198499,-0.26889980401810876
0.4710218648560738,-1.5048192938998288,0.3851358055271412
-0.6073787099189807,-0.3008035418705136,0.07650353324611438
-1.0621374190199269,-1.016660215721487,0.33070897535486665
-0.17415165801043353,-0.5272305750022811,0.020721297913584895
0.381679951554734,-0.29003939011193325,0.03157581103128255
-1.1377809338637526,0.815467995948996,0.20468144324931709
-0.487702229385648,1.2836538256567025,-0.16394556692495585
0.49542486040921924,-0.2784332576665565,0.051247714491280245
0.3955218786947568,-1.6919297209558561,0.5156237428086907
-0.9203715695543858,-1.0824746617566954,0.29625588452623675
-2.068570746957914,-1.4962078310303664,1.1907437387716284
-0.3358926442330845,-1.0908225001706784,0.15236105869909183
-1.8575119384203376,-0.4724239800971464,0.7006138873309181
-1.6194320105945614,-0.08437086115670436,0.5245720662976235
0.6438580998358289,0.8910511060188289,0.01216368111748646
0.23056671453599292,-0.7568150213640354,0.053980218493745666
-1.2677092009980948,-0.026903300157946872,0.32141927088644173
-0.32342648557150594,-0.8001320131073827,0.07214628901326517
-0.11801763080365808,-0.13487529349565205,0.003030988532939592
0.35876777859897374,0.18139605194058367,0.02514598865132577
1.05368836272294,-0.5557657556527067,0.23921807989048635
0.35893026054848814,0.6004572213724754,0.00411676884044648
-2.373595193078987,0.46145393031057547,1.116964640598029
0.29875902461586,0.4244257244456467,0.010205904984892135
-0.37986913687667934,-0.6082056345783643,0.0513584958542789
-0.21434870086048163,1.0039841885520895,-0.09201095190544184
-0.10876629636695374,1.2837527877426493,-0.20919916210308032
-0.29741963486252365,0.6778318947432268,-0.013451710518074561
-0.48418788199143925,-1.1668041311569424,0.2057400152573266
0.9690630513731405,-0.11641171427887537,0.18797439702140523
1.0289545223604613,0.24375117020665754,0.2103012431856519
1.411452167596445,-0.481590353130962,0.40960893410131227
0.9030416710909096,-0.03363235589742566,0.16310065622004288
0.8026501956511118,-0.3367222782590917,0.13266728823727245
0.4073171963413819,0.610950931686309,0.010377041615341913
-1.2543992647026239,0.8146260391468448,0.2606436496143095
1.0544808092414946,-2.5611387011106657,1.9023473288587143
-0.3134961894082325,-0.23338441336918733,0.02092717701497436
-0.12893354208759458,-0.18033508026881262,0.003911234702080278
-1.5243502819047186,-0.6186656505121173,0.48840801013894836
-0.5393903954073556,1.3585183466039688,-0.19253595578789134
3.0875392472820815,1.6430113887981592,1.4630510268935684
-0.3705618511226467,0.4001023387130537,0.0210583035863693
0.8108007354842889,-0.8880367062245871,0.2015109574332592
1.1730986266925831,-0.4027623784933195,0.2817655895533749
0.5118756801166824,-0.5459722335012545,0.06867799281400536
-0.5165291193543546,0.18937570712488042,0.05268130512909501
-0.12283642460071269,1.1807334239434513,-0.16159199886775383
0.47978683301867014,-1.1767266458829104,0.20897872509437776
-0.37319643610153447,-2.2950116371588534,1.2366557415389996
-1.2932398379315235,-0.8026531086531534,0.38620494376808157
-1.0324100749272773,0.8297445133968328,0.1560481977271358
1.5975904850760456,0.2524682812772132,0.5088498328924417
0.7497937601251873,0.6484878629398355,0.08516685438376291
0.7345838949372732,1.4527102618418295,-0.19865249520819336
0.974833799885483,0.8209533673799797,0.13473085053358919
0.31554609339848383,-1.404471248177273,0.29695136694430213
-0.9386389677262224,-0.10572695082029097,0.17632680592149513
2.314127762654055,1.3078844170210284,0.8473157679624892
-0.3084483537651217,-0.03125094615055428,0.01903112942309617
0.34008537994500204,0.08700612783402512,0.023065748915014474
0.22913315123841096,0.9150258179827088,-0.06611217212185781
1.350263421855724,-1.351783765494994,0.6116563246690889
-0.12428932194561372,1.0966619093809018,-0.12880237941590714
-1.4301139837778483,1.9057851211329295,-0.28313918077611844
-1.4589990709777,-0.5694137617620322,0.4441978759300276
-0.929609752073156,1.1964993025645692,0.0015427520543602469
0.9301964516213045,-0.062159603655570585,0.17307710505091925
1.3806400912236882,1.368050076089606,0.12519449399091875
-0.11789961705328439,0.21868761253275676,0.001734206356510039
-0.3487666417946194,0.19162805306052247,0.023623950757833346
0.7775450792865223,-1.0391853363756414,0.23313753502480572
0.2040189676593672,-1.1393718048959247,0.15623436206413985
-0.6060530066094313,-0.6779191203639828,0.10461547217217675
-0.9702129944126539,1.2422752354390652,-0.0034511966067433675
0.21255415651590787,-0.6164723524128116,0.03246415582010853
1.135171836931743,-0.025568242772195493,0.25772469135821474
1.1841221266188653,0.9218490836326806,0.20208977852700705
0.8505425828148673,-0.6389807906417265,0.17077389593169967
-0.45801124083190325,1.2306124959613447,-0.14440997265010813
1.2866473919625452,-2.2948910050447164,1.53970232418168
-1.9892102680009187,0.794713742637769,0.7411997675657407
0.26076538128575794,-0.21935314044998216,0.014655152003889027
0.8036952983792295,1.1783751687899828,-0.034440183137675245
-0.8381803145099882,0.9888930165895267,0.043804470446800636
-1.3115751927860901,-0.07906324166095242,0.34409531966854934
1.6159382064587375,0.6938527653807764,0.48884698855348835
-0.2119613781225793,0.7351746135045214,-0.030749318234569452
-0.16145897734536302,-2.27246971879787,1.178744119744504
1.534231116081067,0.5945851519807622,0.44975256526876417
0.65362382314351,-0.9218400875741823,0.1637817906105729
-1.055326699814774,0.46703272762661957,0.21255599095771557
0.27560788862063673,-0.42136385463285886,0.022673151467378385
0.043170998089134244,-0.3706799545605937,0.005466024099983585
1.1790089053426942,1.9776607804826625,-0.4954788464228671
1.5235489438568408,0.8117877136424031,0.4107435240093095
-1.551854716407827,-0.5543958428046856,0.4986902317628504
-0.616203381719915,0.314763445202288,0.07282277038682917
1.6909006699043043,0.6052567216461603,0.5496563006707726
0.14689742394463445,2.6167658918386554,-1.7875051834982656
0.10813753148652495,0.2602653354720135,0.0005757586465321702
-0.5648390812830781,0.07579512445457177,0.06376509400114046
0.60743793642013,0.10092373865907689,0.07369337242687665
-0.5170246709774328,0.4355263790194129,0.04520169718602455
0.1653353240178913,0.7496212291633746,-0.03665646082241812
0.10669621782127706,1.2920202449099005,-0.21340223060917216
-0.5567022617583011,1.2080220988183756,-0.11430528413064978
-1.2992038059143711,0.8032454430228666,0.2857604494855947
-1.4760542173248006,1.6771920341985778,-0.03604240036082368
-0.6579470481290546,-0.2857858042055661,0.08891297705609424
-0.5729041151714123,0.3629747197745346,0.06086160961148131
0.46420801989072247,-2.767637259117726,2.1630570325669427
0.06974956823183556,0.3565076918449608,-0.0035581315372870057
0.15728512719340154,-3.060317432952172,2.8711011093087917
-0.9574053847413974,0.19027670434927252,0.18263611307192149
-0.4867301069924262,0.3871150610098039,0.041580007801654134
-0.666228444731096,-1.867942232964493,0.7405360010797836
-1.1656353541813966,1.2237379658056695,0.08848216017499813
-1.3140281503462572,1.7722535744010326,-0.2113100688716325
1.8793781020281928,0.2829743407384035,0.7041465078281028
0.0994243105095473,-1.0123020208466398,0.1057132330515603
0.984514263895502,-1.602144590099246,0.6051029209933285
0.1274665524944865,-0.5735022854864523,0.022112313949855588
-0.9605371685346512,-0.19130694729559164,0.1852264822521057
1.353380500247585,-0.18841411389765594,0.366996623501716
0.4786345332800326,0.4464694561321629,0.0369185054904408
-0.08691236689840706,-1.486720516302203,0.33012622134059977
-1.173728894593034,-1.0556063555355994,0.39315462415043073
-0.002553211677967234,1.6876563214306621,-0.4806742456905399
0.7710494245499546,1.983328423096421,-0.6612569662095431
1.1111615080125092,-1.3117854627887329,0.4726655425902401
0.18825661663715967,0.42966805060320784,-0.0008441902363299364
-0.25010500510847755,-0.7068905251652096,0.0478334132918858
-0.4077837808274835,-1.462400885742573,0.346008966922312
0.40683295133863495,1.0428985890539482,-0.08032694791995934
-0.932050759713473,0.5337678962328978,0.15853624044196654
-0.025591532677991767,-0.0910391213156381,0.00020643963983420257
-2.1902777623864695,0.997140090460914,0.860318856757034
1.4095478045737448,1.0271256585114081,0.2890045688077928
0.8468139094397548,0.7662905817987885,0.0984220802536934
-0.28188939466137997,-1.2039364137890767,0.1903984413482721
-0.6496738027606542,0.8288624610137909,0.027471283123433353
0.552704015668929,1.2386338418124303,-0.1289365668053557
-0.2584989798661087,1.0803103522392794,-0.11271548514739219
-0.678324333779835,-0.03654744979126808,0.09202966206123116
-0.5394379623429446,0.6464566720024503,0.031182836056947605
-0.4802408981934076,0.37361368207546547,0.04091109590219065
-1.2269045985588192,-0.27861642141640086,0.3032217975601467
0.8442869625688489,-0.6296321794849588,0.16752502420921933
-1.9696077211057763,2.0820969469568054,-0.12674469915274633
-0.03535707669320892,-0.05952396015686275,0.0002711145196903578
-0.2852621267727031,0.23652180277935247,0.0149517326043976
-1.8612412367713804,-0.6630856885602998,0.7219985142625723
0.41563845619818773,-0.02662170271448416,0.03455295197431403
-2.1229595694152983,0.7700963024125858,0.855721035221852
-0.8296384764953502,1.0263750427236764,0.02953695989453496
-0.9986226695811297,-0.34498329507151915,0.20355521327791637
-0.46136537171841396,1.0091920205085847,-0.06021143054707087
-0.5688061603999478,-0.7890768750105809,0.11383935481321211
0.8831481728497652,0.3906730353152476,0.15002747541139944
-0.19870440147502744,0.35253001525918987,0.003515536050270316
-0.2660480802450369,0.9666099878591665,-0.07615742540178293
-0.14326103276423574,1.1625950129383593,-0.15303475533279573
0.1445036598577872,-0.4203315809968443,0.011602622665648255
-0.7896373969203727,0.3862255477052622,0.11894411051917042
0.5465906037039255,0.4849252791441645,0.048349117163163736
0.07417745471197164,0.6212999473381512,-0.022882565503732823
0.28671615045666093,0.5948929015190144,-0.004611884698830664
-0.11892385809298328,-0.9690725143575906,0.09383432567949455
-0.12211451694481691,0.11714520023344915,0.002821632715611279
-0.09438854029452741,-0.3612326000992766,0.006495527071640014
-0.7662783797884077,-0.6825395909711789,0.14923332046621562
0.10697556726315023,1.6292803626832029,-0.4302125974906548
0.8226964991354152,-1.1224290624501696,0.27677479466812593
-0.6083816373283942,0.6136239535154336,0.05092059329124339
-0.10790601688074604,0.5109603618200447,-0.011011436536686478
0.5831968214823715,-0.09095431374351085,0.06809895017603317
-0.30878738103575193,0.8286898099431842,-0.03783842089156545
-0.4352553846646374,-0.8314552137953494,0.09536942661331045
0.08110784288822084,0.6728941630681291,-0.029152046541144772
0.13543549897570756,0.46232252916302247,-0.006213224919070439
1.438383993381465,-0.3532304161094694,0.41819701938311954
0.06097716637271029,0.5190551053949908,-0.01324064638233706
0.8488648475689433,-0.8423472850288636,0.20388296893209926
-0.12253585209861524,0.3357092727703738,-0.0007804605250912628
0.9809856922655494,0.4119164791504772,0.18547738517272605
1.2086138785558378,-0.06175788513187039,0.2921730561695966
1.2445365701273046,0.7559992473687641,0.2665662623234724
-1.3891594688974034,0.4039486905863678,0.3793613916415754
-0.08171375572129426,-0.057846972663345424,0.0013547847467315329
-1.199244301511626,0.4264603498861806,0.2798814115114486
0.002627425855163982,-0.23734262239164905,0.0013383677509182272
-0.08352167126788501,0.9717732060550206,-0.09037356449599322
-1.1216063988503229,1.188286870784518,0.08381102424800224
-1.2727438881316184,-1.9856079257709145,1.1068288928551198
-0.8337886528791356,1.009387788599036,0.036197845046735344
-0.20937451006142938,0.39075280869934004,0.002801220082728864
0.2332453777622969,2.163351708690613,-1.0015875217362182
1.194573088999035,0.09530113460913298,0.28531441758301573
1.7630054905797865,0.296322436271131,0.6190357539545379
-1.080760417847502,1.029843168809388,0.12438582322043235
0.10406269475356718,2.6358525878627255,-1.8291504661022953
-0.34318771023640476,1.0116430389535476,-0.07997817673487574
-0.2820396798555881,-1.237319402454822,0.20533784128518787
-1.5383089351350479,2.293344474566787,-0.7328893399258647
0.37327199895038915,2.238398169661967,-1.0936665236358845
0.19175015189091557,-0.33707826229882215,0.011183566520626482
-0.847257664020147,0.20330648696406958,0.1427287724183092
-0.016965504763785576,0.2904220206618508,-0.002391997413261934
-1.079500978360683,1.2051681218505008,0.05802221459908535
-2.901807180600726,0.8280188799850314,1.627326744243946
-1.0205583303156434,-0.6312829174449851,0.23346562937744283
-0.557322058893152,0.674193749633855,0.0314769607320826
-1.301085711109039,-0.28345596531507733,0.34084229723281917
-0.12193017940411237,0.7357296876501025,-0.03685151986609768
1.739282084009435,-0.17285651337079203,0.6055369179960862
-0.083505046460811,-0.9471665729267663,0.08636725397010274
-0.37950734959214694,-1.768317215608877,0.5817483703029976
-1.4537579031761472,0.07280243935164117,0.42264382149563967
-0.26652099101307025,-0.7301484315008471,0.05313212229947365
-0.2573454067112257,0.12900037053887053,0.013030660921226716
0.9500646737382975,0.25869806887546754,0.17879324802905466
-0.6875159324653776,0.4090067307034625,0.08769350079754712
-0.9410880280557928,-1.6577809104271575,0.6327269095797006
-0.8384771346741874,0.6416607044217659,0.11418978373260641
1.3897986166564928,-1.696100357287629,0.8742347984889397
1.1175137391394343,-1.8654938002121628,0.8989717548457302
-0.6070291919735902,3.038999021928349,-2.7329752340188684
2.9789852618586545,0.6833042131966713,1.742966846775822
-1.063547990165827,-1.0677808503902875,0.34797053387247995
-0.9374749392273215,-1.0971459588775438,0.30783852111536925
0.6255181134417284,-0.782059821073166,0.1260867342948756
-0.5153391358619869,0.5217994317566583,0.038907609382522995
-1.0950678090222135,-0.32838146302861115,0.2433757825910158
-1.3871103582985944,-0.17892314715535046,0.3853878247043785
-0.2565692961515941,-0.12293480808539124,0.01335135171579881
-0.3314151169031917,-0.6802344733175734,0.053442933297752376
-0.32322314934161106,-0.5965673109340281,0.042126027393838056
-1.3388077600964385,0.5760975402691819,0.3393612359986542
0.8771799257890013,0.19162732853374786,0.1531852490951753
-1.086571975571983,-0.168409876311869,0.23660537379840307
0.5016546583698885,-0.09906064200967528,0.05042868756778563
1.5858898265400854,1.1212800422419673,0.36203425213969986
-1.4985822785083476,-0.44478251170435235,0.4579489674696064
-0.696222870584363,0.746153276412566,0.05540356801390057
-0.22576634948817834,-1.511576712183829,0.355568833906976
0.19281049150315724,-1.235264509709439,0.19592152159723786
-0.34490421331600307,-0.5014818208333054,0.03640324952944858
-1.3755657281824882,0.9196946331659189,0.3006449275227039
0.21595314698444154,-0.2902105699410243,0.011771368876596371
-0.45614947473150647,-0.7495694888246375,0.08372936159221557
0.9302899953199265,-0.7743869510309698,0.21952595617457393
-0.7788826719196885,0.428558302638069,0.11346064645029692
-1.3172811614033635,0.9681605045882775,0.2562968819606232
-1.1389252227910605,0.10062223036466716,0.25932825429162965
-0.7840258628198465,-0.09477545925309107,0.12302444170580522
0.1080236093902036,-0.9855289481975908,0.09805502485825981
0.575502063470848,0.6665722722322425,0.03662347952482331
-1.4523382752797651,0.3077447737257746,0.41894273948678884
0.14163756787466034,1.6813729783662306,-0.4713144384494563
-1.5958444424878164,-1.4702031088575436,0.8271278844964324
2.9274266024592204,-0.5761357758341661,1.7330891174919654
0.036199101530833035,0.7210271051468313,-0.03722268837857749
-0.18359360864487895,0.6211924914369296,-0.01722926015369733
-0.7216552010726233,0.9883917446662079,0.007599453392691455
0.7547131399341612,-0.7940992297015177,0.16399377285623
1.3564560464561686,0.5052782471156565,0.3550945389707938
-0.4456595045242707,-0.12614790057609807,0.0399232216426102
-0.0006119984418792346,1.3922781173132628,-0.26988445556648105
-0.048764656469934387,-0.9677092540487687,0.09109781530985006
0.4296460880067946,0.5544424391830047,0.019875235745906307
-0.8789055948852147,-1.640755808461414,0.5961995367718713
0.29382309401164414,0.045968256447919346,0.017256688651819542
-0.2933144537279469,-0.5309411910782805,0.0321738288573487
1.653612401374457,0.18229838841464271,0.5462809679865228
-1.2344417203119629,-0.7679282860624611,0.3500550669737879
-0.12786042953984247,-1.551357348502615,0.3766363237854149
0.35591429470827524,0.1558198299106809,0.024956669302723736
1.0161932457216938,-0.31823476676666745,0.20975261315573832
0.5633948739303183,-1.0347155832956485,0.174263167123889
-0.3055861715431749,-0.8020573041860751,0.07027260072228685
0.15106608724249704,-0.24043724316155324,0.005954161878216397
0.885425711593506,0.29145922474211305,0.1543198363469059
-1.5601673596461583,-2.0265418574280907,1.3190992188469515
0.9123919665462012,0.2776916998195538,0.16435046500079623
-0.6605623036853254,-0.2869960266194646,0.08963240352635775
0.9983855875451412,-0.9906135298483256,0.2965651642843748
1.868243501035805,-0.48134431219905177,0.7092191351678853
-0.5959951517712916,-1.1175475555503356,0.21061395968321017
-0.37355470063290136,-0.9895894528174589,0.1248178597370348
0.15434111994834943,0.2900844078423208,0.0023232060316127705
-0.25473152367668594,3.1651298332322617,-3.157864269284709
1.253998113715279,0.02449458447680708,0.3145007842027803
1.1602112120117634,0.7709993715281541,0.2233867222722994
-1.1001587051544301,0.5486820245887484,0.22555165518816023
-1.2157716266611218,1.2733529996461639,0.08915512649728613
-0.1295499652356899,0.24357718251343044,0.0019114990783340256
-0.6655547376105355,-0.43511452112630056,0.09683041204087225
0.7401926697773301,-0.6708445377726932,0.13976721500255704
1.2935415287783991,0.9610629564362388,0.2458821256148804
-0.2278001752331267,-0.5491095337552612,0.026935404918402794
-1.1646463506123146,-0.297329526467726,0.27390876153771565
-0.6799725133926442,2.933294350452507,-2.4313972201040617
0.2762556529288079,1.3457654960269678,-0.22846610226949962
0.06358417068715322,-0.8339569549633024,0.05880897814591242
-0.20615695159987926,0.5741780971023445,-0.010429393740180627
-0.48236849880366583,-1.144747644752491,0.19654900488967292
0.8003878706596403,0.6886647829013288,0.09546358895548795
-0.08809466217100013,-1.4516851249056795,0.307478762159365
0.4117890401240091,-0.8978224761546204,0.10628618362105266
1.29348384389806,-0.37287921639931687,0.33980456286688326
-1.4814675256126886,-0.6797330114016125,0.4703553837704389
0.21262129503873897,-0.19014540576763778,0.009729038970702767
-0.39366730703887826,0.46220341947258764,0.02112064559043847
-0.5615253250811808,-0.5840285486732205,0.08298272969318835
0.25028723527510083,0.47012027589413197,0.002138467304905625
-0.850379304141513,1.1529297839589767,-0.00862386347184857
-0.8819453889575763,1.8593394611275906,-0.4872347495274515
2.7660089486484125,-0.8637109669611964,1.5945936482495975
1.801493122367397,-1.1219222907583892,0.7902929327437201
0.9792468629150716,-0.9375048132345597,0.2741836137643988
-1.0350349724447494,1.2588847061608828,0.014752600938393229
-0.6162013593408264,-0.5248088237066935,0.09039533341661404
-0.9773096443424154,-0.6492516269638601,0.21839458107282467
-0.35934625736693715,-0.9191356278575061,0.10347547130814175
0.09709944071395184,0.45662280097277663,-0.0076351252318152775
0.5439317563867957,-1.2334639226924575,0.2468356534125032
-1.4335013900374807,-0.13789869283480727,0.4112474758845718
0.9261859167047674,-1.1780377932806718,0.33504897970449676
0.11630705110894896,-0.3978699645305212,0.009003767804721122
0.9300189730549009,-1.1731762117018683,0.33445627711288106
-0.17969846769356024,-0.5736434078040458,0.025335005579248688
0.6346301213433007,-1.1578817560826837,0.23578714598939138
-1.58258173987906,0.05013280009891119,0.5009003928148802
0.5280147040227351,-0.4412221070682915,0.06434948284192757
-0.8402415585399684,0.3926943933746623,0.13514547882237352
-0.7776900009278248,0.11384290287545265,0.12081280475524181
-0.08639449778318928,0.2728520618062044,-0.0005385339369802921
-0.36212800498664205,-1.9798088135399656,0.8022417018910906
-2.746258760074487,-1.9858736813805513,2.2915553029457234
1.2878010750558835,-0.5258102377808453,0.3462237342691411
-0.6945031774805888,-0.14890076685790254,0.0967970671237034
-0.26487337510984776,-1.0091967465671456,0.11681605676900425
-0.3070259419039158,1.116365322273854,-0.12027644633237965
-0.7077482788339551,0.6213325476055417,0.07619472533493536
-0.32427779090117104,-0.656983002479355,0.049388355402456854
0.007970704090977136,-0.8905294550771332,0.07063549569571739
-0.45523215534677636,0.01888141843360655,0.04144658991473364
-1.3726017737922813,0.26703548468753646,0.37490295058231304
-0.7821428849337779,-1.489892587907385,0.45307286397153723
1.1058231144267743,0.8712716124348597,0.17842948480237691
0.01540625223721424,-0.7475137347587208,0.04181680256608618
-0.41787984312503706,0.2087041345516884,0.034015651381695336
1.2079865972781776,-0.6120552409865926,0.3147746242550512
-0.722882265235731,0.5120504523094691,0.09108601295641255
1.6861925111937082,-0.1441510129644108,0.5689485757681145
0.40384980905603984,0.0033614097378278293,0.03261892985683775
-0.26160338018309903,0.17204091624087958,0.013178057678431146
-0.9873848921462284,0.40740018814604806,0.18822396395707094
-0.8686201279310625,0.6139760552294218,0.1277553389486037
-0.9061800561650912,0.4279111908930373,0.1563970631478804
1.111373172900256,1.5226222448731623,-0.10597140181379719
1.8625534672033452,-0.9429667909820273,0.777668405324423
0.8372983414268238,-0.21617123090731738,0.1412238706964251
-0.4018534241581558,0.41426099488604873,0.025188011995605667
0.21695205191521227,0.7236231810873696,-0.02847747884027063
-2.0387166011685967,0.397164062099218,0.8250082381708868
-1.1540369770143521,-0.9636277772056069,0.3558406717805509
-0.4514036766976282,-1.4603839619801584,0.3522122564528991
1.8043560016358662,-0.752496187440896,0.6937502512780291
0.266073424073282,-1.1246523640599904,0.15640987366156953
0.9811072554197371,-1.9913816474928265,0.9822167679051295
0.6034344590501034,1.7975933939614717,-0.5080372758093029
-0.9136238766474102,0.47851235828729033,0.155985025037245
-0.019105999590866597,0.10768525912583277,-5.1865221144893825e-05
-0.8033309494064128,-0.6784465683301817,0.16029632272132852
-1.4974761540183847,-1.0109747064316474,0.5518156437385643
0.13703489330989221,0.5575078642851768,-0.01357246933164867
0.1307121057471971,0.2853126518008908,0.0010945915142356677
0.3719787433946766,0.2977752704919273,0.025033260457402312
0.5231446992567887,-0.5264807014745604,0.06932916891501821
-0.9511312107702778,0.6173933099958757,0.1573966574438482
-1.1740729061257744,-1.2562399492254661,0.473941539638007
-0.3857730084299986,0.6859949271277772,-0.002518006616656729
-0.3243019570458341,-1.0711779328115005,0.14394368201071128
1.0974003413269484,0.7699518473419598,0.19521276620658265
0.056030469457346306,-0.6378214397631519,0.026575491441589844
-0.8317649049762864,-0.1848002065051544,0.13899768476495428
0.3754868172582312,1.5420764164733505,-0.3385076516162456
0.20529395108753942,1.308338219955626,-0.21552552932480154
-0.8963006452690384,0.29866128811627723,0.15800695350926094
1.1681208886761985,1.3985534483099924,-0.0006490240462011521
-1.8946340485768862,0.510512104715018,0.7046225359365862
-0.19193796276902805,0.8629968895757952,-0.056904833427862456
0.7598130411097983,0.8230477995219676,0.05970928142325294
-0.32197340239834243,-0.5363129700975693,0.03615943024100926
0.09320960830736892,0.7264924317214803,-0.03660602889249186
-2.1124231668900677,-1.1061233940722792,1.0278015158763991
-0.14820804383360986,-1.2266939448887995,0.18898333517470506
0.26394006003001136,-2.5478606811244444,1.6679005949463577
-1.0565039735914639,-0.8407603355316117,0.28267162279594826
0.02659814147049416,-1.2492445995946377,0.1951001122289826
-0.4246516623780968,0.08362912085675767,0.03600731808787439
-0.18927104506058853,2.1576112412341244,-0.9972650926649981
0.2514086732648086,0.9392191305197924,-0.07021031482353318
-0.24364208270647433,0.5374732047766244,-0.0036540957679122923
0.4305003195934877,1.1208572522974967,-0.10374954313375734
-0.4297341175142462,1.1947017165758997,-0.13358695018700717
1.3995161427574285,0.8741237926313276,0.3249379516834079
0.308958423645954,-0.3230948492333444,0.0224638577378925
-1.3250967428573204,0.01908000419659398,0.3511755809852264
-0.8793114731457793,0.000662611203973386,0.15463773333206796
0.5914953362864122,-0.861150850492532,0.13383463913929222
1.3861417258002833,0.18577156263025965,0.38363665919603607
-0.5898650986528291,-0.42138374151770247,0.07707043604512384
0.06344116675317274,1.234545993237825,-0.1873526687919426
-0.8125735493960382,1.0091683791736457,0.029279346061879458
1.5170868923313703,-0.04157561276005539,0.46031771425267726
0.2797421404916671,-0.24243220690561187,0.0170759889328957
-0.316597742841538,-0.8724705343513766,0.08645970492147406
1.2568123543955965,0.38420122097585935,0.31024424239496656
-2.6010029725361723,1.9018899863404464,0.665094400679016
0.3271771058900917,-0.27265787624829346,0.02343597356367684
-1.4051103383857502,1.768148717648257,-0.15791814188169356
0.17750525317954108,-2.162777877827845,1.0179643655231099
-0.6472642362048502,1.700846806633242,-0.40824434882932603
-1.1919750577699197,-0.8702458432480128,0.3500670470714864
-0.22542521172199614,-0.2947092562408263,0.012722959601907132
-0.516204494154217,-0.33696433006173016,0.05711947608586589
2.241216655374673,-0.6429323801336904,1.0311868036379295
-0.3473758953193062,0.0014362998185044303,0.024134002233475414
1.9895123333985443,1.6967444094147508,0.3031490600132234
0.9207631251585775,-0.18558974053467944,0.17020018351437005
-0.2959791181491399,-0.19194686860569518,0.018227929047939243
-1.677637958439547,-0.09541629737208153,0.5629806934909416
0.6488391259628199,-0.30493493160307233,0.08703388926712592
0.30984361471555305,0.3846693932898708,0.013508639249254217
-1.6146231722592972,0.9107354718092505,0.44586163670715256
2.1715198920263643,0.9334742340367759,0.8617591969799133
0.29097379334696616,-1.4768083710280828,0.3390195860057665
-0.10619364333064744,0.6781764285765427,-0.028935493973156125
1.230818587073745,1.521764734364713,-0.04942251449026125
0.9569106484646224,-0.11228197248440584,0.18327715442157705
0.4776440510162027,-1.4052958451450197,0.3231545190020559
0.14344303969822778,0.3930423258110361,-0.001956625937405544
0.42941181065647493,0.8416584349461916,-0.02274325044172304
-1.9886813431073986,-1.2720620105709741,0.996808362785584
-0.574367639931227,-0.5240239681819203,0.08036939397659786
-0.3677037945697101,0.22221910510921733,0.025943868597010596
2.776675239319777,-0.5860396721053133,1.5621121697796845
0.535392495003755,-0.15412848590929634,0.05769516605572739
-0.12775601884017843,-0.4582867901867073,0.012889570050313734
0.2648488213066691,1.2781707228310855,-0.19478837840621085
-0.48598444918313677,0.9580255364349924,-0.04069264534406789
0.6319531828461351,-1.141052612098079,0.22843813651664213
-0.37098071097518337,-1.2325916668189463,0.21479079761891634
0.4248560954649277,-1.6910820546709349,0.519709171018181
0.3833750862371854,-0.8521487845701294,0.09127471880236024
-0.15514614163096627,-1.3153221460190323,0.2323743123813104
-0.375076426847935,-0.7948333653969846,0.07835086414690012
-0.8265418915727,-0.6018175312117959,0.15843118829174324
-1.423689706555054,-1.0765350738132717,0.5301411148301796
-0.312954206887377,0.950319084963392,-0.06623585415272168
-0.48807561694070195,-0.4776317304076669,0.05853987310081986
-0.3847008410971931,1.343639223071431,-0.2129771581414223
-0.15590129651585505,0.4842680780932193,-0.006495797656326671
0.20779572355828496,-0.6608068296403783,0.037490977988614976
-0.028121790194979204,-0.28511393356081505,0.002475856902808354
-0.2027527032308982,0.17294276969844807,0.007704473717226169
1.2003649068265094,0.38009083954579287,0.28268404579821643
1.5333055847023285,0.44602036880401563,0.4613323340560511
-0.7580046932416907,1.0711097832454055,-0.007971649742347917
0.19594630527876686,0.28974111385476964,0.005246616778742061
0.22838310629585856,0.9409758190660804,-0.07288557008953087
-0.9917721378226483,1.3501881116871954,-0.049417969724711325
0.5035140751299437,0.433229812224028,0.042574078029863356
-0.46477438155348466,0.043631813958566024,0.043194738807724176
1.5084096251238575,-1.4736650089944412,0.7750940633773322
-0.9937645928325745,0.6334527374232212,0.17209553848862078
0.3648690445398873,0.5506246096902387,0.009931636206283782
-1.097670313971756,-0.49303356778589763,0.2529607870866661
-1.2919485433879676,0.13414982315682467,0.3335847893823723
0.5678561600878899,-0.530459077914294,0.07941854372511789
-0.01021018008737582,-0.7441503975341313,0.04122890813931355
1.1166204278202156,0.3683866170151174,0.24436890909071696
0.766285595537253,-0.1139545959264784,0.1175867002346696
-1.8151147384340511,-1.0074494809619898,0.7611798367954015
1.2088833293660797,-0.8335146888924467,0.3501879418054187
-1.3011484439476424,0.5007201636690964,0.3260433645295852
-0.4296764492703063,0.5192138153544038,0.022927249137089052
-0.9628138322466971,-0.5182143782348252,0.19931854230362134
0.29363621883147506,0.33101338745609254,0.013617536661208915
0.11560624808881892,-0.5627853757359055,0.020497914627074117
-0.08969604694449809,-2.4881725095251803,1.5420372832211964
2.198096637081875,1.5806593729793863,0.5714005414674677
-0.6663427297196798,-1.0295685304041466,0.19793796037904787
-0.5411191624920696,0.6311522293803742,0.03341984257537788
-1.156395980409227,-0.9723228738540444,0.35937488171866366
1.6769625697017374,0.7768482024947428,0.5155584367320936
-1.0345066191282684,-0.3349316217624957,0.217798024849593
-0.10695498438445417,-0.15455457327858657,0.002657060040834525
-0.47656468287220466,1.217160513513414,-0.1348970817545683
-0.29906253318523945,-1.3415838922196153,0.2593522997125047
0.12364689405676534,-0.20017303972500752,0.003859789155759995
-1.4333804665431815,3.5326545310500226,-3.9977126055660492
-0.5433994509269999,-0.02047132773505117,0.05905745055625075
0.6100114628043573,1.7316617139454806,-0.4448423397197241
-1.4909335980613556,0.7422967675620007,0.4036757134976193
0.6314534247407865,-0.7122665319966706,0.1158816485382187
-0.7562883297426386,-0.987773051429363,0.21077098966042812
0.8492791421609238,1.1107117240112128,0.007228668998096183
-0.22848655826223416,-0.7034923367814481,0.04525716047497738
-0.8350390760786619,-0.3477615677895414,0.1436638143211125
-1.125163942385792,-1.260379473467133,0.45341716950946054
1.806374046034046,-0.4770676215268129,0.6634551885489743
0.7743166050726228,-0.03620817248251474,0.1199179879846282
-0.8313394197235238,-0.316374649787461,0.14139173237762223
2.6770443168107727,0.7277974260705473,1.3947626189547255
-0.8086001014760462,0.974384428447944,0.03825632982020395
-1.1331523188316424,0.7624922440194559,0.2124759617711141
1.1881196634377533,0.3477844153200345,0.27811907532844166
-0.3795590738924855,0.2950866634089065,0.026243517385127778
1.1625535848604462,-1.061155337655499,0.38979763337352685
-0.6493986778796952,-0.08368024249226005,0.08440232467698805
0.9102962786441295,-0.6916040574475207,0.19880840353168464
0.20797737474749722,-2.2211103720481993,1.1043982462277495
0.26338041996434386,0.8727436210618863,-0.052601411641807184
0.7038125385653758,1.9384994418764478,-0.6293750420822801
-0.8839008390737457,-0.05560766491970098,0.1562733337341422
-0.6556833404684205,-1.4739722401864637,0.4062184774101353
-0.12072618652981382,1.4588915634749349,-0.30759035259256934
-0.3474782300040598,0.18925623555668739,0.023470347543839722
-0.02453345489162847,0.37641540261670314,-0.005212997378178825
0.5402807171858862,0.27280248143413965,0.05635042203649569
-0.5211697715376016,0.34783815600481016,0.050115044205293946
-0.7232213001067072,-2.7021527817913293,2.0776216984811917
0.9066653091214245,-0.7380188110864975,0.20460619743481256
2.904939923050403,1.6615990598042518,1.2289824067564146
0.7213742271230317,0.05848116765373105,0.1040561542774458
0.7919642655811135,-1.8471889245688828,0.7557220913617535
-0.44804316359296,-1.475378794117821,0.3613005204717933
-0.7938495925502261,-0.21614335221447323,0.1270492125226329
0.7257495555954071,-0.04514311822923247,0.10535168321052177
1.7446973726039006,-1.3291144504078982,0.8435878626177395
-0.027251094822305318,-0.63777860873742,0.02609090621848909
0.7541779501395228,0.13954142186245466,0.11348516371207877
-0.3313185563189308,-2.0987944059239907,0.9464603116924218
-1.067932824217411,1.8033371802691045,-0.3583536533868762
-0.6260282720799695,-0.11858814067089668,0.07854905173543576
-1.3185344465078936,0.870486201305906,0.28174585388531376
0.17984385855282084,0.591039835366148,-0.014177918810479619
-0.5271716979609602,-0.5455291697496224,0.07181706111786271
1.6395547913747504,0.809591445414204,0.4845642580291275
1.388289552554344,-0.0014285461514275287,0.3854695766378378
-0.18158215524678104,-0.15268811308829897,0.006950387694415742
0.37346037925350656,-0.39746409329551263,0.03417357752056019
-0.2650305470642156,-1.2522795442576595,0.21043122435149247
1.331670259508292,0.8305004716529544,0.29738694115522796
2.3516460985317034,-1.261459703150244,1.3067815076924807
0.2352216868580002,0.31533672386495154,0.007930226747506966
-0.8310457338941529,-0.004503236023131408,0.13812741149690724
-0.9313286188398476,1.6204723568453063,-0.25205020518475907
-0.23197457923774814,-2.436848070197982,1.4578185113425832
0.20746779114608416,0.31573682141855497,0.0054610046964293744
-0.1113803160561384,-1.6999784433930083,0.4937624256196808
-0.3166183573848563,2.4116602020243865,-1.3825974422080922
0.04799846414250215,-0.003716663683016699,0.00046077564605424473
0.17979400639504858,-0.24170038434448216,0.007877168254320673
-0.24368842022133536,-0.12872089703123898,0.01209008777673959
-1.2138411927475878,-2.011434886721809,1.1084825558076825
-0.3783070479499652,-0.3359081680920923,0.03241344071917988
-1.4874862533107103,0.5502560867870468,0.42586232005929003
-0.26141173856816013,-0.07446798187220859,0.013708515485070544
-0.441380839455339,-0.4938256525948226,0.05100602787895705
0.5377553102969256,0.8377456068941206,-0.0009583149077368527
-0.04652052373595038,1.0969353564660094,-0.13155779906629936
-1.145230705742474,0.4621778615626811,0.2524381676449286
-0.9839470763155035,1.6589769732526185,-0.26295403554213637
1.3479184112499076,1.9850186425886962,-0.41877989082788303
-1.0744195179676437,1.1380429231474916,0.08348277607957666
0.4410184910061815,0.17995591310391473,0.03831669030155506
-0.06836006296359752,-0.4907636184755018,0.012754608842632291
-0.06714810639168917,-0.36773105743933643,0.00587445843849521
0.6105278217467924,1.164275034915986,-0.0832728697039192
-0.5188212626586498,0.13730078156204278,0.05357626788558216
0.33123272390887337,-1.5686359842151156,0.40792455078528744
-0.3232427500926921,-0.18606853257231937,0.021541372245467708
0.5622873575313911,0.05943483784705864,0.06321241913175515
-0.26233016906902606,0.4744703489229971,0.003082046817327178
-0.9032762016967674,0.2981464921791336,0.16053131546407043
0.10450183389306227,1.517364692264346,-0.34717325386484893
0.006321809770594927,-1.2610050122716245,0.2005246422007695
-0.32222101650728235,0.4537604413509074,0.011422415542034194
-1.3387253008169095,-1.5232157476712997,0.7118515040718987
0.6231144891989125,-0.10793831404566208,0.07778008880169654
-1.4637097166572268,-0.5121357351723137,0.4419216772058413
-0.17407112658768942,-0.8267656264387574,0.06257300488677664
-0.5120160356220331,1.7582915664206986,-0.4911594432954737
0.8257863490611986,0.7261295394228382,0.09809841446791318
0.5289043784501192,0.15866734394458198,0.05554851809725922
1.1357200829268042,0.4637248259783001,0.2480000495742625
-1.870016471144953,-0.2454730230487711,0.7008714673895033
-0.10617666444899883,-0.31665465698504874,0.005429798500112592
-1.4210693541711843,1.6550931216401081,-0.04949753868273776
0.5117321237853646,-1.7631294889939078,0.6004648989742823
2.1960119785178813,0.6986883994930838,0.9303861661968178
-0.6740441605133837,0.6708573944929374,0.060675192924856694
0.7754350277625986,-2.884800730668752,2.5210127742790767
-2.4540294653790866,-0.9985017931869001,1.3040033343966289
-0.3175828100678063,-1.251326057911521,0.2161065175404106
0.87734693976228,-1.3532689762762473,0.40177667472776846
-0.5973432712232903,0.4230136067278224,0.06379436962019262
-0.32013586732553934,0.47694188091642786,0.009648228059397353
-0.2795613865275401,-0.11485031663567073,0.01578240817133307
0.7200373772747194,0.759181326616088,0.05993487190181225
-0.3585499726203661,0.4289615579443949,0.017818379957333635
-0.4652824322632263,1.4386095015926925,-0.2544366853932491
-0.7563234039503968,-1.320505019356682,0.34466590300127015
0.25328727811420176,-1.4761172038021853,0.33446531395085066
0.6286364216463475,0.1729760632005785,0.07851919331567005
-0.5288713101707798,1.1790619475148159,-0.10797069558862683
0.45971857712557057,-0.4486784489946681,0.051300685353592494
0.11806321635116715,1.4556920395697721,-0.30567908149120704
0.7933713009702553,-0.9383432546114489,0.20850760775339527
2.0120929145929978,0.006211482801997726,0.809703555425604
0.5159645978556756,1.216176794339831,-0.12663911315816173
0.27462322082332336,-1.0469564574428023,0.1298423460556612
-0.29969637986698916,-0.2946463486080988,0.020521599631572247
-0.7677684561748045,1.3984878076452258,-0.15561811051498883
-1.1819097533212894,0.0048242378720827475,0.27938212177161875
-0.15644259221773504,-1.0833746465004244,0.13205060686795442
-0.5307418168293545,1.2803397005793014,-0.1535448387186431
0.6732562184603792,-1.28544615242228,0.3030582857925783
-0.22101766021217342,-0.45420277410661897,0.019139971722475946
1.1606733564227893,1.3159318184795774,0.041555700799235706
0.24237201007878317,2.2198498756186824,-1.0821340148553318
-0.6037714230634273,-0.38331269130781326,0.07853994671168578
-0.48887307154661663,0.05175633085768894,0.047785511956295136
-2.5448498227242937,1.6361525826185577,0.8572548509866085
1.314711427428831,2.0076358972174573,-0.4635048778569169
-0.35828113214317014,-0.6220829127730446,0.04974688330038824
-1.7378082678014,-0.846615804326433,0.664677407298681
0.08899781937857082,0.7359223216910553,-0.03827208115264182
-1.224108086048937,1.5858505772514602,-0.09914093774165383
-1.1493072884950122,-1.4145857765852907,0.5472475484636397
-0.48459939781687206,-0.07585351180959415,0.04701095952710474
-1.18256593125614,0.09856823355125541,0.27959667044773745
0.540693456336231,-1.6654802012432062,0.5204448282047917
-0.6907539296315351,0.21570399611158936,0.09442456609243444
-1.244196769461856,0.38480497050427936,0.30390712580949036
0.14134753274024936,0.4918961871984375,-0.00790618658563735
-1.1075760396565304,0.1675567468871406,0.24487451674345936
-0.6622894845283397,0.2128085091447137,0.08676171654551604
0.8447467578215986,0.39356458762609586,0.1366233736720367
1.9313811575351463,0.5456508873404373,0.7298007043976142
-1.9962486005845328,0.6620689375756205,0.7679808778796168
-1.6434678415179627,0.005014969587987794,0.5401972966081339
-0.9515261867695424,0.5201754502584286,0.16700537949401767
0.5707879366835559,-1.7298662964870972,0.5828114346372958
-0.8119807956827775,-0.5292430474562823,0.14668656518066392
0.3997142725447533,0.013093415677109303,0.03195407546490661
-1.204662296479389,0.16133025072664048,0.2898223482116059
-0.025793510169618075,1.5643752624006804,-0.382711797802708
-1.1367847730479548,0.017706648016632274,0.2584553688983762
-1.9616345394428651,0.6188666963753706,0.7458996670924539
-1.072364734508454,1.5467061448915984,-0.14002527060236614
0.2671302991978965,-1.0968315614178388,0.1462248858347967
-0.22850581718361238,0.18257685731508688,0.009834374362708696
0.42641302102400536,-0.5498769121029691,0.052991945172775744
-0.18710188337908135,0.7714167971054443,-0.03890434672228396
-1.6993350883900535,0.2503965622310125,0.5759780011840381
-0.23144815125966772,1.2820537873669513,-0.20001264881693523
0.04801535251767051,0.7023498784188521,-0.034185498214680615
1.1619870895494613,0.6717845165351586,0.23972553776150446
0.8611075050796873,-0.6874227185170716,0.18078538720740517
0.1419141602718157,-1.5860447974444385,0.40300353732574584
-0.5791745991141791,-0.6500240383061892,0.09455419021980371
0.9743359037613016,-0.517114744256468,0.2036941349771762
-1.6378082119246493,-0.8673288933283116,0.6017287798974713
-1.1142011388487028,-1.0952131604930908,0.37965876341757077
-1.3730857333042998,0.27852520363668737,0.374912191029956
-0.32612386245660013,-0.5020713330461014,0.033927349162957074
0.8090968414234659,-0.02702728284271874,0.13092951403307485
-1.160726930563825,0.08219308105934241,0.26940187426629575
2.1239064198385393,0.7288861996422326,0.8634717877669205
-0.9736167084389169,-2.3418958569748667,1.4739931091872989
1.7332318499180188,0.6893175072317734,0.5680650131680732
-0.6854841880555356,0.5054307527589624,0.08106596797961972
0.5110212948999574,0.8141016742382967,-0.0017269748393931028
-1.2027970071187812,0.7291338974640788,0.25058072766490747
-0.17423208831406406,-0.5077343538325125,0.019160459958557283
-0.7382565493942852,-0.4998921346577123,0.12149645838915406
1.1596903841397581,-1.3715661000798947,0.526994489816491
-1.1295406066572138,0.7600196616314417,0.21127138936187215
0.6988689983414819,-0.0390947545973787,0.09768955061022078
1.7598624019377045,1.1099029171978259,0.4826959163285
-0.16615475749120676,-1.1194589047615364,0.14581075408685448
-0.5001268458273533,0.17356248993063284,0.049502533816409934
0.46827702691855005,-0.7740335496651227,0.09023118708905367
-2.681434549835708,0.2407715507867585,1.436622473706076
-0.10215174254329668,-0.12579707579145846,0.002286068369207607
0.3096693166982686,0.16775326378253486,0.01870694003898758
-0.1286173476950488,0.7756684585424711,-0.04336050486743024
-1.2984231269438176,0.5676185460785317,0.31889237518464175
0.11895498576068265,-0.9865393909607588,0.09884598752432741
0.644339053009731,-0.930570786431205,0.16361845591800112
0.7495450756249469,1.1209921373363807,-0.028502927878427106
-0.5355337936139666,-1.8290408728428114,0.6692448874900403
-0.30133467963992305,-0.7457372611971789,0.05963276137393769
-0.507976272606526,1.0124016017869706,-0.05215883248420879
-1.404218071416448,1.2881983737511062,0.1805949487288097
-0.8664098223945272,0.13687441926032784,0.14987676722784374
-1.103735732696649,0.5387878593545746,0.22800591374388057
-0.23163966636869465,1.239084352959929,-0.17950895513784199
0.028149869159218167,-1.3385338717266158,0.23997997284519043
2.3364531928074985,-0.5592111914079223,1.109290197807438
0.757793380803508,-1.0116580464188092,0.21838850698201867
0.4277917453452304,1.1749122539985173,-0.12558594143986432
-0.6212800470475217,-0.9966079657694236,0.17618361696872828
1.6698954083373898,0.40947869793136676,0.5508442908087784
1.5119099109455154,0.4144648629849717,0.45005459181683677
-0.15661591234535657,1.1847945647867064,-0.16140842552385248
-0.6078094792431141,2.276277470803896,-1.1055528418390963
-0.23344627018971453,0.31505598755250436,0.007772177807390847
-0.22334093093279053,-0.34033959599606567,0.013918423242240003
-1.628718498229417,0.0008932415347891554,0.5305447892236675
-0.25274977674954774,0.4341028362996304,0.004596027202159889
-0.45797629813713525,0.10539883575914602,0.04183137126475736
0.8242857091428557,-0.010806466507336906,0.13588951225703963
0.15010139017698135,0.7106250596739637,-0.031379625551316064
-0.3553147476237231,-0.16074668816753415,0.02566507534461431
1.0638495096425111,1.0591389725608389,0.10754355527124476
0.5663316919357301,-0.1673629083004999,0.06461510630610669
-0.027743846930759347,0.10988629011037868,2.1256548861845663e-05
-0.6718504370383948,1.0033066357849116,-0.010718672553224035
-0.998555269830282,-0.1870355294284309,0.20007681848056205
0.5948458170601094,0.6055793244164501,0.04856012161503391
0.2997306481664193,-0.9881984634304573,0.11446884983141628
-0.2628275824450127,-0.48889866248969344,0.025501416447138308
0.27845861463421956,0.03717156565254304,0.01550270392355728
-1.3762029719116482,0.2720484257022368,0.376773484170177
1.1090673289447999,0.6349767738509382,0.22040409003297246
0.37330882755981154,0.36393126260549663,0.023051773459843966
1.3692712767697757,-0.6345988608784442,0.400537059228054
-1.0405636704242578,-0.09069553705841468,0.21662915369189933
0.20252171973226615,-0.6657248829766016,0.03770724517138886
-0.6496812532558713,1.6519590891933311,-0.3663973405092151
1.1759538723535028,-0.27953292294598453,0.27875773464366127
2.4140665501785135,0.2186512484284412,1.1644981257936995
-0.05054093560956965,0.08386393879748702,0.00045189438254469703
0.3343996174494745,0.2783273766092541,0.020208526395969373
1.3561580401124127,-1.737989155084876,0.8928110256252911
-1.0839629596065141,-0.12504915375242015,0.23519068255861245
0.03674704571122119,-2.207607582036099,1.076154519920157
-0.4425450716681314,-0.551867416007772,0.05597677214048899
0.027748635456004846,-0.37903408918330106,0.005599460367379209
-1.1893476081731567,-0.9590206471607223,0.3711126512765167
-1.485052760673457,-1.1909222401356656,0.6099843393901367
-1.3254828143072825,0.3254652543477767,0.3479333618425679
0.18342988467112673,0.4688907369482923,-0.0035796579784769
0.07704154297098166,-0.9236051825859368,0.07997489978291783
0.7457382692965981,0.5725818770596756,0.09245301607934339
0.4918974504476762,1.7133815156184087,-0.454600716435557
0.8333796137694037,-0.24098223144575404,0.14030375864749448
0.3604490918067223,0.00996479323779444,0.025984610609346863
0.13660534139339767,-1.4851904041401274,0.331334097702145
0.5420224554040657,0.4333856421062271,0.05061768431215244
-0.28407667033256356,-0.1493578462943938,0.016473094917716594
0.28275038754949555,0.3918949230784996,0.009970770195573284
0.09607744120467089,-2.263389601591461,1.1613653873751875
3.3446490380868923,1.090951652770088,2.107493043766828
-1.2184602857012483,-0.2674428169813038,0.29884199597540967
0.9654847480369905,-1.6263377805947827,0.6165943680005048
0.7700009098318287,-0.9525048849600493,0.20499776762084831
0.37483412033315455,1.2367384980123797,-0.16106176445159603
0.09191018320062369,2.7196217656147845,-2.009835921594701
-0.4163538259605236,0.2579544275814962,0.03295366036239443
-1.3604864120995195,0.7220672490082899,0.33253743297228494
-0.23983089139759867,0.09868676525674107,0.011407659486856963
-0.08308370745406418,-0.5580213247790486,0.018756683695539098
-1.0521867812474657,-1.2984245475565654,0.4403216177461805
0.5155398526324629,0.2256062997877269,0.05200797241718498
-1.474740492593014,1.7029630065463714,-0.05890150267632599
1.0366111138977057,1.0358837811153252,0.10375647167269668
2.092833633035646,1.4849822626525822,0.5485263449254643
-0.4367643953207535,-0.2772131700961148,0.040282931379628614
-0.01896832791268556,-1.0165724577603574,0.10512654588424726
1.9579963506305715,-1.3131259595064193,0.9931722228515614
-2.0879004906863208,-0.9469829258369682,0.9567889105055358
-0.722651180730852,0.15867704801751165,0.10404542229541422
-1.298793780996931,-1.1442613273516118,0.48719508150470636
-0.7026027075230031,-1.0750384750884647,0.22297313973337599
1.164334306890561,0.6589861758109992,0.24251755877746983
1.0111045303708097,0.44393565724906187,0.19571744059761986
-0.48918812771723474,-0.9693940717789545,0.13895737631905927
1.1123868830314383,0.18667772025367443,0.2468303703247783
-1.5246717027069712,0.19970420013370785,0.464128304558205
-0.6278857956752536,0.4031640147675015,0.07229503728708347
1.3009417489092232,1.5702714997617684,-0.0487002138382473
2.1293872378082455,-1.3750749085283989,1.1668614287037753
1.262669317314004,-1.2584500148435356,0.5181670418021515
0.9307300852214315,-2.0483597716164264,1.0326979344961171
-0.036306745508491015,0.22246862536551573,-0.0008374122021702573
1.2260712521377222,1.2059035892112766,0.1252872250974288
-0.16304249587064318,1.193659254757704,-0.1647586752884663
1.4308039005244713,-0.7835078895760945,0.4575383041108877
0.11795475957735695,0.5386554223930993,-0.012846403924481647
0.6928348788784267,-0.5948675722140229,0.11705445968416109
-1.5610999010360982,0.921542533548776,0.4091454430001552
-0.22422022649805531,0.33257092117781906,0.006376593946068704
0.6010279157134057,-0.7930846099074492,0.12213060055321479
-1.3857052961319265,-1.1446055339757402,0.5339931030434226
0.24871639439307955,-0.04977967318870958,0.012384304449959315
0.49919371480310243,0.3573241351399165,0.04527653921423421
-0.3538755382627786,0.24912581327290712,0.023499413068910277
-0.7456921999230899,0.5552582711155837,0.09409210660918058
-0.4780962821622261,0.921067607018387,-0.032424990472914264
-2.218645073790884,-1.2103766464860986,1.1617987786288586
-0.8952987537793321,-0.7506304438301353,0.20260594855352815
1.8825539798611475,-0.5603796276420966,0.7263992370039294
-1.218537797921273,-0.5751283964945176,0.315990548663853
-0.22374546922454205,1.7551165667580428,-0.5306396962131201
-1.6707797745731867,1.3372190562728787,0.31918554301567403
2.088692654701356,-0.4070300062077121,0.879270806720108
-0.6313528593098826,0.925339127056662,0.0004888924970086889
-0.06626012144884479,-0.3316442771163704,0.004525767377905788
0.5266781158264912,1.1636964532209513,-0.10210857673958468
-0.324885510131861,0.8575758343710514,-0.04195912192432201
2.732815244170889,-0.06606374198934753,1.4936846647330648
0.6380536537612417,0.513759091899142,0.06786190375473539
-0.11570527291761575,1.008630425685252,-0.09993399522671652
-1.9490406490690797,-0.5531145079451495,0.7766736354882259
0.34767415431090765,0.7195810773836081,-0.01308422353935608
-0.8298736458570667,0.07852868620950836,0.13768962690426007
0.8629777174755034,0.38611818773120066,0.14318957810438773
-0.32154010065092653,0.6839213544132162,-0.011312705960922997
-1.0895287745303754,-0.05629634596231336,0.23743243198620784
0.7524993680091837,-0.3904884888195432,0.11920527744603156
0.05379167298110099,-0.34715601004237545,0.004762539154462352
-0.28352841183633104,0.6672082284441895,-0.01362422447666144
-0.5615723497940444,0.1400653774747964,0.06279791621154417
-0.36972988027676157,0.4502728131056665,0.018210953428050246
-0.7971188169260889,0.29306214050253665,0.12456270521008408
0.6005013809167026,0.2684818552423592,0.0701850971864755
-1.5461697769973908,1.46867030172633,0.16133711986401084
-0.13672221875012314,-0.31142067405968743,0.006758839043143739
-0.9294380468129789,-1.964766784889356,0.9312316123292428
0.7484098135514936,-0.19031482713898046,0.11271276503469116
0.010474842178126699,-1.6945668354425498,0.48662642958543834
0.9388162864215837,1.045546186747537,0.06197956301558656
-1.2461551078558823,-0.08257710212406277,0.3106368197096388
-2.187013852039615,-0.6086952683792245,0.9791586819150986
0.6061016663113584,1.5482463406996172,-0.2976531335630995
-0.3659400146630647,0.9122839187885731,-0.049143500315495504
-1.5521487136477354,-0.5494804105261651,0.4984235176424675
0.2778030284824347,0.1725303778037719,0.014921337987687171
0.9415402253706993,0.04926478590352343,0.17728764254043852
-0.6728572829643906,2.2411160142058537,-1.035075766322881
-0.05651810397140399,1.8215227546828145,-0.6037323989760716
-1.2261069283002461,-0.1550305883560807,0.30104024793426
-0.8461584433611842,1.4715899271346604,-0.17548729500113197
0.0646550224013466,-0.5548683210676365,0.01791927665017334
-0.20116978965897991,0.7746826755520863,-0.038397426155100826
-0.32852228823776575,1.3270072264350288,-0.2120937171186965
-0.7358378546832546,0.6059930953879993,0.08603772875493167
0.7524890831794881,0.8616838019020007,0.04926803013873374
0.3481840975733187,0.02629361548939388,0.024244615340398318
2.2183600219851107,0.3595729753962955,0.9795752204589337
-0.5879950568866904,-0.06369778652407114,0.06917348217555035
-0.6811565907315447,-1.4262584379959173,0.3829262246326327
-0.04067366581119313,-0.5009371376392189,0.01290128655739072
-0.9221791877521561,1.0633825339956577,0.04983746402672873
-1.2282704807459062,-0.49827635146496,0.3141008462667789
-1.0505912156798112,1.8687016088621946,-0.4318107618422262
-0.5623965357857116,0.13816607302898345,0.06299421554204422
-0.366223377917546,-1.154298071799072,0.180623053763269
-0.728018151750733,-1.1555306938157968,0.2602944586027908
0.535305486611749,-0.4605734833094128,0.06708044292453935
0.7699815947097244,-0.1479916887774935,0.11889845582670765
0.5261083499770735,-1.6685354438507334,0.5198800232828585
0.1132912663016605,0.4802740745475843,-0.008511172647568538
-0.8197823183295558,0.3207496205191798,0.13110872755931494
-0.5422592646748624,-1.8146987749715917,0.6564132180226827
-1.580045970020068,-0.9871048418654423,0.5954901771386885
0.9297776081431954,-1.127681097769441,0.3163004999037521
1.0940997814503095,1.2246997669740622,0.055719431885591475
1.3684475140441106,0.35551314173577336,0.3700364035760263
-1.1847221762557723,-0.4425247065073061,0.2893792049325401
1.7995349331141717,-0.5825292759354525,0.6674327643642847
0.17545587438600868,-0.13605532707571255,0.006408805495098702
0.36139783738014825,1.8527374019932485,-0.6098556089953633
1.4406865113712053,0.05729313568891861,0.4150967183181341
0.26016122469125535,0.6165874890433561,-0.009904658708932645
-0.5461373419697562,-0.4230629913649489,0.0672252777568928
0.24746184255902287,-0.2160552665604116,0.013256016057475622
-0.6176297198554999,-1.81299396318074,0.6722148210382481
-0.38259897877429794,0.8991488642351313,-0.04341697383231513
1.0024162702789856,1.235984949519825,0.012151347867522755
-1.4412228052575733,-0.8657791926286581,0.4803211584007122
-1.6871475673459702,1.8424159035224366,-0.05611402529703324
0.5802400117424161,1.191461374091038,-0.1018018040361025
0.18095480268829123,-1.370281595687549,0.2638428187999228
0.004998297434605686,1.8848384005184138,-0.6696056708764302
0.595418971443948,1.2228911031380507,-0.11197404668136253
-0.7754719431584359,-0.04580000493459218,0.1202809541194894
0.9199769569687619,0.8041077537403448,0.11727877494748842
-0.8345619939532753,-0.48135498137991356,0.15045186529233787
-0.7936569614924839,1.4072615500732983,-0.15271370187421218
1.039390057475006,-1.1057589008524724,0.35126778285426574
-0.07492542018855736,-0.8112701141398875,0.05451725249428655
-0.09133938469287568,0.4569412191048607,-0.007872140235121425
-0.8619758946468574,-1.7026087730658472,0.6421657675194151
1.0895209683923404,-0.13023391514536847,0.23763207619831905
0.990425584655186,1.1867334584745253,0.029056586774883597
-0.8915265224563804,-2.595813412106438,1.9080871719266286
0.2854282160600564,-0.1538147755030313,0.016657763453793627
0.21186147542751163,0.7569080268736852,-0.034386942734490916
-0.14499953888243752,1.416481468940833,-0.28000066648640887
-1.6109664005126465,-0.4365600631318764,0.5273627150901663
1.0300952313214304,-0.48308036142874206,0.22349272098524542
0.5591676622490136,-1.6651925000286243,0.5242692719288771
-1.6857186208980044,0.7699689167048286,0.5226816823309836
-1.0024493175602587,-0.5365789961865282,0.2164299493673799
1.7425570851400345,0.6979265855418976,0.5733049290110803
0.6656457891153336,0.8048793234127822,0.036474307730274755
-1.5144364345918877,-1.770900866040231,1.0140739708603799
-0.5251989952839663,-0.5283563849882998,0.0699164185821826
-0.19062083031364752,-0.9724366325583652,0.09922407762767814
-0.5081232231968718,-0.3379449890996196,0.05549740409764463
-0.5254782753408407,0.8544321262011573,-0.007152697643797674
-0.7027411210241031,-1.0551887842303198,0.21625620188659817
-0.3614363068525397,-0.5479880779370956,0.042582825932654035
0.8087824805308035,-1.36025545939377,0.38251319609867085
-1.2613795097325757,0.6658170537826377,0.28869916129579765
1.313432780777633,0.6804188630245788,0.3135197934471032
0.42520867820234526,-1.5771578539705484,0.42846697057789424
-0.12577450593519612,1.1916519686111833,-0.1660548352603671
1.462448090800117,0.2971094458750274,0.42512817905621786
1.045722509850872,-0.15507033668560455,0.21908000820350482
0.4136635633604946,1.0317095064605792,-0.07559417941578914
0.6505942552773767,1.5237955861669261,-0.2691635945044403
0.005177908756447486,1.1105312593025156,-0.1369542012279016
0.5403708975016979,-0.7007700580201173,0.09281346447574337
1.219061120877434,0.8374708586280819,0.2384853616182443
0.9360244077425753,-0.22040461921513768,0.17629902426089872
-0.7942757869717041,-0.806305205256739,0.17859497097712718
-0.41184706613990424,-0.6539919045002792,0.06189518881804009
0.28674067624178073,1.5558596546726966,-0.36018278917456636
-0.47138524974780316,0.5994454924841199,0.02290064221857939
-0.7656373330133774,-0.09830361409749419,0.11733510182664064
1.732850718726518,-0.017221977484112902,0.6005548334760411
-0.7358145075799304,-0.07952518802984676,0.1083348916740457
0.2463661221094922,-0.20191402740828068,0.01296244206481251
-0.9074486988088497,1.2978337091758054,-0.053910891539772715
0.3514954539440141,-0.04882003902403459,0.024721446578261405
0.8960301939576159,1.418195516949538,-0.1246645969525694
-0.3350478957434565,-2.0473108435336145,0.8805780099396857
-0.2255976795622944,-0.14519308559371832,0.010484944614649598
0.35383282532575633,-0.11234821719887779,0.02518134094496188
-0.09543821250626568,0.20750172941033843,0.0009282509550148788
-0.42279710204800847,0.13405101120525434,0.03551059260825893
0.3824645941718013,0.132322166744486,0.02902414821550966
0.3548648110132286,-0.273297966411387,0.027227117934746786
-0.5350850795616878,1.2894598217718387,-0.15713613125719003
0.7440101439666202,0.43362079403617765,0.10255697746366498
-1.4049291742869554,-0.36170539249102085,0.3994974172118295
-1.0293863687891418,0.40291173929506163,0.20538647590789105
0.773312620058733,-1.123419959686244,0.261386214795325
1.2303731859058382,1.98764179733856,-0.48249796785000443
-0.30911251296478764,0.7356362756720844,-0.020699637267667916
-1.5647966534199247,2.7689336893782084,-1.6332220229991783
-0.6633741539027372,0.8319132859126843,0.030438022608187613
0.4653434019260769,-0.4512032220290259,0.052494687701024764
0.7160235329995233,-0.7060330731381924,0.13773246724631363
0.47077283280164445,0.3466563979488496,0.04015961926839409
0.6928461654833935,-0.4168060009679796,0.10324821752319117
-1.4148169022170427,-0.9687810070774259,0.4912650204560452
-0.6863833652041501,-0.26587956921664513,0.09610397920285313
-0.6655756194158635,-0.8444823610289669,0.14882247929375583
-0.3908214093312599,0.6989388834343292,-0.0035959774003904363
1.4613713119273053,0.03481981773655178,0.4271170006415042
0.5794117070290762,-0.1130331015746841,0.0672880017878201
-0.9035059754571328,-0.4539275157768817,0.17261779460546098
-0.323729702256675,-0.3487214863631306,0.025200870072196235
-2.5396359809246247,1.195552238492464,1.1190645031617987
0.6457915788151051,2.665926866093893,-1.811309140224098
-0.6773294938177199,-0.49586921180576954,0.10394779198763858
0.17386899970406605,0.5685220716157018,-0.012329533696509003
0.23740841896061182,-0.3800342020852859,0.016761233246369286
-1.841308142632797,0.5357309292848391,0.662707248867404
0.3762671581281835,2.4131304520376675,-1.3768983869593407
-0.5837334866633441,0.9967500657869951,-0.030879228234782244
-0.44348326804276295,1.3383995619525093,-0.2004138234994448
-1.2156207810223063,-0.42586171905411463,0.3032701282922544
-0.18602076657942318,-0.48940922127384157,0.01864314261336171
0.6517367079450445,1.3829870480835016,-0.17956530957652672
0.8760024685818479,0.9244713088588374,0.07446638334914857
0.30084467037687623,0.2596696994351718,0.016350593128212385
0.07993098210735756,0.6906945128446474,-0.03167240476902626
1.31399903492781,1.773386143079018,-0.21239323384736258
-0.23463473485809344,-0.20659896372228767,0.011892520840445548
0.2395141228710054,-0.6046868007574159,0.03358354168604952
1.9579219945310649,-0.029277860960173784,0.7666942170118647
-1.4943481887278116,1.5532499582244985,0.07188047957159649
-1.2335897301798158,1.4043775707819108,0.027366655959565223
-0.948959164000503,0.6194053687118294,0.15634040612221928
-0.35230703486039006,-0.4503706458489686,0.03395908464891736
-0.3861204640738605,0.2728006741723508,0.02778761426854594
0.13125370444308068,1.2653557263479958,-0.19915377619946012
1.736489861058956,-0.012790191411305812,0.6030796167455681
1.2819446818606712,-0.5587524164034697,0.34612092209731943
-0.5899271993467285,-2.39791830783536,1.4484087752216612
0.776426208590207,-1.7376013363066223,0.6451942752103218
0.3143257483349499,0.6564040947623621,-0.008522107486409213
-0.2854246069327171,-0.4582544430368893,0.025916653242392514
1.0116044084907863,1.0886631140606267,0.07564171791457353
1.4836151407708362,-0.23296554314323845,0.4414871497793911
-0.9693692081182903,-0.10687612466019082,0.18805741164733425
1.1080737904386422,-0.4429331741709434,0.25425540195423457
-0.8264147008380692,-0.04358500153036108,0.1366005311873499
-0.3826195625535024,-0.23478569435167768,0.0305737861577611
0.2821087671485063,0.5199266075052386,0.0018622240593371177
-0.7542925853651428,-1.4357711240900548,0.4097668798037547
-0.2728997812697356,-0.44098678464877056,0.02347069920610254
-0.028104275084157256,-0.9647538748404061,0.0899524407208009
0.4224288752141713,-0.09432626304974118,0.03577315718632892
-0.3189428564146717,-1.0270703375508448,0.1286878350723093
-0.30898263416069294,-0.914122983285387,0.09548007411341031
-0.8599139171941662,-1.529943330085027,0.5060082928897057
0.29275145263088126,1.1102536614799703,-0.11971619971757612
0.4768870191710051,-0.7084271156143929,0.0810380050706067
-1.0851619131747368,0.34342889360756135,0.23146475825348387
0.32919021221121725,0.5692136814645842,0.0032304759506385644
1.4494589761918153,0.1068972228122594,0.4200641131024433
0.4243360469156123,-2.047082117628745,0.8938512295916206
0.9067750003794404,-0.0535802093765313,0.16446356227722322
0.34873666838486317,-1.6092950050527424,0.44110356757899327
-0.22575987639144213,1.4345585382757715,-0.2850326463274977
-0.6310128029622701,1.212463150460342,-0.09860476193165549
-0.49094177828784136,-1.0691272491277704,0.17040954662892524
-0.37462637645659125,2.885525774914775,-2.3744945102598245
-1.5888292179188723,-0.664326685364249,0.5341943826864192
-1.2976922040780445,-1.0028137099846934,0.4376475016171621
1.1066797138494666,0.2830779347158814,0.24267960607943478
-1.654781679249982,-0.8036577374480999,0.5995659826503935
-1.4163220322580903,1.5316090598021452,0.04190473658337529
-1.5577765561335406,-1.004251179696567,0.5866143431184254
-0.07469452177495083,0.3239422529308477,-0.002283549790578796
-0.5578654086146052,-0.3559652767706253,0.06675324434955354
0.19748767376630222,-0.08836181208143412,0.007869267480459812
-1.3941189753774406,-0.44634679055143184,0.39760590785373945
0.8772249689370266,-0.5705456850417976,0.17247726808162667
-0.6889955434724802,0.0312845457313577,0.09493990989516313
-1.1655756598528189,0.6042212724721148,0.2496542113739023
0.7560726759871897,0.3205097720625637,0.11103669311659137
0.7751475549766232,-0.6223485227145126,0.14427540522598953
0.8872208888928994,0.006422364392550599,0.15743215464740623
-1.8830870527749477,0.6407123458694026,0.6829013391413141
-0.4609778418828805,-1.1788289140364643,0.20631461344269
-0.1505609677306614,-0.17868622773425333,0.005104244111487399
-0.6562983852726274,-0.7035670312861212,0.12097254421950059
-2.1557255455057414,0.37599490807253144,0.924115003869182
0.30405466782859963,0.36611961148312583,0.013582250231852428
0.10019950844971177,1.7992875584283197,-0.5804997925468687
-0.19437971563877976,-0.201126057344083,0.008370283681584753
-1.2314323742275612,-0.05766281996977297,0.3033043113514383
-1.068426708441155,0.011440677232934375,0.2283069765160906
0.3999068596101117,1.2681704505241207,-0.17196921131280524
-0.8019790944622448,0.3555118425610999,0.12414082668868928
-0.23997210975274208,0.5387249139040429,-0.004117795955997514
-0.16414169351569366,-0.6726544888782477,0.035823697306261226
-0.3877630981244738,-1.3062744788081562,0.25296858345408424
0.6372448680854836,0.4975267528028791,0.06890078189015982
-0.37346118943267115,0.335825944171156,0.024107238411296857
0.8539674627130273,-0.11417400664346296,0.1460009193276518
1.6078912993149732,0.7934361626079126,0.46711283099073664
0.1687615862876986,-0.6387840507153821,0.0317613624516634
-1.3400933911203046,-0.8906262040150015,0.4298158689686058
-0.5875872083138903,0.37116728330931087,0.06393835374717463
0.6006421017380634,-0.808824565654509,0.12506726171139107
0.8051970412912725,-0.8100295850823481,0.18281837850529734
-1.085063440412486,-0.1534452006712518,0.23583382726108107
-0.22884689165496852,2.242632837652588,-1.1174360379152177
-0.3785498175383947,-0.13442188172259886,0.02890288302660686
-1.1782547045896168,1.5772059051645126,-0.11468551503881369
0.05937043287630473,-0.5574287907174252,0.01802577925850811
-0.2284452860194632,0.8800571274025142,-0.05772302295884246
1.3338801129036846,-0.061795393355147527,0.35587082874541803
-0.9806642655427549,0.5271114928353433,0.17769487063897732
0.6920414126308838,-0.5896495962832754,0.1162855924273393
-0.12389947544772109,0.7463604213912929,-0.03850608075515799
0.4856887398059802,2.1160787824681924,-0.9003568066556542
-0.4632433062434667,-0.3796079382684407,0.04838910555885179
-0.6086444445668537,-0.49464898411743075,0.08619256547311013
0.9386903363856467,0.9302813786167031,0.09571917812333064
1.1661023940218795,-0.6472238958808261,0.299071088149177
-0.44585869743388257,0.3643237098995514,0.03492226268917989
0.7912045023347244,0.844903519230334,0.06488646494779118
-0.36477961567951334,0.4625405422544283,0.016717067640008812
0.046982695908114165,-0.382255909490635,0.006026982050704118
1.8548219826217323,2.0616243852162346,-0.18817828598802622
0.9702214967627052,0.44616438092147237,0.17938448394161446
0.3601988136180627,-1.056748092576838,0.143957443492113
0.6895472517265887,-0.9841164392936946,0.19040529978867665
-0.30951087677698785,-0.7590851695984732,0.06289866549665518
0.026359097965819492,-0.22255169190233298,0.00124124237165963
0.583819331640541,-0.06833031873946749,0.0682009060470547
-0.8185731033437456,-2.281339799913788,1.321338257929261
-0.2276868105105194,0.13581925619009486,0.010117712715065843
1.6519768542806155,-1.1405291469672598,0.6941663050089941
-0.20527691163796613,2.52131430182843,-1.5943782867423937
-0.020792931607935026,0.5283532081765988,-0.014662886401280448
1.2465027394463324,-0.502037912029815,0.32340728310085687
1.6700000687424472,2.45011897075345,-0.9130467010677071
-0.10565760049477636,-1.0716585169711168,0.12530753995654942
1.0415230795048442,0.5481478600305949,0.2004840813461297
-1.0092369026128294,-1.2635357628719275,0.40543816829203994
-1.1140677386216158,-0.2574644532113459,0.2499360641903262
-0.12142352791504461,-0.49455099904071853,0.015044497117077223
1.591772173235946,0.7493201702750555,0.4646748476072589
-0.5630051584554628,0.6298108350623659,0.038412778796235544
0.3269883749263029,0.8764384515141496,-0.04593884581237763
0.5001476263812603,0.7103332801632652,0.014188004013052105
-1.4565119379895277,0.5457879011226313,0.40802723315413786
-0.5788573730300844,1.1322013117822842,-0.0781194286261252
1.0709413362336406,0.4360603222349963,0.22109144295013064
0.8398757852923137,1.1163612647094188,0.00195035185389969
0.05186728980836864,-0.025982522560526095,0.000539797208370396
-2.0882529849423475,-0.3803507645493679,0.8776625149747967
0.3459578128538633,1.6521359092353902,-0.42702190143109375
0.815440523417302,0.866742800620846,0.06787519612514266
-1.510512080642121,0.8248620245142244,0.4002059548112068
0.41486432634998016,-1.3140878171123973,0.2613426866981407
-0.4901304271750954,1.9134633741569553,-0.6525388307167277
-1.3783766091860483,-1.9831298293475534,1.1599104920324748
1.0860626747067377,1.0040172037351935,0.13469641769698393
1.621638810897908,-0.026770312844066012,0.5259444050956087
-0.6240969512834353,-0.3413352799208789,0.0818762905291802
0.9285807711770214,0.6197452600939918,0.14864901425756624
-0.15523464140450144,1.127054419698943,-0.1383447165342433
-0.1169021672465234,-1.1563458568130593,0.1573523607017179
-0.5778889647255314,-0.453719327369875,0.07613145290159347
-0.45598601723464166,1.018599863909258,-0.06409973954278358
-0.5745816909011486,-1.4897050316901983,0.39662730504963883
0.5860659275822896,-0.8082654393971277,0.12149807132345508
-0.4703983672434148,1.2183503690452548,-0.13659427754543893
0.9168321053313421,1.2155844461774723,-0.011504072369143192
-0.23452827677075813,-0.7352238457645185,0.05074352919415223
-0.7315720094813647,0.29661320777315237,0.10442993595367553
0.19757496803675886,0.5848256849231116,-0.012195097740067062
1.686107840699877,-0.1565164406041835,0.5689753546193276
0.7422205113329696,-2.578897348458868,1.8253284914995787
1.5029847281929722,-0.35639873852372445,0.45631959758065244
-1.77123588955213,-0.8564663564745587,0.6902800876019818
-0.7348878203932259,0.16621122597973126,0.10755284372669216
-0.9818524205999374,1.3841214172105931,-0.07236205215088398
-0.03809294921471686,0.8804577759503904,-0.06796339128594149
0.00196168285004889,-1.0722321704068043,0.12327335373144047
-1.6792991680587017,1.0072393576124854,0.46182157145494995
-0.556763101387832,-0.18740152442643712,0.06265517183671997
0.14832846398460287,0.06362573780319636,0.004374509454850045
0.8550214121039442,-0.7021620299448449,0.1808311240621816
-2.0521489027890607,0.08105160549704887,0.8422097781038416
1.6264313494760734,-0.3344468900275639,0.5327967333108233
-0.43176435470496366,0.00214756273253171,0.037284090608297286
0.7925350370139079,-0.6587246203505792,0.15420561222435214
-1.2208585844012934,-0.6100522319559512,0.3208030677737795
0.14813210090660864,-0.08438544931118122,0.004448713932623232
1.0905189706723237,-0.45473011707459715,0.24724921076571202
1.220862019017968,-2.4904050614128086,1.8426792628462754
-0.0100221183589683,-1.2550759297388923,0.19772160561306865
-1.5353420386774854,-1.1402587786710974,0.6197103506785968
1.0439403420162179,-0.35913216514750307,0.22259422739219442
-0.23781473093452912,0.6394406824479836,-0.01483456185635406
0.05023902173403338,0.35468602833679996,-0.003957235650868816
1.360087564585061,-0.6937771314697694,0.4033609829558231
-1.6094026835789053,0.6601797896478689,0.48926229827021683
2.4966132579310263,-0.753257773772765,1.2893551926622933
-1.2565186276912428,-0.7140793283249399,0.35217938047384606
1.0845665797484645,2.447725102433077,-1.231262847589432
1.8828012486759949,0.2861702099559275,0.706644563568869
0.10075878558246495,-1.671890662294649,0.46936041854887167
2.014473623156846,-0.9045865549983643,0.8856410180434603
-0.9689337936878045,0.007515032344107868,0.1877664968683686
0.972762505519657,-0.8991046016355516,0.2619360130239501
0.4355897339872256,2.0021600484519912,-0.7646471753648034
-0.5240675353643406,-0.9372985214911925,0.1372737044620106
0.68224316157366,0.1606770513533281,0.09267632451424547
-1.003567350367087,0.3092351816076147,0.1984723807034663
-1.3298289695674574,-2.5220258520403114,1.9578524124124583
1.6303665165442482,1.0324473469278312,0.42156552632350586
1.0996111646293474,-0.713372219496487,0.27813244947190074
-0.8802722516825114,0.645436448516898,0.12808772600055915
-1.4641586941037141,-0.4690352053816112,0.43907063052157275
-0.4121252621646005,-0.2721710931323444,0.03598561097830536
-0.5817391314931819,1.2982482030316842,-0.1511289518065065
1.4141402227386501,-0.7862604102127535,0.4485655596219876
-0.3013305811267766,-0.30465552602941187,0.02098768377062033
0.8856987901007776,1.1168241420503773,0.017591422503223375
-0.38964479454407686,0.5074545000787297,0.017297148817103425
-1.5714256469263892,0.3568510162261351,0.48933147743662425
2.023159492093025,-0.006399325484505482,0.8186348922953339
0.2487757857615522,0.46472401429739174,0.002341307695470543
-1.1912812746563055,0.46103052193910604,0.2740310508746026
0.034595633995843374,0.770953992191462,-0.04558382533295783
1.1979039614400526,-0.519328742402997,0.30100119801177416
-0.9418035212397095,0.6734957465204378,0.1468492417991176
-1.222669733040931,-0.5588830640989804,0.31644098333766113
-0.9946640362892837,-1.7774809434046608,0.7594554823189855
1.153324197313715,1.186557621164674,0.09897364026166547
2.4749487987799785,-0.14898748072542625,1.2254050228413733
-0.8433589440671907,1.9081461260051766,-0.5525092716534276
-0.3885050671824498,1.2326144370537775,-0.15708860110608014
-0.15865027578734414,-1.0969101009399949,0.13701549635977076
0.1616580045876281,0.3337092374523971,0.0015104141127425439
1.6365880573491747,0.14905851170803758,0.5353529091330043
0.6545045661024107,-0.8475110678877007,0.14654984750228087
-0.04547797247102693,1.500920813646863,-0.33770828164769057
1.104734942026409,0.908734538993789,0.1690446999273461
0.3040606404711756,1.026203942391382,-0.08957840136450829
-1.283542889724263,0.31117721289244343,0.32648330185930335
-0.1538747417731054,-0.03232350056281039,0.004738864418571482
2.3644595896483147,0.4667490487091821,1.10796548400936
0.49682863297874885,0.8274198918879476,-0.0072793868119181634
-0.1726401033694133,-0.22380826175666935,0.007081979730657062
0.6128078342194118,-0.6897127519075906,0.10791657776860183
-0.5508507297414628,0.3343507887364429,0.05694958278065477
-0.1232249331256296,0.5910587332309072,-0.01761178520335717
-0.5052110585074341,0.057250498513363564,0.05102887819215102
-0.2147746018623051,1.4133152957630861,-0.27307846884653497
1.0093029923036936,-1.1737916743809425,0.36546198467878044
0.10562743489038887,0.9693053629799194,-0.08883993418801112
0.1454804084218451,0.7320468926934828,-0.034996945305154625
0.37661655291509366,-0.4890289473998006,0.0400630991882158
-0.15283077885686902,1.8050518182252835,-0.5834527120828403
0.42666498474776615,-0.8508880271165258,0.09801378288049911
0.8763236160245262,1.3010052004007224,-0.06662141477113406
-0.041850125897636876,3.9590536468116517,-6.205112277614412
-1.1861272371952172,1.607894858176621,-0.13431365354116737
0.6375728593928335,-0.2226827399932743,0.08240406053056178
-1.7191636003321598,1.5083989542275031,0.24790359949512425
0.8398888072126618,0.8698049709616696,0.07527661701321602
0.3291044004251646,-1.0754122333897786,0.1460345997506442
-0.9954744630230363,-1.0632481687624,0.31839373255054165
-0.6279284874489378,-1.495771162997603,0.41351241190898536
-0.30487298866385665,-0.021382949610770762,0.018590485537113437
-2.2213785986950425,0.041564564351503464,0.9868973949998585
1.0246510066518224,0.19270485026887188,0.20926632455492647
1.4711712716946594,-1.1999077092166324,0.6056291155797747
-0.12228976862779392,-1.064288326160451,0.12354392230821372
0.29973331839527106,1.124196840238163,-0.1241100680045113
-0.2910227316867603,0.499973136617159,0.0044408607171536295
0.5109885683686466,-0.2602172414232501,0.05398387273889577
1.3889021058661921,0.20937600020466066,0.3848919429468261
1.0365841698381164,0.787258610923071,0.16610893946314653
-0.8760630671807781,0.0520440587163787,0.15348320296491696
-0.3023454719393062,-1.1628170433837661,0.1755121048243619
0.7407126194490092,1.846705054509844,-0.5200543996680773
-0.7339828213637704,-1.3227991336067078,0.33920922444246876
-0.8909664940992365,1.2484640791927961,-0.03582916268256667
-0.39879829395986227,-0.888441045151019,0.10193510993425597
0.3849608655325641,-2.0841017181131902,0.9348643807056397
0.5522410167250149,0.6751095166110493,0.030224368630029145
-2.110272740763394,0.6169361756415086,0.8671689851971844
-0.4269101227274249,1.424319500538788,-0.25249925809202484
1.0246909133945763,-0.4849000520582437,0.221399654475688
-0.6808091031645909,0.005196599634867291,0.09270019295712065
0.05414470470443431,1.5625890044016395,-0.38094858923713254
0.2297291151446536,0.4604005366821639,0.0007960450547300837
0.26597595083680703,0.2984720049033678,0.01148968737985797
0.1003094459991759,0.3680853039300181,-0.0029746726719097447
-1.090974989728908,0.580889007389646,0.21844422942863367
1.2706469959257247,-1.4625959502602697,0.6357853693363471
0.674098983183985,-0.7721545462701004,0.13691949028923917
0.06162450798943832,0.7388328317964771,-0.039571443878054606
1.0254566891858823,1.2610833831279318,0.009758246770101425
-0.217183384726984,1.0218623958373807,-0.09726942848103089
-0.7555889071530676,0.357747210281245,0.10960436082347942
-0.7228702926770647,-0.17914515165728312,0.10508322227999167
0.4025154558513288,-0.3129922809382292,0.03546994127680671
1.4412557418998808,-0.09380556698321388,0.41552616677417764
0.9797641059512403,1.8354740658659983,-0.42637725649777247
-0.3055261912874907,0.10864485198837973,0.018541009546610775
-1.6572956475763339,-0.8947174737798628,0.6209496384551472
-0.7319327388656766,0.5742573139623711,0.08820773940901475
-0.9586468783995611,1.9065438925870581,-0.5092107050435521
0.892522117503324,1.9480690864693313,-0.579967844753271
1.6277791403571253,-0.3669269570174238,0.5348731214178474
-2.7620274898122155,0.16433075608886058,1.5253154023048656
-0.802152621982516,1.3268830309890118,-0.10492372571879427
0.17624872236673778,0.7124492346343448,-0.029950054529617826
1.8311346216462898,0.6462940988885503,0.6436153505016967
0.28836719343254946,-0.6055234924271496,0.03883317329771764
0.25468291621235567,0.7758930740632216,-0.03373686622955887
1.5019290309523108,0.06602626070734463,0.4511293788723208
-0.36618857145307276,-0.21056382175882432,0.027752393379744764
-0.3997893745539809,0.06941816787568339,0.031932857005071036
-1.0697697101280121,0.12434893407517544,0.22868917004483824
0.2084103673393012,-0.8481980661464994,0.06970973447130367
-2.159372909168094,0.69070246292318,0.8996269372108237
-0.3477381926987049,1.0759526708252434,-0.10037588921601556
-0.6923655972601231,-0.7698193777862055,0.14149520431634924
-0.30429234772296126,-0.9254477575352719,0.09777906848295224
0.06517521263094365,1.0500604486968657,-0.11493293288923681
0.8179630567139835,-0.9634301174420877,0.22323806385917228
0.45044490228540335,-0.9146060706874045,0.11708730984924026
-0.4904581198869248,0.18077616134291963,0.047519056606565
0.5669073670465126,0.15247134318931232,0.0639223346472398
-0.5602016609846856,0.1876320124763974,0.062104607206897776
-0.8821360836526544,0.3309252912154197,0.15200879991296126
-0.314209785554031,1.3907859480958567,-0.24927215886267723
-1.3020003632827937,-0.19885860119979926,0.3398273704308758
0.9511755488879888,-0.25243303655359833,0.18255554981114527
0.3838754457288981,-1.5105509802192172,0.3741441961041683
0.04274958552633455,-1.4749851981241466,0.32126053201013804
1.1957463353319218,0.7573951624420908,0.2425140806906632
1.739054560663621,0.18595927898410525,0.6042190899357468
-0.8845308907926241,1.2038208052489356,-0.01797686957107436
-0.3342252201468862,0.09906963088577703,0.022244064776720432
0.523932171177181,-1.2403583421977162,0.2457287278606476
-0.9749770320275628,-0.23650382860079872,0.19143890455247217
0.3420828965114622,0.4975377282866168,0.011087904071161168
-0.7801769685364746,-1.7002388323811095,0.6132423172135991
-0.09279357776789154,-2.248321135100353,1.1382367556219135
0.7713088827845795,-0.4558116704292871,0.1284536168345527
0.6188187432135485,-2.3416593355090263,1.3606054179841478
-1.2713108337633896,-0.902181173549911,0.3966775579490334
0.1818115854910004,-0.10037340942497772,0.006712214940269782
2.0155039428248633,-0.7028411225273831,0.8471705711286024
-0.0781677108532605,-1.7298840032041838,0.5188895951440705
-0.2510088671033318,1.00398752751248,-0.0885999444338618
0.30529571387419585,-0.5283884807499436,0.033393404358370724
0.44489504390066187,-0.142894409823982,0.03987809343160816
-1.4117157105910187,0.02890740393727566,0.39858583389337293
0.9909974386326301,1.2179440349657447,0.015746867972283946
0.28146650342345686,-0.622498410169375,0.039966757752066304
0.19739402265952075,0.6294897903353348,-0.017151118484932833
-0.9906381773348397,-0.5862289219425393,0.2164193977565164
-0.39799576085000743,2.401078883006579,-1.3525850229017842
-1.3760191760123996,-0.8081081918477606,0.43145835895705165
1.0430407137249742,1.1949777211233905,0.04694734285747204
0.08436766653934107,-2.681595531299109,1.929746750997434
-2.5395825395298606,0.8251461935090297,1.2337144763398455
-1.2927011548806875,-0.004242178878510329,0.3342152628002324
-0.649644264074206,1.7893158875211244,-0.4884690278823175
-0.25018266826839874,-0.09283251133404459,0.012598275399731176
-1.3367166241081048,-1.8838506969381867,1.025920806237591
0.12910347387601576,-1.0485749843725354,0.11862535684611815
0.021517232723427402,-1.5026407476898345,0.3393782428897539
0.19550662370194788,-1.8335322539661232,0.6240488717546676
-0.43029999093346083,1.4116177188561694,-0.24425644703832505
1.303257047978921,1.4442405713990312,0.038451635923271055
-1.3622880514969469,0.06656367598708512,0.37113625452951376
-3.015906216034649,-0.3180445272102897,1.8223551550033268
-0.747109864201589,0.14027795678690674,0.11135859220448989
2.0930368244288524,0.03831988720515378,0.8761550027380952
2.0372697121372525,-0.25599572937275394,0.8317712136358133
-1.0509698963471645,-1.023270131195914,0.32805229374142164
-1.6160904541761498,-0.6659123094851237,0.5518788336559698
0.8824278841327068,0.8246650410017748,0.09965259831430462
-2.190685886224729,0.474983348544226,0.9491048699767473
0.7862404961267975,-1.5405011530924086,0.48921789999805915
-0.785703989323919,-0.8337823058352372,0.18143010847929833
-0.48133138328995667,0.019880072158607813,0.04633519441318197
-0.7307727718164043,-1.1426480026214605,0.2559949720003749
-0.372845827990584,1.3001080441514754,-0.19195198064760738
0.058982104049944376,0.4819940383218739,-0.010501823573234911
-0.22910726824622957,-1.7360543329766773,0.5337247781324496
-0.37033308837955875,1.8854436881496692,-0.6428266617105315
-0.0283998392079618,-0.28103846898810675,0.002381025663096734
-0.1874901741654294,-0.14121545700997382,0.007312122196600276
2.722207115877937,0.39002037548565377,1.4761494865653104
1.5992654971652565,-2.736152475441469,2.5599588862082747
-0.7586046452310523,-0.6862136313550815,0.14740925676492755
0.3290949491913224,-0.5682611138899649,0.0400110244186699
1.6883309638994948,0.46200010846729356,0.56023116898685
-1.2115663546493889,-1.7442650961514907,0.8242644113603981
0.23334633765835897,-0.9369417939587273,0.09314046798208989
-0.6080609637089942,-1.3757464944298814,0.3343321968356369
-0.5653140050974234,-0.7437756360976171,0.10506181645730833
1.0967644185047647,-0.6591247257434513,0.26921380872151274
0.5448171662868059,1.1836343039898907,-0.10646085301733277
-1.5002063822813436,1.0533043929116388,0.33326496683499807
0.6704308419544792,0.8390665258054942,0.030822481081325785
-1.5098662487145087,-1.2557697663721699,0.6539687988225651
0.2513765692033556,1.4174506104946678,-0.2721513544733958
1.1863368703734352,0.3803965865553668,0.2759746359356492
-0.3837489657461537,-0.4917919592192844,0.04134710117455582
1.6922550281512283,-0.6771962246697679,0.6038012778185664
-0.41181582085181917,0.15678015783269997,0.033533088152338325
-1.1114044613607748,-1.2612983796351451,0.4477006050465311
-0.2832082118945799,-1.4518400865934924,0.3220659863734109
-0.2350575919423758,0.575056398031095,-0.007966117722454771
1.2160771594741875,-0.9168142700461006,0.3728314088655036
-0.5139818414077272,-0.3410330555701006,0.056801801991583495
1.2940090117286964,0.9296235678529021,0.2545537978069331
0.04681467820506547,-1.0348521433368854,0.1112626007806066
-0.472840052276195,-2.6246027233106566,1.8526834843849436
-0.11576195891272606,1.7609235200778115,-0.5433560929159807
0.1749359996156698,-0.8803847639922562,0.0743571482521229
-0.15342083433684855,2.457412398401429,-1.4792932102488678
-1.237478937676123,0.7302947827774291,0.2673219782827981
-0.042342641936928375,-0.6446204142357974,0.02714484509002048
1.044036125070632,-1.5075674090985949,0.5606361001235443
-0.138208562339239,0.2989972722423662,0.0011473045993865027
1.0807143530191605,0.24792284661111175,0.2320648264941027
-1.051763286094279,2.0446853380445176,-0.6335881939963561
0.237165555932575,0.10107256568504151,0.011146247851804235
0.04406129396956649,1.745990915503262,-0.5318743058478763
0.35678506400852067,-1.0736877970099379,0.14923443458508212
-0.8021406996794066,0.7298410553781001,0.08980964536085526
0.4534524342554018,-0.7852658342717582,0.0895466452878238
0.08625989323649694,-0.32437124302010895,0.004901081119772714
0.15804173305365204,-0.21043224211896097,0.005927268219124649
-0.5003842768788056,-0.3447157870115029,0.05417310723234436
-1.589947333933619,-1.7715821785425867,1.061598176725838
-0.6536419841067105,1.2495634161018045,-0.1096583540890705
-2.672589020785064,0.989195509786159,1.3317528668940786
0.9505741673803757,1.6376037857532133,-0.2584455167211218
-0.06557427520973202,0.3068838985607423,-0.0020301656940886056
0.5828419231936668,-0.2621520143887036,0.0697425465657974
-1.1056306335249924,-0.9024146800985341,0.3179721625132358
0.6865381588583221,-1.1056996941986559,0.22944665677375276
0.1218135397850655,-0.6668592899807153,0.032623027854625924
0.5794120921812596,-1.7068412352054128,0.5643989267295155
-0.7948016219464938,-1.436778600790511,0.42294083532889615
1.1071763053492194,0.27603884836453324,0.24306452870647732
0.7068354330457722,-1.0805348717951886,0.22608172092813456
2.0405680195937896,-0.2624070763142601,0.8345904373533792
1.2705469886126874,2.6266308466856496,-1.489304493245156
-0.668279749015544,0.2574160092252403,0.08761384884045134
-0.21984799914677983,-0.4089923757340806,0.01650803883445276
1.5804829654591155,-0.7082787539483005,0.5351167073234756
-0.039497549340197,0.016161219336260624,0.00031158917395216146
-1.0389988407741397,-0.07159038464653189,0.21594040960948116
0.1939171700633373,-0.5241953808574591,0.021924656239018216
0.25317666353287294,0.008213060668468341,0.012819629190847856
0.5056955881954216,2.4678410125158723,-1.451828617356185
0.7887728744769776,-0.3162264126957705,0.1275947665628449
-0.8032234405084376,0.29272981573060014,0.12652515547655827
-0.3867987539186718,0.26444618021398614,0.0280733359379856
0.0021139354510413743,-0.034481922279436424,4.993655397994075e-06
1.2288195089844416,-0.7234700390851103,0.3398665426819931
0.7276198455257943,-0.2962502208709457,0.10848614408752243
-0.2639551799479865,-0.9322973891064092,0.09496774472935705
1.1169054606416666,0.6696936204124753,0.21946050287660382
-1.3233969526864846,0.8296508563040126,0.29316932605445173
-0.26159335257049776,-0.032427971409754563,0.013689626460801794
-0.5457855730529338,-0.6785480658494858,0.09081859579410706
1.1043857946660556,-1.1903592459788435,0.4126021612394528
-1.3209698326333001,-1.519461142223398,0.6997996990353574
2.252772174788113,-0.953030703202235,1.1015571777468096
-1.6024697933210805,-1.0400964117245177,0.6260995742778712
1.2183628947588592,-1.1001814986076832,0.43004752353100006
-0.3383874674846462,-2.136867382371341,0.998638071982582
-0.44743265641440333,-1.8506637722140953,0.6738834690846991
0.3541875423848727,-0.8645022814242416,0.08969956816371455
-0.27664307969421076,-1.0489252690280761,0.13071367515513777
0.896324133790529,0.0068302833444706815,0.16067935869790428
1.3922322327767982,-0.018054645026399776,0.3876627065241715
0.995064028631824,-0.31822286149249274,0.2012529931484312
-0.8889440159298486,-0.8294086225270403,0.21510085977058033
0.3650309738057124,-2.01725241424307,0.8475315204483814
0.4707420469664689,0.031654281893486874,0.04431644321776893
-0.053894188231162994,-0.07580306282584014,0.0006244739358009282
1.0622008926289963,0.8082726600278926,0.17284931506254309
0.18717904637442936,0.28505316874222053,0.004690990749285822
0.7756473361100226,-0.47610391335099905,0.13111784042640406
1.2207559477711916,2.244745454716519,-0.8330517649551784
1.3466406075137651,2.1845422424357452,-0.6798244834020113
-0.6230532356972532,-1.060103214333455,0.19677546177791155
-0.5744139034490421,0.10876685255738817,0.06586159282631236
1.392296944883141,-0.043934033833024626,0.38770663669044747
-1.570160366990966,-0.6135740988036141,0.5161801345042607
-1.5592769597024307,0.45512774706483017,0.47684135363314756
-1.8604616216976582,0.02583577343718328,0.6922617646571971
1.0134440061714804,-0.38552769161528166,0.2111439105325264
0.24622868378691762,0.3203457677860232,0.008838279476052365
-1.4287350424891656,1.9611585958149111,-0.34603288363141493
0.4122278319461819,-0.6870948988801564,0.0664240660412608
-1.2727192385418082,-0.00793215074623289,0.3239629019391996
0.2463132170529238,-2.4626041567434784,1.5055604412743562
-0.213003439365615,0.08384306270303712,0.00901515422091424
-0.3112868735892778,-0.6923085078402172,0.052561632085016394
0.7007667001609348,1.5619158629653183,-0.282827258134516
0.1543222430705378,-0.044446377270886794,0.004771851236212765
-0.9093293566124446,-0.9639207333186792,0.2549380133135287
-2.256503077401912,1.155001974427846,0.8642805499826768
-1.1240393118422463,-0.7721559735358451,0.2987307326675792
-0.8460065984157688,0.17220926806318448,0.14263472855604803
-0.8919738798557393,1.0490369651919977,0.0436792121786892
-1.1024015592321057,-0.989131060988413,0.3398324696076257
-0.11821281145577224,-1.805618802924277,0.5914733962509484
0.04707907264211557,-1.4533279101458383,0.307409688445195
-1.3661863198753967,-0.7597117105107747,0.41714067626711615
-0.023960167339948782,0.3999242946350448,-0.006281548906403366
-2.599577532202665,1.8692849743037863,0.6983901944124236
-1.9372683010117333,-0.6539191824675654,0.7785639516168892
-0.2669106408558846,0.43341625488861873,0.006106548861833377
-0.8046661591789448,-0.12587472651432974,0.1296969670860171
-0.7542682108475101,-0.8604671132832027,0.17749340617875337
-0.517281784951866,-0.5750798885965716,0.07253495155974855
-0.7420998953187005,0.09744219181054944,0.11004992975290759
-0.28721546710966783,0.022716483821856856,0.01649737265106953
-0.10334284795083162,-0.18430550528635417,0.0027620073554696653
0.7273453851040439,-0.7482290184978685,0.1476956138469822
-0.834836979982874,1.3989275705430662,-0.13437933777067199
-1.1767509660506004,0.17202753180236097,0.27643947803083707
-0.09475006161497312,-0.5195266448591328,0.0158179512097288
1.5777352132122326,2.049708849584601,-0.3632958036420151
0.28757819403050455,-1.3486768762553714,0.2618550344132198
-1.1080865347067104,-0.35311410403456267,0.249974118275496
1.8460627696945608,0.8184416720585143,0.6267664988382999
-0.9889555459198637,-0.8217133243390884,0.2510897487779066
-0.3810128307436221,-0.08318267793765066,0.029091712510300564
1.2351139410547485,-0.14097550067796683,0.30538146548163986
-0.32738977228539917,0.24223444357397092,0.020015440821717596
0.31892803915454065,0.9773667658167792,-0.07301953048261979
0.1379136253647588,-0.11991799959113718,0.003976479612495197
-0.6011613264848087,1.2882452682866712,-0.14151508825953368
0.4014666476277603,0.7434805048324803,-0.008861777007522338
0.2509201766944888,-0.5802549433880904,0.03212912721218863
-0.23976828073327844,-1.1527706013847452,0.16468715221538546
-2.277494383209897,1.1484773820389809,0.8859119323034766
0.5287250661290652,-0.3838448422153761,0.061565488599694185
-0.06836421736854745,0.35494317834428357,-0.0035370063158069636
-1.740713736317737,-1.2201410181308268,0.7876646370554259
-0.8506988687137205,0.8227478772339825,0.08904475167164053
-0.9482751768889179,1.3849205160776707,-0.08578326249013687
1.28960622838795,1.1324027665186798,0.1874047585576282
-0.19862731203423922,-0.6266832838065203,0.0325024158860351
0.1514170035940229,-0.5209396906492132,0.018722587334807597
1.066435505999836,0.573189623343925,0.20862500215686672
2.0753084413985254,0.055836686593655316,0.8613636169856064
-2.7883477601869435,0.195765242057894,1.5542263950469901
0.38173073807255536,0.3499012470380157,0.024859799425357317
1.841162488360252,0.4955033266560816,0.6658100882914082
0.496188245424501,0.21634938110902457,0.04822788724776546
-0.46446826732956725,0.5879513841266512,0.022821449248270148
1.5631310461454209,2.014104509395503,-0.3283693206921805
0.23147600418669648,0.652653708799466,-0.017084004579497884
-0.4514955334184626,-1.0281258161200846,0.14944693156023608
-0.342077253583981,1.2246250083051633,-0.16025442811459417
0.4797369478029195,0.1556083468619995,0.04565271842593574
0.9603123564300724,-0.4007569746811232,0.1908763679718052
0.09923309079599861,-0.7503510800774035,0.0442162137620492
-1.6321606734493945,0.3860511267743792,0.5270361615827852
-0.2733141450673815,0.10321066750622854,0.014830179815009037
-0.6115360327073844,0.23974158807456952,0.07341732441177039
-0.9361635475686718,0.8020707490076938,0.1236818237415088
0.029006013082329238,1.1303651247753972,-0.1442613437877511
-0.2050488308667861,2.081637946538711,-0.8936097935131674
-0.7255933861726878,2.1903919375911634,-0.9456127800839096
0.16549855009445388,1.165196040268309,-0.15271859314193637
-0.830673902376638,-1.8751440875509753,0.7973354929353325
0.7549948967978596,-0.3800899528086104,0.1194945565163358
-0.9693059166782062,-0.18365897844589707,0.18853028514931156
-0.8122239841081902,-0.8636923019268486,0.19636993039552314
-1.8685500084424216,1.2517329250327045,0.5021698915446138
-0.7380439203338213,0.677505475276642,0.07784333826889027
-0.9680945789388712,-1.8927624789138557,0.8655330070820371
0.37434787380122964,0.7691361095118414,-0.017472546007363376
0.12031416269438441,-0.49479887265769595,0.015009058687195003
0.7892617633477558,0.44286014386919326,0.11590122690509064
0.7706656173711715,-0.10762614976371128,0.11890976630599943
-0.6561336519764281,-2.2348120219103427,1.2022533871872767
-0.896339273146452,0.887042386787192,0.09088840315579685
-0.6024919642419674,0.3916128972465322,0.06659351210609366
1.0910420204055291,0.2780251234411797,0.23592546031346476
-2.018179747706557,1.7513004256426083,0.27747674470042094
0.7008419591145826,-0.623200213723757,0.12243964714961877
-2.3250647163045897,0.8800469253690959,1.0130270847178242
-0.13033230731331158,1.517257063788544,-0.3458857427302621
-1.6625078269412534,-0.664068090442901,0.5820709564929439
0.5921620611368094,-0.6517813242131631,0.09782008349682285
0.2255555822295284,-0.6849121472060514,0.04230461140281265
1.4927887014120345,0.860393950593923,0.38199057160794786
1.11616029507327,-1.2199223742347853,0.43071290160830744
-0.020817137312698724,-0.8822139993439623,0.06874952212740224
1.3491674996058665,2.387437260400918,-0.9967544314529215
-1.883081776457505,-0.08004478324925599,0.7092506813972511
-0.888511322109646,-1.5377862428285158,0.5215440929991543
-1.334200799427405,0.3171603628173789,0.3528280164827725
1.9062971324650657,-0.803600659761357,0.7786881943314247
-0.7039011702663907,1.4381329024615028,-0.198343049786883
-1.2890628705481881,-0.810458476692967,0.38557100990111426
-2.0310520714125744,0.38231781919304353,0.819446281744638
-0.2662930025179716,0.09791685996131333,0.0140885127779236
0.7270534908708433,0.2340712499335962,0.10443889455267649
1.543589489071317,0.5232243934268243,0.46220971411997325
-2.0258869768027994,-0.7927003401143538,0.8706548233697974
-1.5009957486294483,-2.7373243981236137,2.501659725542086
1.1252913525694261,-0.958275275673257,0.3412537300447115
-0.9460349171390194,0.8981194111821705,0.1065524417512091
0.7801047345675486,1.0123028589323015,0.017976227381389667
0.35689751250706314,-0.26395043422880254,0.027314105120512713
-0.4485151881579021,0.6713384253246145,0.009976268755582413
-0.5241664241547686,-0.18809876766882141,0.0556156030458667
-0.39693143144238907,0.7715588283597735,-0.014420218243251529
0.9550036557939008,0.6387439520566113,0.15634603697535215
0.7117987568897057,0.35574803862784,0.09682926545633613
-2.814081598695781,-0.78924005826509,1.632972801758937
0.9687844485096715,0.28372760921337714,0.18542461580068217
0.6138420532484593,0.3005292419871407,0.07264609851004288
1.2924401911522823,2.421670056373686,-1.0861046512467998
0.8660574934788918,-0.7617246926469723,0.19420824985783416
0.1984551500303353,-0.2669676410237337,0.009779613646864454
-0.003815549398634339,-0.7204407804572294,0.03739630383479569
-0.8340700435344233,0.14739922394401542,0.13881432012023096
0.6247640928701356,-2.169557131318627,1.0992718347215347
-0.9563162912980964,1.6406643869866253,-0.25872252797441925
0.46671329842591724,-0.06748231736598205,0.04359499110940061
0.5236310589840724,-0.1964973300766267,0.05559659697195181
-0.003077358970204143,-0.33755012366989395,0.0038479430393197557
0.1817724640010915,1.145844119584269,-0.14383636014649023
-1.7127718600148842,0.2814342283059729,0.5844883827580805
-0.551293173621576,-0.11473096379931048,0.06093585525040278
-0.774381815313313,-1.5576196483497307,0.4978398424186571
-0.1768320524119444,0.1778524812065784,0.005691340785920569
-0.5126705514282771,0.7525925435704515,0.009939713101832316
-1.1702923404066703,-0.38665708442200464,0.27969749891423773
-1.1081155658449202,0.10161028660068487,0.2454791123855204
-0.31975165803163547,0.1836460177986384,0.01982886257690668
-1.1420378278213363,0.5002764281207839,0.24832933646192834
0.30502559102363774,-1.3311853862861938,0.2545014319940402
0.4404935147423795,3.6480450087249645,-4.816096165648307
1.9277345511210973,-1.4967809438482829,1.0785638967242415
0.9958333702468815,-0.1551061216259335,0.1987099731548646
0.8152447836374427,1.080524587411628,0.006769958645906432
-0.9658350857559099,-1.8805576386939076,0.8516261334346447
-0.1829835528736819,-1.043113969372477,0.12019644532923072
-1.3450224292889597,0.6311962249696459,0.3366696619294252
0.5618285533474321,0.022679752167406468,0.06312909809025427
0.04141803224306572,0.02848645022196693,0.0003407790666501874
0.635552943717521,0.7364216064240127,0.04084812924443209
0.9504238403989057,0.02807851576879604,0.18065888156098
-0.5565311901185188,-1.4149499071776357,0.3452301425497509
0.13196141164273442,-1.7506868058415586,0.540051513375566
-1.4678390562528496,0.811590070842377,0.3774526105832806
-0.7144882684633395,-0.7917213845245964,0.1517255947589925
1.0005488510147955,2.0330376723192596,-0.6400841048266731
-0.35226099158568214,0.7136287259037202,-0.011525120467822642
0.8927165551268057,-0.6398182436496602,0.18558064168135527
0.6989260003999042,-0.8704319672331469,0.16364794631616758
-1.7202365746192243,-0.8989113062179489,0.6644785418320809
0.19034977435449832,-0.40477633011460734,0.013878619660785688
-0.7925490589401908,0.08349841368201999,0.12556858719589506
-0.14181356774541748,0.699161301525583,-0.030154641383106064
-0.6691216071903983,-1.4177415437205318,0.37450953138343307
-0.15945545591318055,-1.6383629332419813,0.4448600101735387
0.13818734853930162,-1.3186303109047197,0.23310072743351354
1.1460322204707443,0.5258439865026083,0.24813775818803666
0.48272378946137945,1.0269508693276048,-0.06170067179780674
-0.40155626081791795,0.0026352747626478246,0.03224948429030139
0.33346310642805005,-1.786093437544226,0.592026512959099
-1.3427369952424464,-1.4158801635350318,0.6444323797318983
-1.027875416982483,-0.3573149336406196,0.2158675558862958
0.6225429397709069,1.7887082446867568,-0.4947811795082551
0.9036821729780098,0.8931950130943169,0.09206943416352924
-1.2332636990068628,1.4262968540440728,0.014033061284034587
0.6523118598461201,-0.6875402034119455,0.1176029707382304
-0.4473455107357836,1.1893855124704367,-0.12823138084590893
-0.7446075694483186,-0.4177911520510888,0.11818060793995813
-0.4793749356445035,1.5063176503723172,-0.29582233414973425
-0.12868849328837562,1.1673686254950757,-0.15577095631935448
0.2342129341245366,1.253264690028856,-0.18587568405372282
1.0697882256815827,-0.8528009714151424,0.29091098290052897
-0.3788218727382722,-1.1210817340090125,0.1696014736917215
0.5605176989787322,0.5492604137643368,0.046265545412036424
-0.6823144281367293,-0.6414006492702602,0.11949748449495054
0.1682131993092103,1.61160719114398,-0.4129200119996821
0.15353810356853295,-0.24271395707008195,0.006144619347171932
-0.5281418790519555,-0.05975070454007711,0.05580810075972811
0.04611210026120471,0.5012541709608165,-0.012169033802955368
0.6295339673698933,-0.5282883966435524,0.09400653170240073
1.870364179360953,-0.9323332090728257,0.7806950505538249
0.006233311049223769,-0.7351339496195752,0.039736021169859505
-1.0837819838773763,-0.723844920673968,0.27284263868039527
-1.0302491403186702,1.4593867440117594,-0.0985389415364179
-0.3483512920724898,0.9765659022181241,-0.06886350630963751
0.7901633510369608,1.9587329788162668,-0.6266227028998749
-1.0934596804397987,0.18119942880838125,0.23853587824293934
2.585167020257561,1.986073584831157,0.5532133058003241
-0.4300414757161049,-1.7905596741209975,0.6110591779473349
0.9635716541317629,-0.37974671562732254,0.19117030156203405
-2.3488238180706706,-0.49076086701366795,1.1152144560632953
1.186959211822586,-0.03486093582743128,0.28177867070280443
-0.3663259706541032,-0.8520121927161648,0.08868861941556291
-0.7569560904851136,-0.1809177679776936,0.1151886708506434
-0.09982793922987138,-0.2714293008877983,0.0039928480675680104
1.2244111020789163,1.1381488479026887,0.1524026652395493
-0.07837856703428439,-0.27382409889459014,0.0032817631114749266
1.3680980787868209,0.14181701741003405,0.37405324730857403
0.6595973330531406,-1.2825433750826256,0.2979815337226382
0.7878554856204922,2.115385377501779,-0.8224610925771689
0.13349952063788278,-0.9637222270811684,0.09307114113528626
1.5258721861024656,-0.8087590237699636,0.5185573983470992
1.1812762863192514,-1.0642058156634884,0.3996076617730639
0.7777734230302314,-0.19771054382127076,0.12175913933682005
0.1855034015179697,-0.46708015815508086,0.01707230407875266
0.9061012851953674,-1.1952937590759192,0.3349787748369316
0.849907299943678,-0.34153757549426766,0.14845244832327278
-0.2974318955388751,-0.7207358072034413,0.055132496217930343
1.2879337766909962,0.266063380679747,0.32987122733870283
-1.7184646299936899,2.625047100128717,-1.2182622921364796
0.06260315945132444,-0.025849358569779386,0.0007855583412378495
0.7396668740593197,-0.11649026546613227,0.10957949399609074
0.5885760548723955,-0.09564048061529272,0.06937183779250945
-0.0985904173182704,-0.32495851626632744,0.00537551222936802
-0.11232359300525757,-0.33018643895429917,0.006123112311596041
-0.13692850064009154,-0.5873580090739354,0.024013113381500913
1.3891354336772437,-0.1499738679741753,0.38627677425908646
0.8751325525075707,1.738693805964488,-0.37244550357345874
-1.0411998540278162,0.4906908234643712,0.2050046970045542
1.0496030340583924,0.14606345545325802,0.2200216862595937
0.7696769899006917,1.2672641176014998,-0.0850368045844994
-1.387263777895761,-1.3631000944091232,0.6381698623762513
0.3583016142942213,-1.1346054433365926,0.17173711653503543
0.11790915906326736,0.8071383953139071,-0.04980232392200465
0.9007971283066727,0.450331743575552,0.15315442498998091
1.9603469998219627,0.08400853221167384,0.7685327834793738
0.6548861774694609,0.9760017255896897,-0.0071967296393566915
2.048210156222721,-1.6550893350623699,1.2924150175640583
-0.4030768372164073,-0.08646082700004916,0.032558820911737646
-0.3750319511722492,2.4469547378396532,-1.4370057645725764
0.4541106161281242,-0.34433524928993525,0.045325961956676306
0.02293922586461571,0.28829877644273144,-0.002290987812693443
-0.6459461412156337,0.3562346561639341,0.07892855417312024
1.4429809147472898,-0.014695529129453566,0.4164391014275401
2.6198946918290837,1.367641453100419,1.1169600812820186
-0.8718730336500806,0.4820702729126736,0.1408296020218794
0.32706064455524914,-0.4559420848613172,0.030872002309525977
0.9004467887682165,0.675377235956777,0.1313546041182275
0.3403826005115278,0.6538699352565175,-0.004783877541118409
-1.162600955969322,-0.1246291935232615,0.2705217760598522
0.8706637422130121,-2.0253883748178687,0.9824654983852502
-0.5244461604766432,0.6157222422662606,0.031665870244264135
-0.2312050552935542,0.6016243810832484,-0.011084753017445843
0.05609792303966498,-0.9251632761527947,0.07981662623967942
1.4829757878123382,-0.24435368084111747,0.4413024420313143
-1.1390065873902893,-1.2582280616411128,0.45866204869715366
-0.8347333241345035,-1.050896238578828,0.25541512848779574
-1.3271585333365679,-1.1094011036903941,0.4888118038965843
0.3468645556097775,1.3970060651147211,-0.24858032434748595
1.730467110675889,0.7419298837160894,0.55806301538238
1.4531444975163024,-1.4009232595560523,0.6972690208414869
-0.43404054313440477,-0.21718546202241007,0.03870269212306185
-0.1185598831775413,-0.8279717119755133,0.05957182643349103
0.26919958640579383,0.9823826713271608,-0.08031368222530329
0.24796954711844002,-0.10497226887304639,0.012413450063144305
0.5310005865034837,1.4524329483712741,-0.25000733392032554
1.4013457853736129,-0.1995446684376879,0.3935485504882995
-1.2319942058920315,0.5488894148739638,0.2870250268965866
-0.6304789762828065,0.30193644872230185,0.07674812558025605
-1.3072061996679536,0.5753337740004807,0.3227135467602988
0.8399021704717915,-0.005449923482890735,0.14108714737982594
0.18448165515533374,-1.5412655812630274,0.3729342721610179
-0.36166254141682647,0.5217505980334957,0.011956671647269164
0.8576376188749443,-1.2094953245703017,0.3240429809151726
-0.5632559736896322,-1.1661221425863157,0.22202551110401791
0.2723151980776534,0.20976215666978662,0.013908156525543182
-0.38628709348759704,0.3933158178392662,0.023759052931579056
2.0573051962553843,-0.5065891236906299,0.8595016594750324
0.7545730207293909,0.1200147950376882,0.11370322480009229
1.389507428498801,1.2440350014489518,0.1936164501127664
-0.1772848152229293,-0.630503371983804,0.031350665546045715
-0.567064265580082,1.0400480153214833,-0.04818960447125738
-0.41998636793255184,-1.036472647899085,0.1466234322217312
0.6833106485865545,-0.0898947897940864,0.0934553331323068
-0.9324431193983429,-0.4261321226852477,0.18162810714274993
-0.3829226588955539,0.6415315151743298,0.0029229092518476725
0.8740469949729395,-0.1385050975483147,0.15305733338255867
1.964298565463638,0.7460079464183762,0.7301763505496786
0.24286226581146478,-0.9166722875203277,0.08882329592619409
-0.08690005604920799,-0.7389099360634663,0.04185391190439529
-0.486961437784092,-0.6969811408711984,0.08128442717176809
-1.0391290036183178,0.15140672023853097,0.2156107325433967
0.1025980422970635,0.5611208288514143,-0.01556198711373678
-0.11922945927269095,0.9176800066375981,-0.07443805877892082
-0.1571422005912331,-0.07227454997438881,0.004976487651678802
-1.1218506333358986,-0.15475734873309074,0.2520804100306996
0.5854616085293667,1.1725766785076706,-0.09266873764563167
0.578757518633894,0.35198638182628017,0.06263113845932766
-0.3392909366444255,-1.012711797440696,0.12688588951794433
0.3919378049986946,-0.6596100155069288,0.059421715531358374
-1.1022370136303716,-0.6089980532690488,0.26557172314239585
1.549696926121373,-1.0744594077263565,0.6043544777137416
0.31791244733481805,-0.9777757362905554,0.11369346339431707
-0.5244281386583847,-0.30147005374199515,0.05774486078728099
-1.0780692524476345,-1.5856782489662298,0.6311457180888567
0.6227168236363965,0.5616285351719259,0.05983998990977417
-0.8005836087784985,1.3147521676803482,-0.09907772144716076
0.9126245194288349,-1.6047452886847264,0.5798319036147984
-0.4611689855310477,1.5312708641646302,-0.3165155646679422
-1.1301382224863015,-0.6082678476145,0.2779477687587946
-0.6868980429481245,0.3361062996102257,0.09056887730183338
2.318983421684709,0.11634557527318641,1.0753793332314197
1.0228259647711444,-0.43955724169207777,0.2177273013074101
-0.7439263963950262,0.92533902303858,0.03145292927563359
0.6959107472315303,-0.7912908144868569,0.14640432792380273
-1.3687792359474755,-0.8014455789361807,0.4261893723376507
0.21491720604480435,-0.5845803765843105,0.02921499279911062
-0.8745567572365962,1.00736233071407,0.050744904030640386
-1.8484947693974594,0.4538282167038556,0.6740395342650267
-0.4812982613190332,-0.3868907687454012,0.05212075711812686
-1.725484184676453,0.07900398370079427,0.5954098229546536
-0.07537880532763944,0.4641425066848374,-0.008862548704425807
-0.7644081318040289,-0.11322340987253444,0.11700910560295474
-0.12315890566191375,0.25406129033413916,0.0013937302603401283
-0.09868716492753354,0.49286157265318853,-0.010024393841062428
1.9307026365159754,-1.271997286149012,0.9513287816425152
-0.06750588384515924,-0.9986473275593566,0.10050615580786817
1.8411203844197042,1.0127772797802346,0.57406248378707
-0.3183423895005825,-0.2034679293722544,0.021110716305820128
-0.3865197952039339,0.5667714849904001,0.011673114754197324
-0.031460694081118165,-0.3683004299686982,0.005193773850050599
1.1333290214849994,0.6446483540308237,0.23009718581945476
0.25407750053459005,-0.3335555699458652,0.016622191786377825
0.8834264955054645,-0.22611388647773648,0.1572445381314569
0.4966518252184746,2.4998158264461137,-1.5128220929271936
-1.1056297297688773,0.7389850835420734,0.20412752177770785
0.6447921015878262,-1.286504875453435,0.2960801231086155
-1.3304918157764427,0.2985280460520183,0.35138124244677704
0.5890463069674102,0.9594135823291481,-0.018916455910885088
-0.6275708750917931,-0.280731833945367,0.08098149841508404
1.3001910553543072,-0.2409662536380836,0.3394985202602681
-0.8868166524708035,0.7298529875976805,0.11841055315981136
0.07497956572363014,-0.8675354141750846,0.06641663741676096
0.5856098342003317,-1.7548301366033436,0.6089752232208584
-0.546071610688915,1.1431233270659553,-0.08973662127206736
2.1085739467555746,0.06294994677848363,0.889191872638309
-0.31484304431428956,0.25595919670700845,0.018148309008142592
-0.8235318755186382,0.852234195301037,0.07374291418701806
0.18795742673016372,0.447387004114495,-0.001889081609175173
-0.2284287343155655,-0.7075185887414115,0.045853083506251974
1.2791127155224056,0.20537357196765704,0.32635963690572994
-1.3891601905637585,-0.24504181720834245,0.387424572661342
0.06854825167068644,1.0689205648711648,-0.12119414775194715
-0.5733897461920208,0.3246267921504476,0.062334160156361236
-0.6489947633384704,1.377441937703437,-0.17710959469130466
0.5142466153530731,-0.9268553851720677,0.1325124388815042
-0.8143083622637113,-0.6677561381588522,0.16239475178471696
-1.5442453458721774,1.3687139901780143,0.22052687169218588
1.0461331773354954,1.2712641214720868,0.013428345446526546
1.0458918721296404,1.0321527130012997,0.10881868471330146
-1.1394784501121618,-1.3649328055214118,0.5139748824731949
-0.4750676332923947,0.03579646992511484,0.045133264326359175
1.2543473172145794,-0.07046077451978038,0.3147124202475858
-2.4091646708774,0.5685498521688221,1.1424365688940097
1.179736740771275,-1.157530845440958,0.433450727347391
0.13291811401846848,0.8435539961452291,-0.056492452370117
0.8933384279642309,-0.42989703095941917,0.1675556990504689
0.02802051040928153,-0.7817937298172921,0.04794037483129592
0.4381359205076927,-0.12623265914089174,0.0385937647241647
1.9356751958613732,1.4525928116958113,0.4428668506918646
0.6375978072386741,1.1110180802812915,-0.05583356551110731
-0.048944413674127565,-1.0008534365988178,0.10073536067399501
-2.098882266395177,-0.004864532078901215,0.8810613651489003
0.0855825968426204,0.2637812726552198,-0.0003705286852405188
0.16780492090946786,1.075762509984519,-0.11886252943673149
0.41190624202997556,-1.9157447298748334,0.7370265842212025
-0.8877452418770779,-0.8380338370058935,0.21647349893323087
0.03615978426828336,-0.12033589024978503,0.00043576111093577603
0.06142552141852933,0.14794495945708422,0.0004308012842318391
-0.5159505528224314,-0.0751268746603343,0.053283396554934595
-0.032783243381392616,0.2659832499731349,-0.0016668058635975044
-0.4727258369746912,-0.46166331472394745,0.054533512860526136
0.1257309629289492,0.7799829218235795,-0.04429042795168048
-0.7187664640396154,0.4187577010120068,0.09598179416311807
-1.0882759946762457,0.44382227010598463,0.22812659659888151
-0.25521792286272343,-0.9555855784190852,0.1002859420388994
0.6329610777266909,-1.077244357298547,0.20513734891238888
1.313898871308257,1.78184879940588,-0.2204682978818211
-0.6564229221352832,0.9899545625474642,-0.010838330098071627
1.251961488514812,1.4506122959737133,0.008232644952203383
1.4983494052348605,-0.24035208056690063,0.45039868091526475
-2.5166275531342523,-0.41542580630585774,1.273852208667148
-0.681027716782588,-0.44934249936255377,0.10183236537452882
1.1503720217021807,-0.5783951573665921,0.28402084467159733
-0.88648484588594,-0.5731239890494145,0.17599654350012353
1.3413012209657982,-1.3699650154995302,0.6169333948532136
0.4408140560451809,1.0325665718806185,-0.07122819359470581
-1.1043507041516782,-0.07400236768550635,0.2439586218418197
0.3170266715900302,-1.605667430617789,0.4340692045075168
0.9806428249715113,0.3935822410169974,0.1862352063823902
0.024072384485309205,-0.9454270308364325,0.08462121490829794
0.3179519246630724,0.6641315271352157,-0.009074209503217488
1.2889260848834956,-0.49181528395574453,0.34416223036274246
-0.30662075939670785,0.7093821845258675,-0.01689449102490192
0.8996044056135535,-1.1932744637637396,0.3317684390658491
-2.214852720255623,1.4578544100413702,0.6712709609815792
-1.894780706438702,-0.3629687489067005,0.7228207645272274
1.56396422770691,0.21107134253458748,0.48825647481486156
-0.2916451076819099,1.3014713190303506,-0.2034354295640161
-1.1426104776279657,0.6572803180106146,0.23271608623038914
0.9842805286411239,-1.0526119010091441,0.3103901687914981
0.5600875752376966,1.2431957097321813,-0.12940070093434763
-0.21993488899289387,-2.32315779845461,1.263496974845742
0.5855710186751,-0.9351255018882899,0.15035164056720168
0.11310909774614088,0.11304423807994408,0.0024142743694251494
-2.0575242253755133,-0.4817982814770525,0.8578651510681894
0.2745635112665263,0.6306660121731968,-0.010007061590352825
0.1771804191664969,0.8134135307618737,-0.0475402405328879
0.012056886270350098,-1.3772250468615417,0.2612540732885052
-0.533499918780724,-0.10955011139461254,0.057055906242256524
-0.05618321052254339,0.3418591848634942,-0.0033639191147542278
0.25912394765420177,1.4473875497222009,-0.2897886199846859
0.3542072720107734,1.0318996542916308,-0.08478586043196636
-2.731451091854873,-0.789840171211908,1.5414389947488552
-0.03282520265095491,0.6343083501583678,-0.025305712660175405
-1.007378900287054,-1.0756768536066987,0.3274269417116765
1.3319591031081393,-0.9677637785312541,0.44546054631803966
-0.7341808309385132,-0.4058059207432891,0.11448704731608544
-0.22151408232331812,-2.2974775559960148,1.2225149677736122
0.3162704337255704,-0.6718170059951579,0.05032705785071456
-0.19330791741667833,0.0008369546975672238,0.0074735901285665615
-0.446895254788123,-0.06737078163261515,0.03997365215047867
-1.3562776378848118,0.8012012326392847,0.31646682305484036
0.5467365746599225,0.23846796119322602,0.05842808141005627
-0.6850530343257782,1.154477888582769,-0.06001149706897957
0.035179605162418436,0.42347892165830725,-0.007346912785667543
1.5893563425414927,-0.7533741967025821,0.5479701779212888
0.9192645474122478,-0.9333533916593518,0.25031840735136723
1.2075417661150474,-0.27475081996607476,0.2937054627313646
-0.4091493852684259,-0.19112955065982826,0.034178849796297255
-0.5990098436863032,-0.2527562031668589,0.07337730921898146
0.6618570992742958,-0.09857939156599295,0.08770676240380766
-1.0209219580400524,-1.3672112377363954,0.4640245547721541
0.32756885180240763,-0.6701482145938696,0.05155653500939229
-0.2774095160974563,-1.4038792062016519,0.29207850726949625
-0.505096183253694,-1.7326372653155437,0.5711676638429904
-0.05566064777742441,-1.1893505993776514,0.16885978720287864
-0.6660521458964073,0.9055913171942793,0.014457943688842068
0.1630473480831957,1.1485937247707991,-0.1462133547567726
-0.9499846947184202,0.3267492572276081,0.1770056430758621
-0.7691487822089969,0.21202248601464008,0.11736485381912536
-0.9232212425535368,0.2915726546257358,0.1679886989031526
0.6346650195238289,0.6602169391811219,0.05178197846983001
-1.4642196173809865,0.9878375831663488,0.33239234523159006
-0.22914240633589564,0.8918479287416375,-0.06043568722408193
0.3980150766925553,-1.5169341777736567,0.38074330073700635
-0.40096161585314083,-0.2802234251274868,0.03435450263080429
0.39328056726169075,0.6913226325087117,-0.0021062530323073467
0.42536046487089635,0.889138225133885,-0.03410600964865846
-0.8807950460236728,-0.08364503635790452,0.1552185048036382
1.100147162549688,0.02934167527650882,0.2420622297289095
0.0003002885997358804,1.111911515685028,-0.13747085295256284
1.4294743097491236,-1.0892512099611806,0.5379155525155195
1.2064006020779519,1.2436477975027955,0.0987304716621013
0.980120567479534,0.3422766115989937,0.1881173826271109
0.19759569770783014,-1.5697193874819313,0.3945906444977174
-0.9511129446246395,-1.7331134771246117,0.7014953984614685
1.749906340368978,1.1730159325711444,0.45103139159737615
0.07259918934245224,1.0462735327894703,-0.11348021160243023
-2.1548194117273316,1.5323641836709123,0.5688287773251115
1.8182972906277324,0.06993287901570673,0.661206805994098
1.2499538911940131,-0.3044342814600785,0.3152984499973812
-0.16564510206711602,0.1334104443625246,0.005250211434015384
-0.9961873576958079,-0.7186267691213472,0.2355894925262022
-0.9746136919671679,0.6295071184252097,0.16502831122086403
-1.1029198094343353,-0.6162391612223485,0.2666881467283454
-0.5796026101462481,0.5278166149447482,0.05248337405705403
-0.33684976385225684,0.09785392952429398,0.022599853712734944
-0.18892110057111583,2.4119012551507373,-1.3959292817308993
-0.3106779493183331,0.6183608649473706,-0.004340116604857034
0.11815627097308723,1.3372545265776465,-0.2363423155583326
-0.7930164563814739,-0.03541270267968993,0.12577946098202686
-0.5340525983160797,-0.3173173326837432,0.060237512966616794
0.8376332911814214,-0.6197957136570283,0.16413515555948122
0.35966162306373484,0.7611897348805118,-0.018232783534481954
-0.5198792940709849,-0.5323489751266087,0.06914142282253785
-0.47507482355841313,1.4471489625055742,-0.25792852404757366
-1.0373523557828663,-1.902641039868972,0.9039842058321047
1.4532510360797344,1.1478588907531744,0.2711481192482632
0.5911163934653345,-1.0371730529646608,0.1814553214798913
-0.2836276194104213,0.4787166163969991,0.005118195805926658
-0.8336946937099451,-0.7421375498929733,0.17988394048165257
0.7015359721293654,0.09055988723957474,0.09835627503096513
0.3854717271512823,-0.464513804046304,0.039740647634996636
0.30256091853496325,-0.7753334796811473,0.06491717411472167
0.9385540960194313,0.07395598958397158,0.17613630808829078
-0.0553825540065272,0.0983264299189023,0.000518382611535653
-0.342810754402114,-0.010492285339746561,0.023503958174274347
-1.1041403167889146,-0.035052725694616926,0.24382947473764233
-0.4444115018478315,0.19577643747075135,0.03874993657064746
-1.7970819861215093,-1.602281799557817,1.0572556553893597
0.6274221326625558,1.2941799061003794,-0.13803069682950556
-0.4424551179964555,0.28348405841047336,0.03687513735756341
0.9417030716881162,-0.18681536597070517,0.17801292031695967
-1.915579391935092,-0.1047692403912746,0.7340038823000237
-0.16825259033371556,1.3205781051012142,-0.22463733263240745
2.7026232437489015,3.2056000052985616,-1.833198859965434
-0.24343807446385182,-0.10533745848105497,0.011969301454666714
0.12066104871132986,-1.3285229131045266,0.23739254224262707
0.7892445978395077,-0.7987742035699475,0.17554641456346695
1.838728049905952,1.0282506515247385,0.5674672883687425
-1.8126273507272501,0.4268187050537793,0.6493480466089961
-1.0010585801060936,-0.326374374953414,0.20390020359513353
-0.4659663748260459,0.0997651952956846,0.04332563525511546
-0.5687871174879832,2.0570539979144313,-0.8057327076817146
-0.3837710162186595,0.7146173687531465,-0.007037897122976644
1.211004682382356,-1.2644663320523595,0.49547884207990633
-1.1752791395655462,1.145531010474322,0.1259349014050592
-0.8583869936523455,-0.4878419363897035,0.15897578446145727
-0.055442288270922346,-0.5327135492939787,0.01573231303544162
-0.5742809760922065,-0.9352240880657708,0.14775855050363518
-0.7538947290219514,1.436086292633267,-0.1824989194267318
-1.332126988634895,-0.330339858705867,0.35851727739263095
-0.04413624715140463,-0.22728890053142645,0.0015637816754439137
0.8884217861340186,1.0055573053349594,0.056182180159265196
-0.7552776491805284,0.9149132443508317,0.03750456610387491
-0.35798707426642196,1.0544741920168164,-0.09161770469198346
-0.9178181876408581,-1.7353047771707422,0.691027365322129
-1.1530581368076789,-1.1030251771130037,0.40010977549211635
-0.5387472782972895,-0.550401368523069,0.07472367675543592
0.6635936362493255,1.2044515590647284,-0.08665891341933844
-0.8403501167549269,0.38311977137800873,0.13561420265446988
-1.1992880485682293,-0.8037887269356334,0.3395892507663001
1.536086874161731,-0.20128520980559284,0.47272809883019973
-0.45853772327281916,1.1108317990476086,-0.09501941960593013
0.14763104324057202,-0.0002113084468986351,0.004358984986603448
-1.5945485767148553,-0.9927382858327808,0.6063542999054734
-0.4140417340629459,0.3900807383675855,0.028350526654718662
1.3301066792740646,-1.2239429412099454,0.5371878540124178
0.1506129203839175,-0.3129316747118306,0.007601272367593152
-1.6628898620215606,-0.24716139193883604,0.5545504167815857
-1.4793733020479036,0.5622222788113528,0.4199375706024906
0.1895831159123017,2.189389393984282,-1.0422792351115222
-2.1170188319837755,0.29209496869309676,0.8938616081814408
-0.7725760059841592,0.7370868502206904,0.07932902773241632
-0.06912278648659045,-0.8045179788845579,0.053027952002296264
-0.1736393922741059,-0.05869776064670884,0.006050351595417301
0.7004917324717839,-0.1652583239616278,0.09858905911814249
3.529274674709998,-0.0648734770644335,2.491183248354006
-0.22917875320949901,1.4016101582398623,-0.26484328217397224
-0.23665242375921444,-1.624209203202833,0.4396762819098058
-0.9522966273602026,0.605605281053834,0.15916272987955357
0.34004644888548896,-1.5626276855645915,0.4046895713855771
1.8340849283680472,-1.0397915590182132,0.7851922835183538
0.38037136793033083,-1.1232627822659533,0.17066070617540424
0.28561791723581414,0.17048233938983878,0.015820025170277648
-0.0687345642076804,-0.47068803812724275,0.011372851131529308
0.18694525845485843,-0.3929989340593645,0.013059502241845163
0.6682921784121013,-0.12330291275915096,0.08951035206407928
0.20959811601292874,-1.3729272966670738,0.2675733713760172
0.31448577471659783,-0.13868359059776367,0.020046992567625575
0.9548778602669897,1.0927809126735168,0.05186171390435704
0.4524009073835586,0.4802341650327975,0.029857922815952655
-0.9745764653201269,0.5888874877471908,0.16953791807344742
-1.0691999805797385,1.045166676088057,0.11446649414804361
0.6001923388854101,-0.0332855356964093,0.0720498565253411
0.2889591954650137,0.4319181782578859,0.008641906631406711
-0.3369188272148992,0.20438829571301786,0.021849035798858343
1.202141968241021,1.4881440702321171,-0.04053127177660798
1.5049574165508108,-1.0133278298988768,0.5570312401545069
0.27454123579104023,-0.4654595280015093,0.025158878429930677
1.720543647579897,-1.3270647908949742,0.8257635962664714
-0.8894227626540163,-0.06367301808135246,0.15824038479935268
-1.1291976451348762,-0.2784799628625664,0.2571771068140345
-0.7833848527335492,0.421488576744364,0.11525051048886208
-0.2953336698480926,0.5431693666362839,0.0014191086609042398
-1.6411714220882356,-1.5989502163965001,0.9474830223945404
0.17826146431070686,-1.3535286530839044,0.2543272682129262
-0.1671422058511349,0.72322416684182,-0.0322411677578798
-0.3073541285934518,0.33135063172122226,0.015255306091574043
0.2824797244062901,2.1923862012902884,-1.0378240213505523
-0.5394631111361164,0.43132746418936163,0.050179527664035654
0.22536976624500094,-0.36094057607867014,0.014860571534418025
0.7000219139516346,1.2138223457973931,-0.08083416207550372
1.3427057160816473,-0.6835717459778168,0.3925130076616602
-1.152781020412559,2.2973029875629516,-0.9466440420704456
0.586573973744077,0.15535473454518559,0.06843885522968338
0.3922845846291962,-0.3500817811543729,0.035067945227274605
-0.6446356756322751,0.8981508651991621,0.010659448037585978
-0.6479638350749903,1.738874525133309,-0.4418093884465996
0.7547645471697444,0.695362818499726,0.08031106425997528
0.8365744997456893,0.45696919185780877,0.13042890956973224
0.61715502301259,-0.5363723031612139,0.09160724074222654
0.34560418974798207,-0.5712893810131655,0.042533711664066026
0.3692328495870212,1.7385381599969785,-0.4982091757084071
-0.3009061163500927,0.7687207839815341,-0.027317245473012938
-0.7644440465702261,0.03156306360753037,0.11687179566976513
0.019808890394253285,0.32585464459084995,-0.003381486900861201
2.011489408639023,-0.9500424671136714,0.8949669266984125
-4.011049238436554,2.2686589001077073,2.0500668401523785
-1.9254633056698187,-0.005684269875691058,0.7414818066625903
-0.6933312369903792,-0.050315730398172644,0.09615437913355317
0.8196735666681043,0.22154116172573995,0.13328561638272626
0.14206844370295413,-0.024771614123498556,0.004038208606893597
-1.5059557950101161,-0.2648274014688316,0.4554378999531657
0.6050317555853868,1.5703821292934574,-0.3140592568776032
-0.225144797840569,-0.026374011240410937,0.01013987054474391
0.7252205973453445,0.5664159336534345,0.08701682992761156
-2.382314634196842,-0.04582522561811875,1.1350942263359114
0.8333666719280753,-1.5775464842017486,0.5314965668041682
0.2660436777592665,0.5522109608312824,-0.0026831046584847203
-1.4853617314815464,1.2948049003908138,0.22418329845953416
-1.1770606907923395,0.047223658610569715,0.27708384273670117
0.06725028414549739,0.7467441953583287,-0.04073594443131868
0.20185563298269715,1.5585981971215732,-0.3704699518097007
-0.008371487603740038,1.4787403112008077,-0.32333812128169215
-2.0023141547901577,0.6243532183168052,0.7775140487139335
0.3596087910178788,0.32292566882240126,0.02249619574935295
0.5240689152007137,-0.3469722273278524,0.0591068347323188
-0.028194799605015516,0.7448651911553914,-0.04116793053286834
-0.018892634198688765,-0.1623913298213948,0.0004996275918925001
0.002048395070746888,0.4163490510581213,-0.007216427238966641
-0.14798400543522078,-1.0836416510779214,0.13162964131325056
-0.42197904729014907,0.8404070498126919,-0.02374334279448123
-0.487953708654913,-1.1450459572106368,0.1977502028991434
-0.6676698046229131,-0.45789127334324375,0.09875694434365509
-0.7811393488658588,1.0066098970256625,0.020039631260881485
1.371252446045458,1.0342161326637997,0.26544658540535704
0.8001121045610019,-1.284163046875926,0.3398039590767896
0.13349531614352858,-0.30957237123000864,0.006530988347765323
-1.1547688029521053,-0.48173930089228145,0.2778780542822633
1.7710412519150733,0.6932192760845164,0.5940045653635858
0.12603115801089237,-1.0171985161948913,0.10842557081729318
1.4821906711056025,0.7952397063546045,0.3890863857744833
-0.9238442198249834,-0.349903491677328,0.1749815827978133
-0.25999632477667933,0.16363104130833245,0.01308149374076869
1.6429006100682535,-0.39878134437877866,0.5461661654763069
-1.653839504258591,-0.9454691758428987,0.6315536418124326
-0.11325308290785163,0.6174731899061817,-0.020977342056124934
0.6504086621684894,-0.3782149597037553,0.09001652029639777
1.464738654852945,-2.4391786173944143,1.880303704162472
-0.16147551054696516,-0.08804968497910898,0.0052831307946073075
1.5588859548829248,-0.26180777561100654,0.48781960125453894
0.0012048238667794653,-0.17134069034362526,0.0005033060163521612
1.7799555967050151,1.2369767012225825,0.4443771750669399
0.6005707449448829,1.9860197242163313,-0.7112036207476105
-1.6421184135214366,-0.37252265597221734,0.5444801902724171
1.3319957774902007,0.4033910565499805,0.3482783957247372
0.8729774109193252,1.2044681198518625,-0.022319511775323653
0.6119516146603462,0.9588546376979497,-0.013260352157576497
2.553344677166819,-0.39679597013058693,1.310161243257187
-0.11983030686682228,0.08863038288896534,0.0028022382672811073
-0.13517569366948193,-0.7014271571313113,0.038164713744058304
-0.44532159003662775,-1.9048232881042948,0.730799156490089
-0.6558266272308089,0.4498096502935248,0.07692077185088929
-0.7783116200792435,-0.2791707039505293,0.1233295482594412
1.6391346440228007,1.2745024885245604,0.3303278242116354
-0.02792322873348223,-1.1049517788781593,0.1350615408528098
0.02006720760838169,0.30574599461136,-0.0027775937423705007
-0.9248570932220455,-1.1754232760642527,0.3334709448938983
0.5057825367308418,-0.3519200290992346,0.05552164375332783
0.14407220237907697,-0.14510199830356915,0.004456866206636366
1.515721047192271,-1.0115221153644272,0.562978673899012
1.7594476527054315,1.3760653231270543,0.3585655647883364
1.0501457495571538,0.14833432167945093,0.2202348380016028
-1.835662876280068,0.3651905046323175,0.6690613086020033
0.24842786666925953,1.0197855392430537,-0.09371059559397305
0.6248259070509552,-1.5298802275073973,0.4361550767804194
1.7065271485902516,-0.5420152078495736,0.5983703308683378
1.1028554073961743,-0.045071156501485056,0.24326716572056087
-0.901817887713812,-0.7762256850197929,0.2094247406093854
-1.4903404011826942,1.749195423552008,-0.09097573291205674
-0.5740709252313543,-0.34670283642141747,0.07007895257844705
-0.9569578488066073,0.3199545897178678,0.17987825968442936
1.017916248970047,-0.025270421479823404,0.2072323117379135
-1.4559747675845984,-0.29837177608619087,0.4266287808914519
1.993091125457218,-0.7496436433822334,0.8366098402642492
-0.6521978103580657,-0.6482958774884964,0.11231946503049428
0.5955898548694193,-0.380031215019851,0.0764340073904172
1.45730161410141,-0.7835242979655219,0.47284696457281744
0.679761668947706,0.9088493254957974,0.017343586067403036
0.46859390038321136,-1.091037535669811,0.17378910965479663
-0.18335753793800796,-0.04424043742386468,0.006732656154277403
1.2138189889670163,0.11681920715170853,0.2945118876106825
-1.1304378471181427,0.9678515130277311,0.1649157563939088
0.4211570747041842,0.4792938119922919,0.024464196251971326
-1.4700749122611845,0.4573382067967601,0.42265844430066424
0.3149045070148178,0.12054288382058188,0.019657813823521816
0.4220793372174244,1.081135146473955,-0.09073863471189203
0.10838577158925929,1.4550996960323712,-0.30574096443988247
1.0787085242026835,-0.4875464916522245,0.24431147325064906
-0.9497190852302735,0.9553384377620442,0.09320224874052649
0.9036409230540875,0.22202837410437365,0.1622188591931794
-0.7310707133146661,0.8185739551909426,0.052043239355632855
-1.4177399873440526,-0.4603627255056057,0.41175397831936245
-0.09330182055850486,-0.22443250860209832,0.002871511388162647
2.2777883219882518,0.01498179884722242,1.037663591684299
-0.7469733047163382,-0.4829444258985988,0.12285779329131065
-0.5190094168320167,0.6260967456830527,0.029331341900827108
-0.708818269507972,0.3871795366695263,0.09468053708653944
1.7172990522083649,1.1136995885884502,0.4516880651933342
0.04151611699882379,0.7381075991508762,-0.03986759313884713
0.838061529680539,1.4884300328852054,-0.18928093067361482
-0.6151614696053799,-1.4563995622317654,0.38460159198670707
-0.7502995550025309,-0.8191604739255979,0.16755750857029192
-0.14675027719505554,0.4231855016861023,-0.003271529785371087
-0.0762171313242458,-0.1271105794271988,0.0013671840481486177
0.8353061439865309,-0.40467774360850617,0.14617443851927397
-0.4817239255187508,-2.319680429687702,1.2946124425846297
-0.023303250353813337,0.08701395447076876,4.272630391107259e-05
-1.4889892952740218,0.9773544589372153,0.3500588017577902
-1.4207295933332136,1.3142492460711177,0.17669067240305636
-0.978145041692291,1.0673816771990796,0.06974636099270895
-0.15761763319930755,0.5250590144005702,-0.00950652914272258
-0.24385219294671734,1.2575898347574876,-0.18699910246014712
-0.2255696010832885,-0.44651594004719264,0.019078806836211916
-0.21966500485286522,-0.4019159650236315,0.016142950406508597
-0.45072188333275515,0.6218176456532676,0.016587017212305988
0.7377552991836845,0.24918151642410052,0.10730937267294888
1.103565340721234,-0.3744607165516265,0.24882201143006935
-0.16408910394477585,-1.4215992847935002,0.2926823761582634
0.27181926770698944,-0.15980553188100338,0.015185251158720235
0.3195200837409117,1.0573671146904056,-0.09779769281499058
-1.9397531906580319,-0.08276979914365294,0.752585192395785
-0.4960616143066526,-0.6615549746844984,0.07816870825882055
-0.39268405837387615,-0.8308788344256921,0.08820067503396711
0.7921760349459064,0.7149972459071511,0.0889564089552316
-0.44604457857991475,0.5990297542065347,0.018295770405295748
-1.524380048526094,0.8900505021774667,0.39423800495546363
1.6979270467743437,-1.9974324417828493,1.3735141350934816
-0.06080594447813814,-1.5952976954256288,0.4067387058668676
-1.1991569181947423,0.8985071950207419,0.21505761314747807
-0.47471531732323,0.07451565219338362,0.04502955107020717
-0.13225644428225886,-0.22042821381204772,0.004569383185466755
-1.4304612088628357,-1.0001689733843855,0.5092945545936646
0.9493951691662902,0.39415468749954796,0.17414673229796776
-0.21313899081818108,-1.6183088581570109,0.43290836554283274
-0.8060107083993894,-0.3929270085410428,0.13599711670164696
0.260344237228444,0.8275998419999118,-0.04312826802068458
-0.054504248340884034,-0.5012842840489056,0.01319071154076456
0.9435774290336716,-0.6434916404575252,0.20471347073082366
1.0140605263742621,0.7696655450788739,0.1600699138909693
0.43179328613080825,1.0444821064914684,-0.07665794238397534
0.12620146938561203,0.44246108403203654,-0.005476778591594558
-1.8134166870668889,0.3687537267068935,0.6526817284193684
0.26957687942504005,0.03909384522256327,0.01452836395940978
-0.9033593764608477,0.3980197429965497,0.1569062151505175
-0.6049998602676355,2.1830787490887786,-0.9672138699514868
-0.8391152681716941,0.26912299919299726,0.13887370443130914
1.1076889445376967,0.374239912466639,0.24015352331196468
-0.10358481284753748,0.7199077713101389,-0.03516449574086683
0.7333675790523029,1.1437419458751654,-0.04205250263468943
0.7470688614326011,-0.6281767507797085,0.13641061013461803
0.7871908364245613,1.3999357815364504,-0.15042835868533094
1.2718589475474247,0.7920169088351692,0.27384254573228106
0.7018574450147175,0.6296423003581868,0.0735586417430775
-0.686478177622635,-1.0139556819871818,0.19849586238683284
-1.6633257300825666,2.7097654260617845,-1.4364038275251443
-0.10792711982274243,0.4986509834948035,-0.010069443854793273
-1.6687760421599775,-0.30717422877526296,0.5598610691400615
0.3712723696146562,0.7262077625684554,-0.010729944513498839
-0.2913686103334072,-0.016312634705292036,0.016979567500079455
-1.9378197694428598,-1.1188055993868133,0.8910728940947581
1.4616257190478825,-0.5444170834213031,0.4434059243135538
-0.051183941874007544,0.8649680553795952,-0.06419033305457272
2.7376565151997783,0.03966423398798633,1.4989463988617642
0.364028073700081,2.083893394197802,-0.8784506913261306
-0.5666579365752646,-0.43928849173598633,0.07269738580496302
0.013574358141339516,-0.8048982685930397,0.05218309029053687
0.25038026547432113,0.31317078730127423,0.009466603470061005
0.2314259354402549,0.29781273819429616,0.008070219263765836
0.2539118570123617,-0.6558203733821611,0.0411011042355434
0.3899036648821275,0.7363057239530819,-0.009513555495444751
-1.9218389883411422,-0.3001830675318831,0.7413979652618303
-1.2153673053923069,0.5271942745995464,0.2807710264283927
-0.2997717397373254,-0.3336354462736201,0.021686402454055467
0.83563373879728,0.47103819871177366,0.1292054955649563
-1.0071723401676111,-1.2027784731434248,0.37688230627134023
-0.1554818929632642,0.3377460329105333,0.0009821743341495203
0.5941709197338916,2.265718666119036,-1.0924945727816269
-0.6046112086653693,-1.8516280637646156,0.7079465287089621
1.343354685544566,0.1642808486599666,0.3604769978403275
-0.35151428742153396,1.6332565288139527,-0.4109631118581648
-0.6825850313187773,1.4393661529091977,-0.20501980494143898
0.35154056345905443,0.374810855513068,0.019450691560381865
-0.25701484364085486,-0.5686995563565481,0.03160416069577189
-0.04963457216477253,-0.13454462119301286,0.0007362742562048594
-0.4002922485269593,-0.24974666512869587,0.03360453162908276
-1.43207420045222,0.627032506498947,0.38551428084718214
1.8764507923124558,0.809687244632342,0.6511309510668155
0.5468869085322895,0.45747209131843053,0.05024304953884439
-0.05217486664638499,-0.038140939611517224,0.0005499918236825874
1.28538440283136,-1.4410370434906814,0.6296866013330142
-0.12960830255004535,0.9437200965346287,-0.08068876855104416
-0.9657065756447265,-1.3186714087838305,0.41582085561488913
1.7989512252036057,-0.38469972232242244,0.6529384224462277
0.10800815271101173,1.7591884299864864,-0.5420906197190075
0.441628044390578,-0.4477784612689949,0.04798527260079429
1.0297373072568934,-1.314224349197308,0.4390627267615634
0.16226994548672288,-0.9888072623187341,0.10194592873063192
-1.8927986966298733,-0.7418432523218833,0.7573633455730132
2.8809347535684657,-1.1129296718192996,1.797805866104148
1.934809746373943,1.8943156620112798,0.06893548967349483
0.10530780316862154,0.05720932490047163,0.002199222602473312
1.6050838671031924,0.17381675983939623,0.5147337042686166
0.9977843750631007,0.6818136176558556,0.16741927518761912
0.032739105071502524,-0.07880338838235276,0.00026330649963506936
-0.22912023675691728,-0.5455322229932394,0.026734550466979996
-0.5898734036177279,0.1660280334657605,0.06913246507291905
-0.8119182435126706,0.7549066884458419,0.08882131433327306
0.20304822494455046,-0.18047518090849352,0.008833547292818919
-1.1450504785943107,-0.7645587729820048,0.30692041175209434
0.3432973453458799,0.534951218429736,0.008261764333869439
-1.7780731740416693,-0.34924382594815,0.6365686130485955
1.606562099211259,-0.1843627460577157,0.5168349977318253
0.45580232525343156,2.619845810381252,-1.7566041409793753
-0.640481344366957,2.033050848125988,-0.7582767727295655
0.8756537488756931,-1.0885579991761705,0.2823435048833337
2.1799889516928657,0.3074660905679837,0.9475637230116416
0.3067408744741754,1.3153585491981943,-0.20876114907709195
0.6375540569171229,0.028783364504797838,0.08129265044814936
-0.46932914098733447,0.11023659152578624,0.04392000784022577
2.148849825869289,-0.46258299289069055,0.9334096056553445
1.308844473665085,1.649238675078155,-0.10597620348696879
-1.654302806290032,-0.870828607062103,0.6133821860422002
-0.19297415065994675,0.12208285300211862,0.00726584955805854
0.5393378778091363,-0.37666661401220225,0.06352113000974632
1.1188411613642673,0.3759456497748597,0.24504767608462816
-1.5873683096981104,1.5484353643527977,0.13268670329313487
-0.16026798633449701,-1.1380422482923287,0.15252958731736868
-1.646035125303494,0.4514402353089033,0.5326860521253216
0.031914940796579826,1.3528435981765035,-0.24739180176363001
0.3838588897881868,2.133661019481309,-0.9418816437960967
-1.4120206385185514,0.021263190649739864,0.3987594953621248
0.08056794533818191,0.05367392870057539,0.0012827758914184864
0.24772566974315222,1.3455581770605503,-0.23134331361965865
0.017064029612130265,0.23299526318294722,-0.001206620333129341
0.9413797601796465,1.103170175323207,0.042985077243002406
0.017324224585150375,-1.7896401709810952,0.5732481168281021
1.307876568036618,0.020078189776145932,0.34210741402434564
0.48004766052537245,0.5626023320520918,0.028281584395187846
-0.4404264485127546,-0.40829703499753117,0.04560166700200732
1.5919968932933446,0.37217240043906,0.5017357762949468
1.8698439332420613,-0.6633728900336702,0.7284558925678203
-1.1654763386146632,1.2546646752816353,0.07415978278759738
-0.8237082461018183,0.40083817126564003,0.12925873835586338
0.43115757594982945,-1.6669947260382012,0.500415770647368
-0.29922017229834025,-0.399798606524938,0.024296880281549686
-0.19440331160671384,0.2546745983947529,0.005906731687696668
0.3527438294106646,0.17796504412788466,0.02432199883476976
0.2959522400841726,-0.12210916678494504,0.017699618370002543
1.391553912839421,0.7953930255638115,0.3369639135262003
0.6217613105149002,0.3100859052172044,0.07433584811685315
0.358054739626287,-0.17119045581729075,0.02614233301085286
0.12636275525226986,-1.1087015037627388,0.13947720726866694
0.656688901377181,1.1235391909913257,-0.05558081884189291
0.3544143157848493,-0.8668673044116739,0.09026341858205873
-0.8265064489775055,-0.406641830534207,0.14334671287517786
-0.6638566271930769,-0.48119570067762146,0.09928317717223603
-0.29381235501343267,-0.506100977134077,0.030228319274071727
0.027451892445620213,-0.2571449332558828,0.001851054008594474
0.6132413214876538,0.8499202949419095,0.013817758127387988
0.09071066957529815,-0.19277013075393187,0.0023620251533096105
-0.8751519248852716,-1.4406054121545506,0.45215335147968666
-1.6546406316072597,0.07938678292865012,0.5475170923281261
-0.16064987604827863,1.0741802724179976,-0.1187840383089093
-1.0989758044231084,-0.025139234708834647,0.24155115249365877
-0.6538604832986886,-0.7704582398846854,0.13124156196808617
0.779760924189365,-1.9421532706329114,0.8541777340694299
0.3746473116317359,0.31307895732008756,0.025003370726223828
0.31525532548081503,-0.02518477087866427,0.01987878145002557
0.2590895308511232,1.2340664285181528,-0.17451296136167413
0.7591057969337158,1.0900608047078213,-0.014276251643345367
-0.5158523943281179,0.9831114672998083,-0.0417977867051478
-0.6517847511297284,-1.6045358646601784,0.4980581013049277
-1.3208631524910246,0.45598981329003746,0.33945464736262687
0.22371611008387124,1.366925872900487,-0.24539845282253744
0.5562778146256662,-1.4265120443078518,0.3521751601302665
0.9218331667231163,-0.5679003129549496,0.18827067391743918
0.8507654631360088,1.6838432939804167,-0.33266446944093175
-0.26190212990647005,0.5487823171494846,-0.002808694624856046
0.7894502313776,-0.08581332333078273,0.12470952586466805
-1.3473585485152035,-0.37500305068630085,0.3683485778532745
0.7296380399029019,0.8228720943167062,0.05075614338419653
-0.9575089281778417,1.02036374939625,0.07713029555371666
0.371546466577482,1.1313725912229526,-0.11720678209139071
-0.3640347821805552,-0.0925573322986334,0.026583557096025792
-0.030522901113854556,-0.5652653321409287,0.01824796412914966
0.3205500393804183,-0.527700873110999,0.035245257382634364
-1.6150631934575146,0.07946044523252711,0.5216356527462337
0.15159379473802323,-0.14760241471948157,0.004917709320422703
-0.27479252730294723,-0.48063666755515594,0.02620545146929053
-0.9336736694330604,-0.6105415715260987,0.1971079135177102
0.20056550715873955,-0.29302069840236766,0.010561213351171285
-0.12592101169560266,-1.342373442907238,0.24506241235853113
0.27456921717663324,-0.315893902243609,0.01822992332194813
0.6291285201781188,-1.1799122408296001,0.24342708294596682
-0.7172421430594051,-0.39572860241132857,0.10908441285922126
-0.025048822907073814,1.0110993453765098,-0.10324141028638766
0.9079929678132302,1.1144086375620708,0.02649110043256564
0.29109967695839906,-0.8913759395828643,0.08777217465562656
0.34214237645496043,0.4026434351670807,0.01688455588812552
1.3894801933590015,-0.5977834954819222,0.40749254229110665
-2.051656957411201,-1.8360743278252711,1.460830928232431
1.5382926592351778,-0.09639509730951372,0.4733584315583101
2.2520967391522686,-0.14897117626113954,1.0147185474624432
-0.4854694829814539,2.023746246892954,-0.7816990420486314
1.592694670521686,0.25201243350450975,0.505734725016768
0.5218511403628097,1.0841818071954143,-0.07297444870086647
-0.7628316586084278,0.758716574183641,0.0727068445544629
-0.3189472229152405,-1.3757479122766163,0.2807308409785674
1.2684081737741701,0.48041851172488936,0.31068370629977327
-0.08583691794884574,-0.3550776836981208,0.005950420465756574
-0.5959542761610425,-0.9304478733733056,0.15158426553284776
-0.5053146327747747,0.37261316460180965,0.04589519318678634
2.02848496520871,1.549946838160132,0.45060106589748183
-1.4016531336740456,0.4219935556828626,0.3854115009113288
1.506261569380496,-0.299237369401645,0.456444244352497
-1.4823453383789555,-3.0073303783875973,3.159309962481235
1.5990607634713088,-0.4577331412241297,0.5209894728282596
1.5320453123761997,0.3267523753356399,0.4659439269983232
-0.7789818766370366,1.7023852939623034,-0.37200840010658476
0.4549373245501907,-1.426118243134774,0.33143941080822037
0.44329662969023237,1.2225483426231696,-0.14342268404640612
0.2511649476699974,0.6012064691714993,-0.009113794660732318
1.7836407814723683,0.21586910137080373,0.6352689489181171
-0.7386874126192443,-1.2165181267358944,0.2891663256208681
-2.3579150277760528,-0.5141251906228133,1.1255422549178893
-0.7637878023231734,-0.7145826846807801,0.15316298363666475
-0.8293934004049583,0.26855981226138625,0.1356417117262201
1.111692878800237,-1.5362376699249463,0.6097283230965544
-0.7157324771522005,0.9042461155886955,0.028517914062148944
-0.45681796807700614,0.8357362894037909,-0.01663589996376496
1.2426194819738032,1.0339148158198883,0.19829722529849386
-0.944310620900033,0.33128718640508975,0.17470859312776427
-2.169499746678988,-0.5256033459038083,0.9558660891885622
-0.5449332697475725,2.566290991022085,-1.6307301576349824
-0.6819086979692167,1.363728263633922,-0.16062012081373134
0.7288479814065602,-0.8093773011758588,0.15926550439056203
0.05619839308136941,-0.08116703920833854,0.0006851254387464291
0.30616264688663225,0.4918833329533067,0.006846034728468672
-1.0740460090454935,-1.0364471714576946,0.34205247786759635
-0.5232004361942318,-0.4009146674993841,0.061191743797256073
-0.1641584074710543,-1.2364740122448377,0.19443014945661902
0.6229153865399777,-0.651180964171669,0.10521717509300839
1.0870847753452766,-0.7892864515827447,0.2855210847198735
0.16830647869990556,-0.6457926841727263,0.032598081219544314
1.4620032367823437,1.3256585027557404,0.1945233828074045
-1.6966134052594861,0.3369523856669386,0.5718737561056998
-0.7919295763649508,-1.6682704436689946,0.5897312210453945
1.9804141511646403,-0.6726642758994331,0.8148445687247895
-0.14300500407654818,0.786913308497843,-0.044638147627438146
2.1171245744126126,0.53170652527331,0.8814113202902634
-0.3332232938728558,0.8328871703262803,-0.03556991678448171
-0.5179026325413364,0.272230702762284,0.05162713772041279
-0.31964993828348615,0.1397144920113716,0.020162491974605665
0.36850039024366277,0.46029836373294036,0.01740595510463667
-1.1622001282511383,0.6100333128864805,0.24744000870078697
0.9875702507037333,-1.3057074640820447,0.417665407203788
-0.27130794147108744,0.0809660076397868,0.014668522600144162
-0.3426339264058152,0.4880621035660449,0.011853736862696241
0.23309786063013085,-0.3985783909154925,0.01719892751939585
-0.018654644306030376,-0.9594765989653455,0.08839856811564635
1.5475122027568877,0.3851570347511561,0.4732451552448907
0.09307658028309074,-0.385395273607969,0.007456907340638597
1.3144114396388555,0.29913370551424917,0.34285880900487326
-1.0367734264565205,0.6686833475717923,0.18508049292374001
1.2938936482305305,-1.3156249226932364,0.5625495857573739
0.10070301559597725,-0.14674941353797935,0.0023442500607905193
0.3408208474794028,-0.614457268678448,0.046431079478920445
0.3106025056506065,0.05450223202896181,0.019278593451800347
-0.21673029534748534,-0.6748155352873655,0.040123884553759856
0.8636435992765372,-1.576982840048539,0.5413519540792987
-0.3995460878641176,-1.2738085636494778,0.23861409694780297
-0.801342070787805,1.9909687733043204,-0.6607815692542198
0.4702579872240136,-1.380371657970037,0.307248107731845
0.25571452440170533,0.2635805277923688,0.011246765930084805
-0.12471056552842208,-0.11634028454945633,0.0032680123251096894
0.2852853306325474,-0.01663798246150289,0.01627800455154847
0.7868738385027975,1.345503377305519,-0.1197530638501098
0.8014851356418822,1.0672781453101865,0.006903883851533885
-0.591858488003255,-0.15122828705801994,0.07040515297826115
-0.7493836828546339,0.24580706717172465,0.11082998713632079
-1.1758230602081277,-1.251980583064867,0.47275434388800164
-0.9135873183877264,-0.024852479966634245,0.16692989266666433
-0.07596559013873815,-0.9575874543015244,0.08896240840662152
-0.08399954914064338,0.6253397995027918,-0.02304271955643474
-0.2905695318276947,-0.13301869703638597,0.017121493498824986
0.7290156496881414,-0.29619792093176733,0.10889140288946254
0.8208260217066419,0.25121074652871317,0.13316575996421617
0.8879973111131589,1.0391201591490618,0.04550669421084677
0.43385553710290276,1.9784069515513332,-0.7367209654944957
-0.4272299632899006,-0.021174708070556138,0.036506037713243296
0.8835208448448645,0.6004442848636439,0.13447379835100617
1.1396142132719398,-0.4684017775830781,0.2700208565688788
-0.5738929172757217,0.8859674821971398,-0.0036723718776556086
1.326067484887893,2.351629440548815,-0.948797952995432
-0.2764601210059062,-0.42562993626758966,0.022996787492329095
-0.5522517243660147,-0.4722519751512044,0.07152864801466605
-0.3151597071157281,-0.8029611447596008,0.07163577499893035
-0.4011492507726536,0.1324717901455118,0.031951672512738984
0.7667892957902727,-0.28797735204551267,0.11998138851844334
-0.09319455396145361,-1.1704087405959676,0.1620662611261647
1.1006789704704019,0.2610562467844701,0.24051973138325972
-0.36034950085250944,0.2227474851736683,0.024865158781686228
0.6005117903647237,-1.8391653133542927,0.6942258920623361
-0.6634406805463768,0.8462649836706923,0.027424219982142825
-0.8952218809416554,0.6701051360638659,0.1301939823277341
0.8776006855757719,1.314826511850067,-0.07326650669476001
0.524550060942149,0.6147228524664881,0.03180114885518563
0.9354039042145369,0.7189325916654835,0.13783705016788067
-2.763518570244499,-0.5066088248703949,1.5404092198325228
-1.7378579298571888,0.061104499028675645,0.6040072219212861
-0.5343954117487059,0.49884431413307856,0.04470216747251397
1.4815991072751045,-0.3666927305699149,0.4439578638841324
0.1353405581480067,0.20167740197940143,0.0028431152195991446
-0.8297936055547159,-0.478785046196651,0.1486869203379059
-0.4740177808451337,-1.326485859830977,0.27834234553156817
0.09209323328814725,0.07298162558995978,0.0016573603912691196
0.461860379442729,1.089360162545034,-0.0866119745611095
-0.3496037160123896,0.34185656703547573,0.02044941368741681
-0.3698110388883836,-0.31826734443090315,0.030575901398649574
-1.672211199022434,-0.9103254512668401,0.6346960396046354
-0.11072600529831672,-0.8530573164169534,0.06452960937280575
1.6755336114194148,-1.0562584943344504,0.679327436270768
-1.0192695598226573,0.0523182750350475,0.20776776654801785
0.3302465804932752,0.023547716448800965,0.021811255076514883
-1.4824239511892363,-0.43731921134164764,0.447879800714915
1.1158901070683978,-1.035154351549617,0.35996354468008984
0.35162197504472276,1.662446841248706,-0.4347277350635256
-0.44410966933506446,-0.07733731113158022,0.03949293558681796
2.086068233800672,0.21525545147832748,0.8693387510304315
-0.9728661507513247,0.13345817305442428,0.18905600598306418
-1.2295293609183826,1.064881562262104,0.18159382340343344
-0.14884768266364737,0.5368279288292277,-0.011039407545117005
0.47990351713746054,-0.4053629598191697,0.052722366008653786
1.55641466336844,0.8236233457345945,0.4286143851670775
0.25794720090771134,0.44052141888799023,0.004758631780183261
-0.3769210902952627,-0.6892207375369926,0.061153625257709024
-0.4557892813563214,0.0003307020400846822,0.0415487737962457
1.543880636529987,-0.9288895087153005,0.5568613887201211
-0.6592902424758158,1.994534263236327,-0.7065262993573562
0.6984259664237341,0.633432797243894,0.07214409170759596
-0.7218348120828301,-0.37769604996155814,0.10959709598146501
0.7828013528451176,0.08254167820921253,0.12249935489603606
0.2543425702985421,2.6516869879616123,-1.8515807962680821
-1.4151748655098688,-1.358545290068832,0.6512832536415671
-0.4676109737502123,0.40654484510646094,0.037012683754675764
-0.6838234561651751,0.6289940403159314,0.06863779230224423
-0.11645777099964782,-0.04788853785682479,0.0027234648213722967
0.9541666911644113,-1.028723928622191,0.2909538826229947
-0.7888615375239677,-1.0743067613094575,0.2484500103421045
0.48974087313936554,-0.6918642921617417,0.08108712150822356
-1.3295514921594018,1.5301026658911947,-0.004688369952850047
1.1484053987168181,-0.5034778712295053,0.27652965084753295
-0.7923371737136821,2.739555091850551,-1.930520865603996
0.24552042519132938,1.820554227518082,-0.5913516588628718
-0.16107444404550564,-0.059389145441814103,0.005209942275776519
-0.5587045940255797,0.23592516353396167,0.06111698910812806
-1.915456723999715,-0.6632849674980941,0.7629759120208769
-0.3323272106468473,0.6487569084799139,-0.0052169642993970915
0.2543649955428758,-0.227203365470213,0.014113165074587632
1.2089138037836051,1.1602066197157446,0.13612149389126113
0.5935067803847207,0.4546198476155256,0.06105401276582843
1.3034123205500816,-1.3463863837968761,0.5838437746744872
-1.0843381456262167,0.39820585599558733,0.22884357602743371
-0.6304979732425442,1.6900241948502455,-0.4031960923177392
-1.3068909299612432,-0.1532294054715585,0.34195255172557837
0.038685952103085626,0.2513282976941131,-0.0012882175662089807
0.2535283952989475,0.5410456524877936,-0.0029827214784290974
0.6803240699932585,0.6304468599102185,0.06751022268377131
0.8841627690951703,-0.8068954927779847,0.20888413932770267
0.6078160108966881,2.0202468088984133,-0.7506549000040238
-1.485314183704515,-0.16484973830704092,0.44167963121768494
1.4029275659156037,-0.20502612666144146,0.3945029929750421
-1.9459064224613511,-0.6309970063136214,0.7824339625062148
-0.18628995739550888,-0.8602872298747638,0.07061014149752463
0.07299895305640311,-0.9803041503229774,0.09527262842051722
-0.6232463720124493,-1.1052043595714454,0.21268534283428636
0.11946569738322484,-0.3415876380721441,0.006840127359427319
1.8336326800550624,-0.028573973204258845,0.6724440940579292
-0.8045120795799894,0.03876218896075815,0.1294421131908631
0.8333188698138413,0.03792358223788714,0.13887861359521042
1.2195523184766017,-1.9449022962712668,1.0331490548758222
0.6779133042059149,0.4272411808195419,0.08411464157383464
0.7684834326246309,-0.3443025475029234,0.12219486577127942
0.37447248725083043,-0.25851482015851096,0.029773581015998977
0.5763904482653909,0.7575036424170724,0.0229787393172963
-0.4972349428043658,-0.6467772812698274,0.0765045599766169
-0.8763943002766135,-0.06727807583909462,0.15364384625260583
1.3053314311170199,0.13893387460021936,0.340509850212749
0.2642418487890313,-0.7880967404155262,0.06291316145695172
0.4518840218906219,-0.29193063675637876,0.043327768813160535
-0.011653671495775945,-2.247915435179865,1.1359266610375376
0.06173156155835053,1.4636373405556482,-0.31278324906021776
0.39213638495180553,-1.0507931225696363,0.1467792123690865
-0.5735978946053802,-2.3460024324350575,1.3569786987728327
0.9415118634458307,-0.10708369458438612,0.1774117097925493
-0.3196226508558306,1.5049027308738907,-0.32038844388294585
0.3538436635919063,1.249026057438628,-0.1698152523906861
-0.6620686440946277,0.41087998594744873,0.08073040489102808
0.1957072261396506,-0.7321349082914937,0.04690427059978948
-1.0086114096089798,0.575289152987184,0.1844197628317186
0.3593914189947499,1.4833305327490984,-0.3005402500121383
0.9452461704522811,0.15763310578922948,0.17830637471942415
-0.2643471622424517,-0.4552651019099469,0.023411996348949145
-0.8651019660596873,-0.5378802962900163,0.16524197759240306
0.5123685692890523,0.29716882787606375,0.04988003267754086
0.3464368475215419,1.1533588574463258,-0.1294203248806881
0.473352833622938,-0.8234906395227168,0.10065651448029986
0.6932104987848731,-0.8468056497031542,0.15683088242662227
0.7951779992734725,0.28089201579442025,0.12424536298510788
1.228159336051565,-0.44040065251643845,0.3102167620396723
-1.012296845689831,-0.2265177274787058,0.2061112495804344
1.427280771475133,-0.2930353491080975,0.4099423663400452
-1.5136223869084624,2.7513531357659016,-1.6245483915420817
-0.9117920296941393,0.05259202496895594,0.16625839454364713
-0.7078907650759337,0.32330602931390756,0.09684245295833802
-0.5297819056154767,-0.8174021389612729,0.11074819144648161
0.06014284289482451,0.8730476679999093,-0.06582132873434657
0.49712604401522276,-0.6811463142632328,0.08102934565629415
0.6924584194090848,-0.03797550623683553,0.0959052091182453
-0.5276404748427588,0.26701621193061464,0.05377713109770907
-1.4137957315900882,-0.7657835366389527,0.4446710911462916
0.48876378116890756,-0.14526833038003234,0.04808456488436151
0.36309818307461383,-0.3135318393877393,0.02945014551726295
1.1089650340424384,1.6509838995851907,-0.20405588992460727
-0.7408157641320011,-0.29104571764807785,0.11222697798461878
1.4293793417164191,-0.7906688347378028,0.458054292482569
-0.27818985554557246,-0.12169124813773996,0.01565812879292895
-0.24389660428953447,-0.19409926769472952,0.012628370502085802
-0.9044997152677356,0.8098825535603693,0.11050296061489659
-1.981591747100072,-1.0671875220680862,0.9068820055353793
-0.7222218446233641,-0.3310480224661672,0.10794892631607218
-0.5472204598415038,0.6473241063855673,0.03276532148621339
1.3829855829097912,-0.7632629197389685,0.42699525414866124
-0.2519412512685758,-0.7626114304492269,0.057046544129010154
0.7459879394211852,-0.43441644111309713,0.11949780589398554
0.38038960151912776,0.02741559994355188,0.02893718919083129
-0.32826283672273954,-2.1950493312059782,1.0791790907922734
-0.5124968275042887,-0.45625295249590314,0.06202826937421032
-1.1205474269904798,-1.0437908139387635,0.36484623950568834
-0.09496301379911085,1.074799667067307,-0.12235665272061505
-1.363683013392779,0.20551608376803107,0.37105823678329014
0.6891610379103582,0.9732323327624691,0.0028058529279906402
-0.7429813970201039,-1.1547545449958911,0.26438594670454046
-0.2955727108696949,-0.8420388589316711,0.07717567953869808
-2.2506389144537335,0.9964632128518529,0.9141323925602595
-0.7566466618689834,0.2744342904779682,0.11243595483413128
1.561317463003259,0.230019118693636,0.4863254406168967
-0.004583266644736298,0.31475289316105937,-0.0031140362493747467
0.03748730182173179,1.1706608895095616,-0.16015180127218825
0.14512084997886032,0.40131944126371594,-0.0022515301016756565
0.8563025959713076,-0.43507668227306084,0.1548864685017835
-1.258327078472348,1.872299044184557,-0.3396577174384614
0.2892483818200961,-1.032321767865534,0.12674624128450657
1.1684040873176025,-0.6325642071543186,0.29834488678889187
-0.2529032011942623,-1.4279800446901152,0.3039752734408657
1.5554789757461194,-0.15481243763882802,0.48427400607711457
-0.162653864837851,0.393831056604137,-0.0008171779947289187
1.108852513032456,-1.585737676225804,0.6446546630197665
-0.2067964233902299,0.6420651636863361,-0.01791603491015248
-0.27937231487830616,-1.3597590349794313,0.26702169508225
0.40713699366973566,1.3518119181543387,-0.2138773901570561
-1.072779875231006,-1.3436967089996716,0.47277857399015577
0.46466252571065075,-0.3813974556746289,0.04873021324128114
-0.6474569765431535,0.7731105127496446,0.03763130239070021
1.7046586541894388,1.2640077258433913,0.3792197479732309
-0.9246934858999684,-1.2288707935489804,0.356586266011817
-0.8440441925400529,1.1300148813307491,-0.0018132808743253348
2.209880425731187,-1.4079407413474463,1.2558099884456315
1.2524522887408678,0.28238717168267813,0.3114755207946741
0.2473128821457589,-0.4330387843190736,0.020353187720412495
1.726559472184218,-0.22292027244430446,0.597309289891522
-0.47122318416038267,0.35712516965559293,0.03985554105564007
1.2073672870913834,0.8255524399587589,0.2352827138022402
0.46247897874344884,0.8314389811086726,-0.014699248963768868
1.556330609780129,-1.3121799554754594,0.710366268518017
0.3349451824374514,-1.7909471326386592,0.5968824491601797
0.3183594836274103,0.9676727286684339,-0.07034140380947033
-2.2171497474209154,1.324575287754365,0.7507539069350144
-1.2667785639074947,-0.6242262564811393,0.3452690876324867
-1.2648638229518196,-2.3110179673402147,1.5542455090116336
-1.8194229375335687,0.3958299007617245,0.6558580503724634
-1.6035764536045047,-0.03090979877983137,0.5142944416815421
0.8945650226789915,1.1721872107006686,-0.001011886050266142
-1.8367348744900849,-0.34244055923743943,0.6787346474272514
-1.0182243678155498,0.5953516501449329,0.18625431518263721
-0.26574905753168665,0.6098328519083772,-0.008554934055011894
0.44896017370713526,1.2144023074303285,-0.13878372156219174
0.6833961540306588,-0.02708474046950208,0.09340804755974638
0.7707402000240393,-0.8072631117286708,0.17141530762354223
-1.1253024558242877,0.20968275309920079,0.2523392142558526
0.26115675646840286,-0.5938015990559102,0.034578034804860665
-0.26805121223512285,0.8356006416249004,-0.04397372212557754
0.6326391975954506,1.4773740768094439,-0.2424102422653161
-0.7169616864945161,0.2732228864188252,0.10076718275987498
0.48086870471730647,0.21271394838069468,0.04528447067176423
-1.1085764260841326,0.4589125330124844,0.2361236078302094
-1.298067279292603,-0.501960602426183,0.34964335484391296
0.5685677452400689,-0.9489532932345771,0.15010827245865033
0.10271574967064072,-0.18110096300225956,0.0027040719943669314
0.9004581471549284,-0.4254195897669091,0.16986429643050435
-0.5371181047135829,-0.770652333203095,0.10346860051623451
2.218057627821301,0.8287080961612288,0.9270438104643646
-0.6533128292322258,-0.12926307922102384,0.08557951551855218
-1.6106834170885027,-0.37218808315478746,0.5240159110751126
0.20270230518616267,1.3571930153292853,-0.2417736279271682
1.2999905285293312,0.9449455347916214,0.2536188031500327
0.040594740938249434,-0.2132478705385407,0.0012993239174340122
1.0153603342692774,0.22265538945517696,0.20508749818210625
-0.19549723620550225,-2.2795154223586898,1.1921234859520387
-1.6013687915794725,-0.27552603317755536,0.5149680460498613
-1.085513924877595,0.9254588235299762,0.156404951027091
0.004567024334960988,-0.9448994848829518,0.08436810815271546
1.5392290263484472,-0.06294595063373506,0.47387013950933476
-0.4106575176039653,-1.249034904975283,0.22858838024835684
0.37702752883789453,-0.24918817188694695,0.029977279099563776
-0.9837556114574799,-0.5685257365274804,0.21193099549415184
-0.1045849496372634,0.7707670669760552,-0.04360227182853202
0.9811164669746523,-1.4169765244395491,0.47702163499215755
0.45905194694812324,0.2996069539671,0.039456336344666235
2.4455158887861836,-0.890715176501096,1.2667765764541439
0.3335747235566753,-1.368456957855148,0.2785218567136795
0.9157504105324864,-1.1374995842964504,0.3149014374512161
1.697892377151802,-0.5773851161842631,0.5958161987608201
0.3047047910385734,-0.9293069251540088,0.09882500379120582
0.7022354940215515,0.8082886117244784,0.045818979157740754
2.058963301965577,-1.0191847930186666,0.9537325366671102
0.02072870975183863,0.29124115828508884,-0.0023844127543631026
0.8766121811953402,0.2962182603507631,0.15109060848308578
-0.5904080012181717,-0.8403138518351119,0.12905318256278492
-0.4307752586797969,-2.934604242224358,2.56436589614209
-0.9494785369662758,-0.005060869651272904,0.18030191139402654
-1.2501388620060243,1.3186409921626976,0.08328228431394219
-1.0133651724263224,0.6782990844069468,0.17417395584526224
-0.6282307564873338,-0.37046695919463046,0.08401927890728385
1.092095426372585,-0.37218887650069493,0.24369021408841463
-1.3889576775437014,1.285624046023144,0.17334899123225556
-0.666447545258352,1.1862050953111376,-0.0780783803243676
-0.20506598611134674,-0.8401496131863688,0.06771248749238386
0.7606803664658824,-0.5370284203182785,0.13121479807708744
1.0271906604186258,-1.0779884013207868,0.33629274222189676
0.9435895647293048,0.5306394600743364,0.16313060099003465
1.1572225750015879,0.3455245600923753,0.2637076958953281
1.5295360766153037,-0.2743996100083935,0.4699622178025923
-0.009373656084496095,0.24679356452565235,-0.0014855740447021735
0.7738209373883053,1.0339355074224454,0.009229722725791742
0.14569467591927754,1.2197974252605013,-0.17724897362761127
1.6069445375739422,-1.2640881127286834,0.7184451599181175
-1.9509690210594903,-0.037100148287588404,0.7612611307690968
0.2591965508363946,0.6294727687522442,-0.011505404704434438
1.0570390286594686,1.4440633662179,-0.07766697667221129
-0.31044310844842454,-1.1966788613588357,0.19064421994671243
1.4872589022047533,-0.8816447370962324,0.5109178283668526
0.4383193479461186,1.4655420496031895,-0.27634632961493677
0.2408932601717773,0.33859839092280836,0.007723920257565214
-0.06174923971013242,1.185952078456851,-0.16603947082084647
1.1074379595526391,1.1950635411073498,0.07460755641721611
1.0731512034953563,0.11846481021972832,0.23016444864929603
0.3507188787272521,1.1672946764852234,-0.1344521253232182
-0.9574663425995142,1.1414318994016108,0.03463498899501405
0.001435775663476509,-0.1197797906779795,0.00017226273072943365
0.9156054442773843,-1.0316810847228934,0.2774752784760811
0.6866124662225942,-0.38139749740690615,0.09983529825693917
-0.9963666804242362,1.1460210501244503,0.048035004980008233
-0.572314453245344,-0.7839960301148069,0.11369706504828418
0.5351665493953621,-0.40567122458542487,0.06395674367328348
0.13117030479930095,0.8393170096464123,-0.05568481234977183
-0.7849976548262728,1.2156481023813481,-0.056404250495420694
0.8243788413623567,1.1145319080112797,-0.002524982866084019
2.1364250631893986,0.5055815608576572,0.8999391025985047
-0.36049131092310105,-0.8823273231271371,0.09468011195798232
-1.3676412964956566,1.7027973936894618,-0.1196407903016164
0.7107855504776922,-0.2346141216747406,0.10233462470627244
-0.5629684349639994,-0.21969299501284434,0.06444704025849197
-0.06088136846886675,-1.6473118437923995,0.44776183164123884
0.1671948118677113,-0.5691858291628976,0.024030877089114215
-1.2923185739697782,0.1290885404463745,0.3338023481015312
-1.0031505466696529,1.122366975530949,0.05987677983421938
1.7885137039395724,0.04273114088033728,0.6397484513415476
-0.8740733688153686,0.62424352755277,0.1284753301756678
2.396602227304355,-0.32381379492967854,1.152135808834505
-0.36215890389504257,-1.6613693167245094,0.48479433510474934
1.570902528279791,-0.40985764700668215,0.5004318743019446
0.5898849558896855,-0.5353430313342757,0.08493536387024228
0.20712252588933555,0.2705033590517127,0.006600619147943984
-0.4910410351438107,2.027149261630401,-0.7847991048860171
0.8423920337883569,0.37934274004291585,0.13646609100081653
0.5771177157081362,-0.006591616043790879,0.066613000197013
0.34477065716331134,-0.8243057469387909,0.07978328516962653
2.3667246982387886,0.42075056639732106,1.1128285684525783
-1.3113423986010813,0.6750173302910338,0.3131667208787926
0.9875473259264442,-0.05106399535800361,0.19506325928715793
-0.21101852911575505,-0.9614661067312521,0.0977853324772839
1.0447400321822793,0.4200477946702332,0.21088501738706072
0.4625972947869061,-0.5909913511558608,0.06344085227901622
0.7386444631671442,0.32795209322325414,0.1055919193684737
-1.0618420346594437,-0.6448917546435725,0.25232180624874284
0.5486383807726655,-0.25052733127179916,0.06177322290325089
0.8049982551310921,-0.05686497197713294,0.12962282615253742
1.309808297326246,1.1971261101310313,0.1715581046184734
-1.1964277763390678,-3.183812062742272,3.513609684679759
1.089742106817789,-0.5541182736790224,0.2545216106247572
-0.47490367347427354,-1.6014794308263172,0.4558439535977624
-0.8345809727587847,-0.09173648769835412,0.1393822816224428
-0.30380840780652785,0.9471424721273632,-0.06650623942207128
-0.7631194407668253,-1.033058707100393,0.22671934465366766
-0.5857631971874385,0.977130308950287,-0.024671098742935646
1.8224432373635062,0.6210645526232532,0.6403040955645936
0.6107124168726026,0.9504357026819215,-0.011261589388422089
0.728801255682187,-0.4698782207129009,0.11660448583430731
-0.0379119295436602,0.5455412811922126,-0.015948679752450436
-0.44737020172872277,-0.05888951594538309,0.04004844221638557
0.16560985786079804,-1.635861230780277,0.4432486554766986
0.5743455912681978,1.3724674863579496,-0.1925525997730027
0.13307402590253015,-1.734373228958256,0.5252499646658484
0.5927494213830324,-0.11857966530325179,0.07043711180218612
-0.9388292842567545,-0.4053475948910234,0.18294021645530806
-0.1190934430327272,-1.1872824813365797,0.1702007005860785
1.1737333950984976,-0.2504281867181373,0.2771005588134947
-1.3060496863731295,1.1540953672422778,0.18743502648159996
-1.0978256413233762,-0.6713015862214681,0.2712961531058318
-1.0981781464491016,0.926680289377229,0.1616216425279126
1.1000948475835568,1.5705394999227913,-0.14534664637696987
0.005490925973821739,-1.6586781370891082,0.45634374235759645
-0.37045929888200335,0.3067338511248051,0.02456209288319174
-1.2713093662821688,-0.9948266651700615,0.42170151568275177
-0.3881816244464889,0.37128094796120364,0.02501890383676247
0.5308638435486991,-0.8111551946970773,0.1097350854812166
-0.28033459845038183,-1.5262550239682937,0.3712516452516844
-0.7498085584678,0.2936780486579857,0.10990969578734348
-0.7547462865697686,-1.3653565794208253,0.36845797229758287
0.4089816747398894,-0.02750706410961346,0.03345528334519053
1.9770128465698362,0.4348285330150995,0.773494401516182
-1.2197014135206068,0.8160049624684895,0.2431994667359792
-2.320957018804867,-1.5352523950896975,1.4392272733509506
1.6334737335347702,0.12495016342530903,0.5334522086454224
0.6206170994670044,-0.1449294789541565,0.07733753473497078
-0.8754858375494674,-0.8370507042312343,0.21194337283928077
-0.34891121164333255,-0.5259929964674377,0.03890038301701109
-1.4275845474937041,-0.2633806026362548,0.4094265819545234
0.3134114829868747,0.4174042462236082,0.012373071592309657
0.1303068225656502,-1.6836732197037816,0.48067616738679275
1.2069879565447468,0.3226343440193161,0.28800559035459805
-0.546128321078516,0.9336000066156346,-0.021722185618666186
-0.6118978928622489,0.8306182590562502,0.01757723545624333
-0.5422114488430883,0.6207386532994869,0.034880568029288184
-0.07664105027296528,0.9591033291712273,-0.08705114981712794
1.5418084290582876,1.7103475599326596,-0.024891405590214633
-1.0283377921083463,0.23395950892666323,0.21021509755932902
-0.26342483661314364,-0.13136675715037324,0.01410523147597756
0.604870847782291,-0.8931729839787558,0.1444273359866477
-0.01404002248965897,0.3792074748004,-0.005413514915238985
-1.149129445083174,-0.29200925986918574,0.2665896419789899
0.44517386808148074,0.3843038707393458,0.033960191255325865
-0.1079514781255382,1.3568783644661162,-0.2474867353073791
0.08644725653859678,-0.618351961274429,0.02513787854104984
0.09489552520193596,0.7120649017375554,-0.03430325202302359
-1.1376344276481292,0.3513582016932377,0.2545048103365386
1.2644798981294927,1.0188675910358764,0.2140141377866922
1.1124122645079417,-0.7187459269460467,0.2846223153099911
-0.23614741126698593,2.068750043775372,-0.8742153688515555
0.7346510520757458,0.43240385955670346,0.09985764475275052
1.3743878092008102,0.9588025546977704,0.28964542690874717
0.3549507240091191,0.7233827212604749,-0.012655353031766056
-1.5927511491056998,-1.002469335596015,0.6081138760655024
-0.6893427003413161,-0.931156653576213,0.1757748620203853
1.6124788226656805,1.3851247869458223,0.25427161090704525
-0.3173398109067477,-0.8495849362214345,0.08146348996698614
-0.14530894334146424,-0.04505482255298456,0.0042320836482944045
1.9847057134546704,0.9028690079961254,0.7142119600734661
1.3794478278345075,-0.06672616805755784,0.38060497097911505
-0.7429864569674548,0.9481638340715144,0.02516445671259679
-0.1551520432431849,-0.2994400386891188,0.007499340551655543
-0.867102713802911,-1.9275812793716387,0.8665796613725854
1.0318233236208012,-1.123787793015734,0.35485492265405794
-0.028571891322078023,0.41808406921578284,-0.007144600164494006
0.055998425331359,-0.44134740568808745,0.009224061941179917
1.47426087046526,0.6059374837243172,0.4124414079946005
1.207162255055118,-0.3235810398753843,0.2948361872324665
-1.9349038097317328,-2.0498110488381767,1.6100448523619946
-0.9982164731031379,-0.563520480712025,0.2171821187792753
-0.044828913069696545,0.7662080298692816,-0.04458021208861507
0.08863083294961191,0.9444951300879451,-0.0826845914036425
2.893818844058585,-0.6771953558731982,1.705893242676152
-2.161500939381575,-0.724494044196784,0.9724453474489168
0.5540267483635144,1.629696984604992,-0.3714440928350321
-0.10298535230992378,-0.15417437548842283,0.0024876650101297425
1.2311482311649578,-1.4813466572221672,0.628210114245805
-0.6863435723000249,1.238742014160503,-0.09586920494591965
-0.9990068933102271,-0.7492109935416819,0.24165744975682904
-0.2360091148413162,0.728646204477114,-0.02754560937894896
0.7769225734095037,-0.08311840027616224,0.12077916076172962
-0.4033103381953291,1.2978215716671089,-0.1860655407868946
-1.3271108152798239,-0.29480698421914403,0.3548068248433936
1.1953447501978993,0.8139114324309391,0.23185210340474482
1.2930080686970646,-0.9511673767513098,0.4204279289466628
0.6033558196228644,-1.4795700469089499,0.39670440030910603
-2.073863733558519,1.299941908125808,0.6405116083379714
0.1669856792370137,-0.23856518869592533,0.006934597804543161
-1.6359981253471265,0.37047643945966796,0.5302130806520431
-1.0224624896144465,0.20206949323346726,0.20826081676045521
0.3859084896422046,-0.13315352463052751,0.030021151825539688
-0.8186189105497101,-0.9405691342459848,0.2172367416099683
1.309374431103439,0.6711548980620282,0.31266018179774224
1.2074836008493521,0.7425623409505734,0.25065852864910043
0.5026762303502053,0.3977708732202959,0.0442430814241548
0.3345594784507165,-0.5735104483691452,0.04124958392816183
-0.8401730797210776,-1.2593167630253415,0.3408905250946399
0.7470048862240545,-1.7820508236740258,0.6775300557284231
-0.13270446824461468,0.2926461119869665,0.0010158227541502462
0.2965102178180126,0.24089190799148258,0.01618579233706267
0.6199796996436365,-0.41223157413970507,0.0838802175197612
-1.0236318164603273,0.0212397997932238,0.2095634609448074
-0.7439210408604132,0.08683457153028845,0.11061822763157932
0.424536616271931,-1.3689807694666616,0.29260809642832825
1.064007045982911,-0.8777992051661286,0.2940593877419424
0.15152038006104546,1.448888801286727,-0.2995704632813501
-1.7908658059275415,-0.5495084628891732,0.6580329998288578
-0.7570511369487166,-0.8781784431017138,0.1823501760584107
-0.1359382144386272,0.3359017876321704,-9.4140608192737e-05
-0.8312837247761053,0.7254734456668159,0.10002400848852991
-0.9727135725214854,0.6459246212272677,0.1622851611627578
-0.04220745543496937,1.1859716032374716,-0.16645400919627176
0.9703169188711401,-0.6362384537524175,0.21405787713650842
-0.8738568209182079,1.1026430532608458,0.018663413221924496
0.13434952730741434,1.2755459546862897,-0.20392359770524157
0.0324668638853239,1.083025831460042,-0.12682214869728747
-2.8643791683965474,0.85789195579984,1.5777945913393439
-0.37538241642668074,-0.5784414801769199,0.047536728156582345
-1.4329024373811445,-2.2712391731094543,1.582266825445105
1.521423412204215,0.2884577937114867,0.46054564315126034
0.2947622494559256,1.203077656939708,-0.15675600388224434
-0.9412047655151828,-0.12074382146526892,0.1773493153933149
1.42296590537921,0.10297061538739437,0.4048572143700634
0.3426956782253377,-1.2598241918079722,0.22344194333204315
-0.9102814912046776,2.2293383347387516,-0.9422473956605855
0.05617184127427364,0.26014386699232295,-0.0011294640868951386
0.39595054314682143,-1.0330575769253556,0.14160409316213213
-1.6904711845610956,-0.09929252437789589,0.5716364577196544
1.0866826685588653,0.09070582442309845,0.23610121578965276
0.8257396633226917,-0.11551144358645161,0.13652332400698344
0.041981586445651746,0.3386060970301227,-0.0035297666365552934
-1.3454717713947013,0.33302717947754346,0.358365349578673
-1.657321020590562,-1.2512582663489822,0.7452454993213937
-0.7784145460944768,-0.02448385766941675,0.1211873088218787
-1.2540999758354634,-1.40825240193122,0.593834421312087
-2.243801864246038,-0.3123354144920671,1.009976299709337
1.5541143819035397,0.23935693180037376,0.48168298487832395
-1.7207839279644492,-0.39216423872455436,0.5982506685945904
-0.23930765635467713,0.22248595430161072,0.010352325407282143
-0.2767143819821374,-1.0147558267928702,0.11980655948945992
-0.1739380333556114,0.16379362320033403,0.005611456608027624
0.3492074639026528,-0.5860156396835914,0.04451378739350148
-0.058146925141430716,-0.9919501856151715,0.09828065635631704
0.7882643600304876,-0.9361501610341747,0.20631419883518515
0.8619630528543908,1.4212957255642427,-0.13851726484206767
-0.4635901177363137,0.5430754304995007,0.026966185643444794
-0.7917515907887899,1.4541839824912899,-0.18213505296105045
-1.0206318639206189,-2.280684084824674,1.3946402444206845
-0.04983888903923073,1.0737265291148679,-0.12329193089116619
0.7495043024112242,0.17798206693422106,0.11178753510679143
1.120116329309399,1.3570082058295967,0.0010429557246885157
0.5832871133632215,-0.7128900842673198,0.10427472028188112
0.8881973976988534,-1.794355863972955,0.735510007644008
0.016271294510078402,-0.025610854666920542,5.463086162611005e-05
0.17780556493933122,-0.6163099609694719,0.02973275610735482
2.2424556170830465,0.28705255445996075,1.0033561497221475
-0.78854044660449,1.4047512899461294,-0.1528440434255875
0.3069570985810845,-0.9436862522945383,0.10288392078573352
0.9088648117131102,0.12399779749850566,0.1650163969535799
0.38027681578964534,0.528475253168169,0.014162512443810692
0.17846229668168181,-0.10240113066871244,0.006477136006595625
-0.2888540366519151,-0.09993400249973598,0.016787133036161746
0.14111921546670197,-0.14010118662768947,0.0042579220022887195
0.1068344221863566,1.073983016252966,-0.12159472663678067
-0.34480288470877124,0.45370154407916535,0.014438582293387613
-1.6425963640641001,0.30388829472336903,0.5368182125159134
1.7232945263898705,0.18152496529399878,0.5933506563417323
0.41085767097627107,-0.23941753837121096,0.035133164630134536
-0.2353513618078007,0.3437401267202385,0.0070165130425211076
-0.005466542804655451,-1.5026924358601892,0.3393266349203658
-0.6882198168848427,0.18757071808830075,0.09406937744691943
0.48504226280577756,0.24251889190494888,0.04562681446445874
0.6198559250413767,0.39807313484782975,0.07053631826737486
-0.08623634950049212,-2.9999840449968027,2.701444263315507
0.8372918048616081,0.611774638777226,0.11731473348235504
0.05234654560464973,-0.34706076442979367,0.004728419827008566
-1.4712272180266037,-0.773983391648306,0.4792674029770391
-0.2732672642295617,-0.8519714213184912,0.07677579693489192
-2.3871797800241317,1.9428328087670161,0.4063839199984687
-1.0618583195503817,0.6509030976589658,0.19793149141859345
0.07442019109078452,-1.9712197540335987,0.7670659754683131
-1.322538445093863,-0.4360652139111449,0.3581134929776556
-1.406925699034634,-1.1633563057385252,0.5533363819484511
-0.07039475339852923,0.24834059933972713,-0.0005405080402689671
0.5595909228470639,1.3363858538363196,-0.17604037778226816
-0.294335336602232,-1.0281220914443385,0.12600276515731532
0.1943367236176805,0.06143715574655012,0.007530162826752618
0.02199109438922098,0.3498614163703586,-0.004185687421426751
-2.4370673335566844,0.8544502653733311,1.1254772835846762
0.9828521049524537,-0.6112744862787487,0.21604032040190257
0.3976978918438215,-0.9942347338016132,0.12991309510142796
0.23366770068407988,2.943409596936427,-2.5391498962789085
-0.900046814895752,1.0138775862452178,0.05779553444240894
2.4305102589755223,-0.7849740677291253,1.229844892421334
-1.7618150090223954,-0.5700258600937661,0.6393202459010131
-0.9217669448824799,1.6011418828795183,-0.24054673193508874
-0.5734685524457849,0.4570698525592015,0.0562244595687147
-0.2695166723837547,-0.41622834772626693,0.021738838530395127
-0.597631562437837,-0.9432147768916395,0.15534618767612898
-0.5827692827438048,0.4396415878664224,0.05942640700664608
0.4006991485909714,-0.28613133827790566,0.03445455150029427
-1.7461947600573173,-0.5012781148703523,0.6224353318710361
-0.46016671555068467,0.9734263406125512,-0.049887192251730675
-0.2831142577090535,-0.2636377320053397,0.0178631467838861
1.4982193916977975,-0.7133089241950525,0.4852261134934127
1.9383464517955469,0.12939093033760332,0.7512207669757917
0.8949087235069622,-0.034465633844079135,0.16017641878519662
-1.8128710433704807,0.1373759058177701,0.6570410262523921
-0.45345679083014595,0.18086607000230343,0.040532953460439176
0.9712903400835945,0.6375995944288901,0.16276044187381394
0.045882889710437344,-0.6561535091140936,0.028670912301036026
0.14884550254808743,-0.77514362848324,0.051005319079653985
-0.857997522159263,-0.6701272671035261,0.17732539192290503
2.549351622640252,0.27409987553780935,1.2977794064748795
-1.2817949505487134,-1.5468740373374399,0.6987386622206107
0.9461105141689184,1.0361739306477935,0.06777554228082133
-1.5520947138046526,-0.09038654855949999,0.481873443477179
0.8345921954771527,-0.9299276969692049,0.21972576754137274
-0.014894522741302159,-2.21854076854372,1.091993084309468
-0.8808662848599945,-0.20151722222187105,0.15600342749432747
-0.6843718863528445,2.4068599727705164,-1.3006149721069404
-0.08496554408045064,-0.8263608678585985,0.057873722054511266
-0.04282768562971388,-0.5981459940242958,0.02176722756948735
0.193665951634126,-1.876999814462083,0.668792417362285
-0.229250244490891,-2.5388060784761075,1.646907809710413
-0.2975289604450984,-0.8353814157121799,0.07600280017945969
-0.644891360604661,-0.7691318932136681,0.12867603726076965
-0.5982399495162466,0.7051129226234336,0.03652110463227639
-0.5702894034297173,0.8390444827129703,0.0059776346400550115
-1.5844879918850714,-0.8832475119153417,0.5710248889107848
-0.22244157850058047,0.5357137890663944,-0.0054783594237802526
-1.2992725128499483,-0.6710718026002795,0.36784268320971153
-0.46794293807496623,-0.11848471108733273,0.04396045492243565
1.0010578717384417,-0.5367931337154265,0.2158908985599882
-0.454095986267514,-0.2580283363760546,0.04295855006576459
1.5707463816844311,-0.6025649422666965,0.5153270387743968
0.7812692787685054,-0.8836123441553959,0.19106620664143095
1.4911418486145809,0.0004010122057975311,0.4447008025314932
-1.695583426987966,-0.014686790914383368,0.5750009483720148
-1.1392370000237269,0.1286691807870382,0.2593591668616093
0.7878506056241313,0.9812634680957371,0.029658015399645507
0.3860119758323458,-0.2086721316359821,0.03070969224837474
-0.5973611758962171,0.72790169804149,0.03280086712281165
0.7553187011775878,1.4729491984559278,-0.2054667470956959
-1.4894069363711253,0.7806245964514155,0.39609731176515495
0.9216776508236588,-0.880428170197481,0.23814465931273765
-1.0712833245074407,-0.13779502679626676,0.22979123015915434
0.9789222280083225,0.06787270201466271,0.19162647875514974
-0.27923469857641264,-0.40966869077475915,0.022469808951140202
-0.3380278335483789,0.6167192509250404,-0.000603899211315817
0.9978915397306398,-0.7553716420874375,0.24225797738628896
0.18483910692621858,-0.23004348174193315,0.008050489275564784
0.8016215753232216,0.1577408603422495,0.1281269363721324
0.2435888959676223,-0.2563987164757566,0.013552682948236961
-0.5775988438270666,-0.3491541765532667,0.07098057592471052
-1.618784763610273,-1.0038466505226282,0.6252512620439961
0.05950992549434766,2.3367813107306468,-1.275302106622351
-1.1549530380463102,0.8108607262065086,0.21346960718903293
1.3068772857568842,-0.8059657961200032,0.39393964386679964
0.03277062899643436,-0.3950545782891548,0.006380325351236833
1.2175586806395007,-1.926363301794726,1.0113392798141818
0.6182369492838663,-0.5175075390687389,0.09030296424120669
-0.40260616754769873,0.14565539928625693,0.03210933008499074
0.10939720766527186,1.2785337341626277,-0.20660177646661962
-1.6192292408389368,-2.1600618391670143,1.5322368244008837
0.6736121442407546,-0.5569386434458027,0.10802582335989652
0.6366216986974189,-0.8517996049416908,0.14286082824178128
0.1207793302047996,-0.5431744707208221,0.01894326773542548
-0.4262824325228084,1.5273243247362434,-0.3199385952517252
-0.7528164049888962,0.3000364144633506,0.1106455246142247
0.9697855269301199,0.9017883138881821,0.1147613693239112
-0.6637373826302794,1.695748417214849,-0.3995136261576041
-0.5670191220239799,0.33536415412631815,0.060530325957165315
-0.4806717167313836,0.06877753965801854,0.046176525669892374
1.2944064233630919,0.08812587087601552,0.33502915772704
-0.02185134278739056,-0.41016983136271173,0.006996164380084888
-1.2817356683159868,0.029336232848007363,0.3285667399677802
-1.6755657548556082,0.7031726573138556,0.5267356221418826
-1.2407824986301217,-1.1871255210772362,0.47520592428410924
-1.7238024933492198,-1.7244942721537015,1.107142995131809
0.05254442459894059,-1.399006124977541,0.2743681995706824
2.585490585518789,-0.372692609123288,1.342129005736104
-0.17981258887959573,-0.936255640526234,0.08853630706919231
-0.21166616924672715,0.14644264867965456,0.008646460600189023
-1.4430009577692202,0.43849080873595375,0.4080193063460436
-0.30413775869802395,-0.6207805794660405,0.04242288505535664
-1.0516278151230865,0.28497956221195236,0.21886979779019883
0.037498791202217274,0.3318624915440786,-0.0033736597950949645
1.0049995097856488,1.2883950164212075,-0.011863837601916699
0.6736138437357952,3.4942471116788663,-4.175641744795968
-1.8316920091315112,0.5185505396062617,0.6570755760489813
-0.6552512932775264,0.930036187062904,0.005425761645806271
-2.6018199151479595,0.4325443973698756,1.345800699662189
0.7449873245099402,0.5955090537011856,0.0898826236462185
-0.8295077296004786,0.1020147448601103,0.13751044786507766
0.2705928328979913,-0.05085625069590287,0.014657249491430116
-0.1104154712397573,-1.3720583134203337,0.26073433193229306
1.0299954137122882,-0.4963679075925534,0.22440767754590862
0.8621030067990564,0.522781185970011,0.13435670024997906
0.7338182126254262,-0.037731976205428855,0.10770320574526085
1.2300482488822577,-0.24866062709540107,0.30414125997741104
-1.2021617593542462,0.4068785098843901,0.2823027004435894
0.009847210857387951,-0.25785927840098144,0.0017339361470189822
-1.2360998709971998,-1.711191644141063,0.8066557528430232
0.5913940516870543,1.2798697267619583,-0.13970178974055938
1.6472575982966549,-0.6232313567531497,0.5668989046140236
1.665437042813313,0.31029753211617256,0.551748422628549
-0.3290406726157147,-0.9154674137924234,0.09837709948256758
0.07470125472605696,0.5371213654773122,-0.014379861593982617
-0.26714551612953374,0.364890272554817,0.00941501707102817
0.7454394867218377,-0.15439604184394123,0.11150405708397688
0.6031961781909169,1.2340194078739437,-0.11514783069956518
-1.1639189704551807,0.8931890676526821,0.19968403713673655
-0.472061812571471,-0.6231920487794734,0.06877127648196225
2.6253250554807757,0.8243873277292558,1.3224397740258984
0.6777246316327109,0.4375469432081962,0.08348541597056425
-0.250694835928905,0.7932399809608504,-0.03734343278613886
1.7359940353214294,-0.46419842496811836,0.6127376140463257
0.002922963492419625,-1.7389571256874057,0.525857454469377
0.09993541184519704,-1.4713916817933965,0.3205527572530693
-0.9850682638857003,-0.6516852275991293,0.22174855377820238
2.2885701610573865,0.56837909618961,1.0291489170634232
-0.2676603729724386,0.32385540370098437,0.010931744362310637
0.4692631722038399,0.10426141253330277,0.04392824819208849
-2.365728577747414,0.10785870838914026,1.119208863275236
1.7138222746975706,0.8186419681739473,0.5325740465947091
1.2814793497462698,-0.4175498281486935,0.33571775662103603
1.666248538967572,-1.4958395265754814,0.8899763012517783
-2.5502964158335013,-0.34879948020900386,1.3050458937783127
0.5336450584239099,-0.37667617765238404,0.06229987746849196
0.5598853796956231,0.3878859927133137,0.05685836790049288
-0.9603797605235944,-0.9138979051074757,0.2607954672432016
-0.11000120692691114,0.30455013144966725,-0.00040467319717834866
-0.9823298578914004,-1.1725779475751223,0.35421671006552796
-0.21726709451172163,0.9039924971113034,-0.0644334888995469
-0.19958816941206872,0.21581035309420482,0.006961969993751758
-0.8671551886154596,1.8088622006973907,-0.44146491529645415
0.9244056997200186,0.1683668938514758,0.17042790298201407
0.001376826177396451,-1.5928067249055176,0.40410074337635093
-0.6294577825614719,-0.7404151348988034,0.11983405663258127
0.8666506843656756,-0.22703037194110573,0.15138685961584675
2.0715295900257824,0.36392119133249223,0.8534272459422693
0.09134449616801717,-0.2590186617743702,0.003406536878244333
0.6681673592316776,0.021418673464193027,0.08928854138637755
-0.35575609243722,-0.35733147426485523,0.029875094351589172
-0.286455422454326,-1.0517738928099707,0.13276154862493109
0.10681004662895974,-0.7986164902780011,0.053216502464531044
-0.7297576529576284,0.1508402755196703,0.10616604271812607
-0.7134722521175827,1.3397248157692372,-0.13865366329013878
-1.2946002030827315,-0.10392128168461558,0.3353101683324645
0.27618878445195066,0.48110563842036075,0.004120251037807035
0.24768220972180305,-1.5856713270554945,0.4109631296147347
1.8149140958349852,-2.133658598780082,1.630130502226348
-0.19202403427163717,-1.269759073330412,0.21209639087397547
-0.28354031748926006,-0.520539142526885,0.030183602931082135
-0.4472410695567876,2.365661504121828,-1.2839030905553057
-0.32801059695099155,0.4915100665413528,0.009644184700873887
-0.7170174299058919,-0.19262842265793548,0.10353756038155225
-0.28120094513093014,-0.13793504720763022,0.016077230594845927
1.2306101814960027,1.4369574255987099,0.006170612124586861
-1.7200302132545158,0.09204032984069091,0.5916228156512457
0.12537406486566025,0.31605773056095465,-1.3448110651005391e-05
-0.6086951649549145,0.38280366422473844,0.0684924077290812
0.33107924052667276,-0.07302592433987339,0.02196163586150595
1.0437919840946488,-1.1874344846444866,0.3853286813622244
0.9381572947802657,-0.33687523923200613,0.1798508481366397
-0.23989596291150359,1.3314466751766951,-0.22452222786929715
-0.6050442506283633,2.062866299917772,-0.8046199996977736
2.49546149815971,-1.1847489840729453,1.4117605578055668
-1.8701922174700742,1.8414017409378125,0.07514858093351784
0.37808479354997776,0.8098828850236616,-0.02453142936926881
0.7895052275005751,0.35117368956375067,0.12033292295454268
-0.6988803333302908,0.5282528683852351,0.08294579003510258
-0.39440381183362677,0.17387844591149376,0.030585174238157965
0.1647582874908541,-0.6788239833896966,0.03670940360763145
-0.8642929626575788,0.3931169622589888,0.14332519833564938
1.1597818127305068,-0.994335236108846,0.3673289501477563
-0.6575262817285409,-0.272928672404753,0.08850120955708853
0.2777521188503756,-1.5755694863060516,0.4065516432527022
0.8727359911771375,0.35304256030908987,0.14793333314808868
-1.3006529023428988,0.21322652313180424,0.33737014835616547
0.10834819443619247,0.7770042992096748,-0.04456265572405919
1.1640794711878535,-0.05125259143626017,0.2710296662230851
-0.6776962676313408,-1.0768419851079332,0.21672382178256236
-0.626215209625339,-0.557897547377724,0.09579364069275
-0.5676206907646931,0.18436494787454857,0.06381198525748494
-0.11345533440244814,-1.3713068257698393,0.26044625909344316
0.789805472309328,-0.3723523452186586,0.12992106315937033
-0.30553579541323617,-0.9781517858957607,0.11225812064995604
-1.2703991700103283,0.43133779337261635,0.31475767172463065
-0.6156534939648953,-1.3108034654995133,0.30102884682504527
0.8830801145241808,0.7895813901648805,0.10674053252986897
1.7042765800680566,-1.4649568543985054,0.8953059155412639
1.0878233127641996,1.351383836205845,-0.010122976327966271
-1.3286572162316252,-0.4485334289018082,0.3620896955013807
0.03321685262504165,-1.460782016046843,0.31193462338762673
0.3816343243389843,-0.026776692277068158,0.029130871368139404
-0.7640542886981231,0.09008953154022838,0.11668267343745524
2.3479432862390195,-1.6255194950517604,1.532080766643429
1.0426392355211183,0.08218438442588387,0.21736380551238027
0.47237247824941775,0.4615296608787252,0.034796125509986515
-0.7774437319635474,-0.23939374608404723,0.12225570164708587
-0.008504302334138656,0.9784798789136175,-0.09366743709551516
0.6940251836105359,-0.2249650330548551,0.09747272261917533
1.5364094327617601,-0.6354314572503843,0.4977678042914262
-0.7851655614427137,1.0219592761716747,0.016563487082793787
-0.5512396888302974,-0.5405610531868515,0.07656857085326119
-1.9671734569900965,-0.1842746984770977,0.7745800266021893
-0.15492321095794062,-1.0435524629124107,0.1184432853454645
1.0709739119154982,0.12906689915608527,0.22918202094682844
0.23963784686662165,1.8127799718089201,-0.5842252787473061
1.8431011228757244,1.5446202758494911,0.31088084381447256
0.6011751900579471,-0.7996040954755066,0.12340634577102781
1.755098152284863,0.47727251211568666,0.6052021595789591
0.7061447051513191,0.6542910370411599,0.07171808154181236
1.709589780360305,1.2193594508023884,0.4032405113054802
-0.5364574567020821,0.4065231399325957,0.05083907593409501
0.7767319458045515,1.2836116948889733,-0.09083293088292971
-0.1326681924914113,0.10256054147653007,0.00341228986539204
0.7255558960315326,-0.18586038852525097,0.10592830934099587
2.879112100753405,-0.02315201854617401,1.657858538726088
0.6457987547310543,-0.6085948049492045,0.10595280546833269
0.025596306353351316,-0.8150952682873464,0.05428435777241557
-0.15341937394364016,0.06775055791124185,0.004676402418553632
-1.3208300402714264,-0.9529712951399957,0.435462895988594
-0.6285533880529066,0.8556291246339761,0.016375161528854223
0.16013413207015256,2.9647349252689477,-2.6007705874669904
-0.6799876206643732,0.8522819885294104,0.030568182744000014
-1.8812174037851477,1.495933142295906,0.37303347703818723
-1.0206327174398924,-0.9705173602567609,0.29975164196480736
-0.21187191561769564,1.0941391085148895,-0.12200587004938161
0.1201995702121691,-0.6181593346810891,0.026510751364714653
0.028351445526361145,0.6259501149961906,-0.02436481255391775
-0.4728207989273769,1.8446836331594487,-0.5830076901255423
-2.0157372364820514,0.5457265677792731,0.7963866298195418
-0.545221320412695,-0.6165594817622659,0.082891494723567
-0.013682590997782329,-0.8027231468126345,0.05176206859352078
0.3795761077736093,0.17444449476392912,0.028284754339242515
0.8172250794817478,1.127395750734036,-0.009723021497392847
1.97552217662123,-0.4526362162849159,0.7898111642367402
1.0766638663541703,-0.1382449010423858,0.2321052250756743
0.4417685704773804,-0.33128704203540404,0.04266780584006076
0.17604089559254846,-2.7374180639132986,2.057470714429461
0.539281837398418,-0.620293518559566,0.0820316446168656
-0.18249743820149908,0.5206535543182261,-0.007452819996974498
0.27018685244851653,1.3670116308788645,-0.24085611965688847
-0.5072963895012851,0.32161502417468657,0.04814326099921815
-0.14929577080287398,-0.04861309013517828,0.004469333839536093
1.0044926814429944,-0.4913545388543012,0.21366384680870984
0.5659116066868718,0.13750292109763748,0.06379121181063069
-1.0190143554759534,0.2173118234878104,0.20665180866339125
0.6551978167704905,-0.2417343403910482,0.08726942231523399
-0.5516974351203716,0.9089081787212954,-0.014212172162020295
1.6790946065561358,-1.0976344024366531,0.69611487301099
-0.34201001250849977,-1.5165352614515222,0.37217896000170003
-0.21040583819414824,0.14783979894448265,0.008530995723325187
-0.7051629011943233,0.4438073711400564,0.090709492327251
0.021321144921486634,-0.9740739072478377,0.09251299644994648
-0.5630469900114179,-0.8914490590888198,0.13424618344691805
1.1002243986890863,0.30185207345382437,0.23934843015975818
-0.4910693727933543,0.6533065770260347,0.020346081502784105
-0.656424353262053,-0.47780608896533144,0.09708683523177179
-0.005051735524921122,-1.839036081350693,0.6219769839078909
-0.3330505387841168,1.1525788140382245,-0.13092840825500757
0.48498577399127524,1.2271639749227663,-0.13776023870349696
-0.09728957163278082,1.226039867775351,-0.18240204332379523
-1.4090921083154506,-0.8728993498200568,0.4636189657701445
-0.0442905526814597,1.6344676381909995,-0.43625315901664835
1.157446539944965,0.2308486195474755,0.2667062812220777
-1.2077357188473632,0.8882951948225947,0.22163255066743115
0.5060603606467136,0.8693256596744393,-0.014477878473836261
-1.8015593852036649,1.0335374283789163,0.5387208152859417
-0.7665502451002906,-0.20241440156179027,0.11834917963893424
-0.9782078848443382,-0.09753980149628041,0.19147093268706197
0.35079885867659427,-0.05930407288763766,0.024632824932435942
-0.4462489002869921,1.798098271956693,-0.5415258564002197
0.6690401612294006,0.9402418812163467,0.006400413094488702
-0.925718013378089,1.248097975552826,-0.023031513930131392
-0.7099130912372804,-0.02587834305516689,0.10079705246524899
0.607613849149323,-0.003241652526562696,0.07383892134204058
-0.5558808260073926,-0.12778333439850798,0.06200935059139961
-0.3034708890271386,-0.6738644245099754,0.04901864560632352
-1.8162907753750666,1.144138882919917,0.5100085027993188
0.20652817087029654,-1.1932099750671081,0.1784140525944602
0.6468085383385297,-0.8420707910943328,0.14338208362065563
0.4165551268686677,-1.4505755841956505,0.3399293286088572
0.35526406597955074,-0.9757801504041992,0.11815111603178079
-0.07013440463899379,-0.9355990567977748,0.0828810182557896
0.4399137515908618,2.051757671061466,-0.8250255625516596
-0.7233025293294681,-0.6860152058892038,0.1369183421836572
0.45148044607238136,-0.5480790376376352,0.05723069945981067
-0.755050094893457,0.4948001360414104,0.1019060772285362
1.274994393238179,-0.5209043862866152,0.3392564320419704
0.3629152013443245,1.2987334583957346,-0.19271700013988752
-1.3401102560608773,-0.02473717324292747,0.3591806134161618
-0.5394175765945718,0.4897649807668611,0.04644628470508937
0.3319194550322743,-1.5652213200908303,0.40550045923403016
1.2054914781163393,1.081688312722765,0.16407904236348542
-1.1888034513395624,1.0343386754650699,0.17199133412755463
0.26687062014087354,-1.9374858718283898,0.7415474108828826
-0.31046578619496484,0.12296044674770162,0.01909189364215536
2.1066572812580393,1.0039917715168003,0.7863986620479254
-0.7474863072568486,-0.6660770919221164,0.14129824507016794
-1.3794034090185112,-1.3248110639513524,0.6130715693960717
-0.7916549037649216,-0.9600258406975641,0.21382424195938332
-0.32153361369348055,-0.22737376345665883,0.021852268662836745
-0.06903158534016952,0.6537804665645314,-0.0269913945110062
-1.108822003647771,1.641745144859015,-0.1966067742616846
0.856374821327556,-1.5728921864611816,0.53580749425618
2.2949116312997337,-0.09993294255585766,1.0534236780574995
2.223552957633488,-1.5318547843622978,1.348299390195614
1.1295454128682958,-1.0700366865401396,0.3776914691043431
1.2669241273649654,0.3981401678705433,0.3147082064083551
0.3287302826395851,0.030570407964852442,0.02160986278786348
-0.4863633595122014,-1.0052882781754533,0.14890475150279175
-0.8631283842215695,0.3181293893383019,0.14577845142218818
0.09636343870837809,-2.041991184932231,0.8533119642858709
0.010913921359380368,2.0817397755385714,-0.9021273559927423
-0.16027329956940733,-0.563711553989391,0.023050608529542188
-1.7750331316334922,-0.8123656730025346,0.6837596203476641
-1.1989320040445344,-0.10309780496643633,0.2875971743439925
0.06319559002745201,0.3237513945954219,-0.0025946626058063545
1.6766772507059793,-0.9378568184570371,0.6447409003492213
-0.8164003905706955,0.6434123095602692,0.10666597535233192
0.45439907544118024,-0.7451890589209903,0.08267655416994454
-0.06485711491116102,-2.2708008455718858,1.1717880290283156
1.3668175634818878,1.1275507814407575,0.23028454044155192
-0.890259829290535,0.5501272652778547,0.1418634607330967
-1.0779430571794077,0.89196001200766,0.16142856277814221
-2.2242588173255142,-0.07762919298212322,0.989512238905441
-0.31897540863423246,1.4034335904852686,-0.25607484459902996
-1.3045804403585621,-0.008117936488503003,0.34038607857115427
1.3139707272043386,-1.0827715651931642,0.4722473314412228
-0.7968492222877771,0.008650924235324155,0.12699367186991628
-0.14114436337047118,0.41536892372197315,-0.0031820695542118752
-0.5705927319948751,-1.1687193398097238,0.22475115990246802
-0.3946293403574618,-0.4096581522741381,0.03802133824314676
-0.01614710917352804,0.13626259033258503,-0.00020085964942599509
-0.2348335637390464,0.1791465689422209,0.010454416613110154
0.1747262951623826,-0.9130010237046028,0.08221096134304806
-0.4076594889725254,-0.37371591203187254,0.03845670211619665
-0.10848735693912369,0.3770180676252523,-0.00300513239384633
0.6005539884451458,-0.7390557601686468,0.11250049673651913
-0.5410599005493377,-0.843829181898093,0.11863382501903963
-1.5077610878810306,-0.9966347616894596,0.5536625217700669
-0.7941330533212346,0.5133183973933455,0.11260373827324587
1.4017418242740352,-0.01707713127860145,0.39297652640148883
0.03018232935021161,0.6638673951769924,-0.029075763820693063
-0.2582585406163198,0.5659204648091839,-0.004785012041147448
-0.5155074676558055,0.35611708962589395,0.048633334936145634
3.1561996205258085,-1.089504199871393,2.1216454712518344
0.2588792748608738,-0.7215308041785781,0.05096707298114314
0.7643900282272232,0.6459182625172052,0.08991004126372773
-0.37258769969595734,0.4838358946366633,0.016437857282866265
-0.4511210827260991,1.088084580132799,-0.08811933964648289
-1.151606762956857,1.766217832347186,-0.28573651722487714
-0.7206718166768787,-0.07345448612725886,0.10391320629044226
1.3553702752832428,-0.8270121905799875,0.42396914620849924
0.2595130290509895,0.7238277964380607,-0.024453866898623777
-1.1077551055181731,0.31606058987030117,0.24226700973364357
0.3360171726969875,-0.4596629592348736,0.03229372839417041
0.9228999791682028,-0.24231849817761222,0.1717717262357699
0.42588705675518757,-0.8569662562749141,0.09921080170151583
1.7927766848952453,2.5255242169023027,-0.9680385354134773
-0.6090331555800015,0.14185589487610673,0.07389881895551775
0.34099063433680626,-0.37400688309101443,0.028486573780170853
0.9234124003143982,-0.2794529477540436,0.1727204506640408
0.04123187824180663,0.6375755544007267,-0.025577597706819194
-1.4601928372617254,0.4757509272282737,0.4156645281144141
0.1988702371287397,-0.2892463392595269,0.010329808756230347
1.2145795466745268,-1.6835618033593003,0.772226143666426
1.1497891972437662,-1.0073040840122864,0.366610308683384
1.3062369222362549,1.8923677532127432,-0.33641645604688786
-0.5463894390851847,-0.9147246163939189,0.1362452247318136
-0.36849437885177616,0.28008543740715935,0.02496041134803027
1.1403302922870466,-0.4841181828882083,0.27141693304489206
3.5088674034340883,-1.4122827961285027,2.7441159245808837
-0.09574469025508378,0.15050778016254002,0.0014924700103873968
-0.3105804390932762,-1.4638585539411044,0.3329796367845864
-0.3686549391952469,0.6770401684448418,-0.003853103898045669
-0.8769486946664,-1.2122392233868051,0.3319492579524403
-0.5046727487748516,0.3257599495147368,0.04748196691853748
-2.4037187152925146,-0.8345566393432517,1.2136983325410662
1.1011399827204664,-0.7751851766001786,0.28908366429091725
0.6193439607921861,-0.6922442343996089,0.10988987605729952
-1.50995414311489,0.8884698679154822,0.3858583833792384
-0.09982466285239634,-0.22622584132725526,0.0031507742434519603
1.9242121667856042,-0.42172227927594597,0.7480188098382875
0.06919438869105936,-0.44187136201619254,0.00958512430996156
-0.3957489638158838,0.7118450255562669,-0.004747400448085415
-0.258807973848866,0.6641270893799858,-0.015895994111858405
0.40593637902271873,2.696678677253932,-1.928088329987396
-0.7831211992424032,0.1354359779500089,0.12240733362473406
0.07396845296742972,-0.6030594123122774,0.023026370600881363
1.2324273783699198,1.0264905879090354,0.19561588786379824
0.03905263394965754,-1.7567068007649722,0.5424280401321413
-1.3098628520726492,-2.2916724131412685,1.5466800507574314
-0.9074834981373938,0.7831502760920597,0.11667274608757133
-0.202834840372297,2.000345104568344,-0.7921858024506497
-0.6774032618286966,0.3797283638435718,0.08629959469590534
-0.5970740754596424,2.9624443327667342,-2.5285642965231943
-0.9660690651876691,-0.29333887343821574,0.18918200112416075
-0.7568838234833908,-1.2728233719067528,0.3207821087797386
0.595701945127036,0.6824749432714312,0.03918438626880981
-0.6950588829380362,-0.7596189321720099,0.14045297181993965
1.3567312401203286,-0.16439403603766245,0.36858821302679606
0.6456870219653619,1.698600737141571,-0.4067054913085147
0.24584306687052032,-0.41348316356848136,0.019157015159041127
0.3768691959531118,-0.7938938362146191,0.0784426204145817
0.13452958602106888,2.0695277284543936,-0.882747705690832
1.83491480699273,-0.627229437219403,0.6980587275146837
-1.8176484221306224,-0.6365484416597365,0.6865617130389627
-0.3465311290721688,0.5833803876481918,0.00416242379738151
0.17757469620111183,1.5446534537943222,-0.3622406992763677
-0.7991082054293879,0.26403436494003774,0.12587409177372189
0.41314548134414575,1.1522262941789607,-0.11883465552101388
-0.18059759589995644,0.9751930963258506,-0.0862179187363906
2.689606068232577,-0.3563292617069097,1.4513204924303134
-0.04001223530062268,-0.2581465237456185,0.00204047461876276
0.9779787403836624,-0.011445037940500107,0.19128863324576853
-1.1305454368696943,1.1585137824494514,0.10013618491723775
-1.1368705935587786,0.5155502517503943,0.2447920328478833
1.2627578495444938,0.6059850179434257,0.29665862626159845
-0.6351920762882726,-0.24981322085398733,0.0822527952627257
0.02423387531113038,-0.5221960618438863,0.01435715407765623
1.7278612706890621,-0.43099969981760544,0.6051071965208012
-0.8912338172875282,-0.3513861016298869,0.16319818465074828
0.2885781610453114,0.2469918163758659,0.015148698483913628
-0.4628119162863037,-1.2654200107222757,0.24546913692336367
-0.2863987996834951,-2.170497331110749,1.0389388802617425
-0.22493870556976764,1.1094704151343924,-0.12644795867181544
-1.2988811139408372,-1.247469245584637,0.5315470386465764
1.1080933726072775,-0.06559525326614137,0.24560240839720615
-0.4740781742103797,1.2487457685903383,-0.1497751456880498
1.30192786917051,-0.7716962765381855,0.3849589171692946
-0.3493812020334245,-0.6333594392667699,0.04982029011404855
0.4536524694203839,0.01261808840297967,0.04115991170189065
-1.2026854171660846,1.0290580392296367,0.18031726629811584
-0.4362761805429983,0.3257708727494214,0.034610083626913785
0.4061071109274022,-0.30495012495629675,0.0358204679489738
0.8722274659927671,0.895288748281506,0.08039500222002673
0.24103732423578603,0.9315122878413639,-0.06920893341416134
-1.2880036284072076,-0.7495055924001327,0.3738947930622104
-1.2681130541797248,0.5689388609812882,0.3032060804271068
1.3096826564251,1.1428778648382691,0.1937744753012575
0.6567628028823804,-0.6031858085222426,0.10821337329145242
-0.9014878593277529,0.016540391557451482,0.16253561958350402
0.6697982814869403,-1.402504200339588,0.36560105277476146
-1.4920006078846777,-0.5130314690133138,0.4587162171386891
1.291688995884743,0.8258716069521275,0.2773623705817707
0.5589677218662767,0.39282637155199485,0.056427178585936086
-0.22190946700383873,0.5751240908933264,-0.009174486112737176
1.1491482575905096,-0.14823800741692908,0.2644340892954976
-0.1137605702222572,0.013559978398745474,0.0025880441360485906
-0.8286063060394289,-0.23165769497523353,0.13856087976517675
1.6872852779872582,0.34824433877946387,0.5651630193071544
0.7956001084308704,1.0287858680516482,0.017709172959257752
0.8909746049877577,0.370702652951324,0.15367293655216596
0.9152644905086343,-1.1742920642638266,0.3294722135124847
1.0847361404610807,-1.43970506253201,0.5337454617606909
0.18029110986597413,1.132532358309276,-0.13876096921444153
-1.1744342566060917,-0.5542937328259071,0.2928893707512791
-0.5674590450768465,-0.2622029939793352,0.06620460990319231
0.03080332387667352,-0.2736008264005183,0.0022378739365754674
-0.18253492034541477,-0.15941429036117788,0.00706891762565961
-0.6436597847233665,0.16655796087092184,0.0823975260219753
0.6298405757010147,-0.4295425778214261,0.08726518393338213
-0.058945913555359004,1.162577804508867,-0.1564375981786129
1.0863326763411478,-1.20555494150057,0.41123459726166867
1.4896961572670906,0.2011847664770387,0.4430246266109442
-0.29006865155220984,0.8903693156085621,-0.05375673236763941
0.35405805159381915,-1.2322618246700752,0.21218658404876437
-0.44103321357464154,0.13499027563734597,0.03865607475931817
-1.2791585195716721,-1.8115698669813205,0.9217676546046107
-0.058311328305347965,-0.8948287175913345,0.0723306271309866
-1.7472762595709868,-0.46835216678832303,0.6208683459626481
-0.2202768365609216,1.5627579574761505,-0.371954314509102
1.0647421940393635,0.9585855289491311,0.1386520849829271
-0.5436639734621328,1.7864426442690828,-0.5110071508576388
-1.1637261498749196,-1.6410742118843245,0.712813438323858
-0.8527622989971829,-0.12850453773583204,0.1456529126099545
2.59627146863498,0.5142204965482806,1.3345279495797062
2.1901705144854944,-0.39360023500858937,0.9654670764122645
-0.35854509815932595,-0.506492115936612,0.03870417567615286
0.603541501607805,0.5192111460133843,0.05885556363974922
0.2037853143060617,0.1353688883659662,0.008057630952018995
-1.7428491260080827,-0.33030783459962115,0.6111083815461662
-0.14907003347833608,0.18190184440261614,0.0038424930420984764
-0.15126435110155415,-0.6004566724089183,0.02622553895146595
0.4052538663602472,1.1602769322382023,-0.12335527945668519
0.28307774107228734,0.17933311383029482,0.015449859645539412
0.08981096548655422,0.8975613087802269,-0.07069580042694133
1.0546978375749374,-1.5350212341204055,0.5841730531342904
1.833711296908371,0.751301605094911,0.6300918968120348
1.0285428836343011,0.1149840259457926,0.2114280685632098
-0.8155636280459834,-0.17997341936343564,0.13361174795266878
-0.8076929749866953,0.8232886492563108,0.07467073794121712
-2.0796065385251388,-0.5243703573336673,0.8793709823532246
0.5589586646518321,-1.6593320618809348,0.5193646088221864
0.40800384217457364,-0.43266550481485694,0.04139290102589518
-1.2260754386319197,0.04286193197368209,0.3006443218839784
0.2333116339395358,0.23495815171535017,0.009589769404305292
0.05112514366861674,0.7946106431145188,-0.049649442601716234
-0.6001642323776433,-1.9989436989581997,0.8707725292602042
-0.7677332847295655,-1.6359030808655053,0.5556798084037398
-0.6829385754766218,0.9367877435871378,0.01107121797658922
1.2599943491638848,-0.07007452122550951,0.31755156164784887
0.46165978215272696,0.4548149467458685,0.03321780191267286
-0.528971035995474,-1.7264522902561392,0.570554917032328
1.606294768005876,-0.458911760595048,0.5257012582068779
0.9702948634648552,0.4430327966850425,0.17959866267530974
0.42145818077835706,0.19075552897062004,0.034831284670151785
1.1666204703406846,-0.5081113098994436,0.2853189349753088
-0.45602185632286774,1.0360023441944808,-0.06960303371724491
0.22926610499477418,-0.1556469678311798,0.010889659391001075
0.12929306431720772,1.8368712895881711,-0.6164346924836862
0.553730911003965,-1.0051160994334765,0.16286627992344396
0.1343163806762432,0.13663920392004267,0.0033530689126334873
-2.154328177984253,-1.0315146286233545,1.0379814497676751
-0.15722219211400607,-0.6892959003041291,0.03769419956573028
-1.0827839684945961,-0.20623238676772812,0.23536136789392198
-0.1914189619238587,-0.1160922145056705,0.007484705944318764
-1.0112152954424636,-0.4921581412870608,0.2164323113327858
-0.17017035224115734,0.6243202649616604,-0.018542902894860144
-0.22040693206771414,-1.5531688519597193,0.38439196572728507
-2.785750379004893,-0.47361812853618385,1.562704958750142
-1.310370682837588,-1.0742447128143218,0.4673822880917199
0.34113547664038846,0.20608408104228698,0.022399430228637798
0.8377243796451443,0.06728742305749151,0.14032596221486093
-0.14449396633733533,-0.7634627541129378,0.04867606531820033
-0.7353064200402467,-0.9307969856693312,0.1887777774096634
-0.1925766847543185,-1.365540518075991,0.2620496200950603
0.010621646634810054,-0.4085878254098668,0.006843692920405427
2.2336335339342304,-1.678320713318171,1.470566487972201
-0.5721484754175373,0.5334398039831377,0.050291317904821546
1.8676551047547227,-0.6937703209309913,0.7310194809327042
-0.8642120712030356,0.5501537892110797,0.13272104052890385
0.3201839342431261,-2.212726902570532,1.1038901218970543
-1.3978604541662598,0.39816360982616056,0.38449051253255145
-1.111081633405106,0.651895012018421,0.21919708550542735
-0.23857499711062888,0.6470131559908646,-0.01570204864918172
-0.6062292498000919,-0.540341805578274,0.08927910074524784
0.6723950377751339,-0.6742092790370401,0.12106974975488852
1.8547661343452548,1.5497636851661898,0.3158142805728106
-0.41960664297644684,0.36596184169109347,0.030312690666451578
1.1463646297383914,0.35633049111480797,0.2583059940576967
0.27297009848041914,-1.0864600580576493,0.1431477866891901
-0.1847821752122235,-0.22072870179974932,0.007904306290475716
-0.5430524222689823,-1.3135518767717862,0.2856238618864879
0.04155069022293472,-1.1460331698617499,0.1508643747029127
-0.16875526267078922,1.8023232549514216,-0.5797654519882719
0.17551170900573992,-0.523682468995701,0.020522514328348215
1.1696849688866413,-0.9730868272654545,0.3657739797556196
0.0796963148583691,0.35969307421899266,-0.003383376376313213
-0.3803890578981997,-1.0109375941175314,0.13225646544601338
1.1642379257276845,-1.7078940754398548,0.7692659835177476
0.0001316201680725434,-1.1662377725535653,0.15862123237288686
-1.0371349319550691,-0.4896660453586497,0.22687063505402655
0.9090618662496793,0.5949099583963471,0.1442237694803759
0.7912003572292934,-0.7643853464947595,0.16986148705830423
1.112873195958847,0.45582308092339424,0.23822650052893013
0.0948798533977521,0.06132436725901904,0.0017773751961533686
-1.1794757036143475,2.021276626235643,-0.5475719444756995
-0.7996263513394494,0.8632063166534538,0.06356078715562428
-0.072747274356651,0.034548452543077174,0.0010543094972630099
-0.7710126810154411,-1.7626467460909183,0.6665329796986592
0.2520190883773167,-0.37951105446371525,0.018168770302707856
1.6278551326499588,1.0102318071294794,0.4268814103603157
0.70085982413839,-1.2435877922561067,0.2905630685266705
-1.0545349957747787,-0.9748837329041409,0.315061594994211
-0.34342378153049646,0.8365498304473359,-0.03495508498280829
0.30761398007087015,-1.54974698571048,0.3911304418637644
-1.2851606160880213,-0.9894820032610977,0.4272052349249348
0.23163018970760435,-1.961553254587295,0.7654756227869901
0.3771376267556366,-0.9475855484769015,0.11353200517477781
-0.33221968545851105,0.030780768781340555,0.022071067539664774
-1.449027730295513,-0.45209892241618443,0.4291768778336983
1.1478169707705337,0.9208263656038548,0.18541794039229642
-0.7402540734614576,0.3157821406595352,0.10644629092551743
1.7427831435903995,0.07247649024866767,0.607420546363986
-1.1278260083783125,-2.110229320060634,1.1940977210767099
0.0784529065711759,0.001618530337856708,0.0012309712858963762
0.582927089595324,-0.45914462645546733,0.07764020015124176
-0.351632046574799,-0.2864946183294972,0.02708054317877854
-0.40957982479184524,0.47846651429252274,0.02259758284072398
-0.49353634922780026,0.08205405175242332,0.04866037969673911
-0.7021062919061408,1.7998434655915718,-0.48445721275941744
-0.0014411867956034437,-0.695327582961419,0.033618144509632505
0.5378313984398392,-0.28050620702486767,0.0600596501563732
1.1898800060030505,0.8994659675157767,0.21039257864457284
-0.6277886748305002,0.8457076433994455,0.018336902047712163
0.6832781649858783,-0.6211333550987262,0.11733754772070076
-2.5953853072354387,0.2053059035523188,1.3463396036658355
-1.3504313283231348,0.2334670618092711,0.3634603986491028
0.06881332260176488,0.20390500039473308,9.927377233107592e-05
-0.10732250467737788,-1.8216373261034966,0.6067889318734282
0.1496317976332648,0.01398852254593513,0.00447766124691364
-0.4580543679766553,-1.1828343894471258,0.20745278819372595
-0.2964196187378585,0.29354612162816207,0.01504345094348224
-1.1412714373512125,-0.0301861750885676,0.26050284932261025
-0.16910367960767533,0.366525510158265,0.0007952723827606379
-0.2024693219400714,-0.5908039585424196,0.028820737111755958
-1.069972492357577,-1.4638159772149733,0.542628451563275
1.6027350973198298,0.5249887969504995,0.499282572268549
-0.3386899715752065,-1.3708904031327451,0.28057916457976106
-1.6661353511868306,0.5042108224985709,0.5423829228873623
0.7689263348590294,0.542660084637561,0.10226928928141975
0.6604903193952117,-0.29359394527456717,0.08978019601484327
1.6397958760425613,-0.0717894757581248,0.5378231013663262
0.6909443273383983,0.700686456242551,0.06107980463956369
0.3533883729186519,-0.2295572298392969,0.026186355178821424
-0.20981481136041183,0.7347625287841615,-0.03086361255371042
-0.41119121978366496,-0.4567987135935959,0.0433474371599862
-0.6382829636864413,-0.5126668797707341,0.09495531504563061
-0.7629977317255578,1.742531088858664,-0.41267157543284066
-1.1437890516714848,0.8420112260775549,0.20195352244742265
-0.33228713894191997,-0.23112511216551276,0.023317591559273022
-0.5633408385925974,1.2191595817618497,-0.11773921481053028
-1.4863837574320504,0.09054177580574437,0.44179311041538627
-1.831641513865892,-0.2322862832930873,0.6722354722436092
0.7085748782188479,-0.6156963640048185,0.12375561329331769
0.017230913951301635,0.8533531458665843,-0.06208278437233817
1.0958784816740972,0.13769310918668004,0.23992887155161632
-1.6282285090243065,-0.5384075646821413,0.5458331196822184
-1.0651029919218744,0.9041134789786577,0.15298472573656058
1.4770543383612704,-1.3848790649354215,0.7019424780717258
2.3468894207785485,1.067921037369039,0.9797863654763713
-0.14249296296677022,1.0226686680066026,-0.1028950769271924
0.04092349775194687,0.020146245034791756,0.0003341288556081007
-1.8839514079432103,-0.26824596233459364,0.7117847693633415
-2.061916693688677,0.7677620393123533,0.805043700574679
0.577673553755434,0.376079156280671,0.06142225139536318
-0.7909666109324278,1.4607854603335861,-0.1865905205237902
0.6096191044768128,-0.5442881933536727,0.09045160850215236
0.035156764526835714,-1.6571089952786549,0.4552910236574151
-0.9010796676174961,-0.6117673766948402,0.18528487791376766
-0.3112676763787042,1.2928218339114963,-0.1967032147018951
-0.03545641767260778,-0.3001329332828638,0.002955022300120307
0.7463262257725304,-0.9381369978664237,0.19396610056209895
0.31202558918972034,-1.997154386839152,0.8160621140731381
1.4385107244202122,0.3063872109991902,0.4109864684180607
1.4661983622090151,-0.336905997423856,0.4337716009285941
0.08688919455080955,-0.021210356885774318,0.0015109006358596264
-0.3658390194240739,-1.4718355277830224,0.3456113416415015
0.11744837733788631,1.2254981556832578,-0.18129209290462195
-1.097341060131985,-0.980065472687466,0.33496954570134035
0.08653737331692701,0.6069254448339586,-0.02085887098312598
-2.4699333452934025,-0.10483885989912485,1.2202293763850829
1.835465412733103,0.2887792043784175,0.6713784274636232
-0.8341143368066599,0.19861249664446376,0.13836588017073292
-0.4748527426932435,-0.11127875933835296,0.04523482151660305
-0.3705466994151195,-0.4696206188820224,0.03781814999147358
-0.10034106506710383,-0.5568263578907535,0.01927837851834048
-0.5336709867848967,0.8035071446343329,0.005084616328354302
1.0675479843425941,-1.3298581082388947,0.4631201501068112
1.1466861636044168,1.4715599886364785,-0.05568683585460493
-0.8859229118057759,-1.0277778837010438,0.2655388728612408
1.2898108404484923,-0.728336197649997,0.371358714529593
0.289311746721109,-1.120527408338485,0.15743162514038353
-2.0015668585665303,-0.027983915629493823,0.8012561692815066
0.1957551345808822,-0.08539630353471045,0.007726290042032086
0.9625848839954404,0.6083012789461553,0.16280493242619676
0.3616678143476098,0.6392276604248185,4.111219044792419e-05
0.656040662079368,1.2621574479113755,-0.11498903966692789
-0.4160760058462158,-0.10383988854953466,0.03473581619797622
0.5344602251391939,-0.31126527092918904,0.0601452732992934
-1.7194153265635506,0.9934072702600197,0.4932426213953919
0.9837417995301919,-0.7747865682203975,0.24005957597992217
1.0332322800042875,0.38950620658396345,0.20760439216584894
-0.4053844390474651,-0.00829759845730392,0.032867365813447263
-1.5429011462835105,-0.7368503585165727,0.5161159655067835
-1.5673424402557354,-1.7878473546631244,1.0627796651252908
0.2061231199347128,-1.7692685854831178,0.5623334975807945
0.14752277829381102,0.7778349069271132,-0.042708529079271966
0.8981733017320763,0.04615691668102357,0.16133322243796916
0.5381914858584173,0.08155401685532965,0.057875773043204515
-0.3234811060943672,0.24524247411045,0.019453022024701002
1.6612221678828667,-0.8898394014017257,0.622390562054208
-0.6289664044478523,0.23305058450549046,0.0778539898512738
0.475337556039918,-0.043961431156830814,0.04519765445524633
-0.9794047693418341,-1.028067776802942,0.300505624690909
0.2406662841186043,-0.9797409811944703,0.10562864328698239
-0.5006262308607353,-1.1215771915497676,0.19121248953265552
1.5321841862585839,-1.3076601933959668,0.6931243237643618
0.9365193973184867,1.434345544322847,-0.1196809541020934
-0.8536704650300037,0.661024618747294,0.11686694741841491
0.5542483914114595,0.27466545995927305,0.05936614902420045
-0.02308828109438389,0.8636625297762368,-0.0643150941190211
-0.3466639841962798,-0.4510803267355477,0.0332134711223283
-0.8991863196635775,-0.4042004455167749,0.16831095353909376
0.8604082398796533,-0.3239416034448598,0.15145985151097632
-0.9450510058810897,-1.554191490671585,0.5540409744050099
0.9955762429765997,0.007125874891204274,0.19823437493204657
0.7550890934363986,0.7395322262938495,0.07358630510368501
-0.8586459974752059,2.6783277510095282,-1.7738276297105977
-2.047427673078705,-0.8018267990012438,0.8899435622422752
-0.16032410430740165,0.3793088195262298,-0.00031654880573335313
1.4706021279573145,-0.4947749772403728,0.4446463279082071
1.9973316432985413,0.26496763691812136,0.7960064578902953
0.7828522969702466,-1.155725713679263,0.2769420498576416
0.08631763757494869,0.369714545320221,-0.003563438507436967
-0.9487520024983335,1.5405523373408083,-0.18559344548452983
0.7723426334629716,-1.315541884412316,0.34697694407115515
2.1526580762745153,0.3706950222865799,0.9216934604518826
0.30402649872469234,0.9663475608527604,-0.07175378077479372
0.252415318619325,-0.31504322944957996,0.015869573123987735
0.2014809708318482,0.07804080237830259,0.008071386610004026
0.28196123877153834,2.3339718907493303,-1.2555132049041884
0.6602881541942969,0.8982344170302339,0.01472428485942745
-0.6758277109069433,-0.030145987211623402,0.09135135857461243
0.4953507580248751,-0.9698009475917264,0.14028559970105323
-0.751662682083607,0.815035859949598,0.05885787399050183
1.3581260614600519,0.47049472375297025,0.3584861598982063
0.3451453254085904,-1.5708001520120225,0.411406349144407
-2.075526490768152,-0.34923132595093603,0.8658213559996293
0.9473143065422792,0.4609931958207667,0.1696840947788255
0.007508614715786544,0.8255258541002694,-0.056247727928977136
0.61760756657813,-1.2776378879664605,0.2848441371903603
0.6653256627993638,-0.13121854945426362,0.08875758365220167
-0.3309375310491431,0.12417477392287381,0.02171246015738684
-1.2608169824511135,0.12948409987487114,0.31771479789482693
0.1022468715834492,-1.044104811774664,0.11591447782842584
1.2916447262303585,-1.0562711539376142,0.45151831670949405
-1.9733998597249243,0.4145406120168544,0.7717377729366379
-0.23247775300658688,0.331756369916863,0.0071577945829100174
-1.3541796314417096,0.766561736830297,0.3217160319749244
0.6412218227531926,0.5098497815522542,0.06897970328826789
-0.6267125595649659,1.574866581753522,-0.3120454312558699
0.013270261990177005,-0.9164187829045534,0.07699821246481353
1.2971713360362274,-1.923104820025989,1.0477587331496208
0.647587837381498,0.39257514498573903,0.07782381998102687
-0.74529048842111,1.733339287653983,-0.4096841547902901
0.4520011915495482,1.2594826805957038,-0.15893029682795543
-1.4389823211632335,-0.5536422248984441,0.4311042497226676
0.9991941249012641,0.0416376973326718,0.19967056112885126
1.1837270729024358,0.9858795122426006,0.18441856804512918
-0.9182573250111986,-0.8159648672872336,0.22296613489122102
-0.012481977497523049,0.14136709120056876,-0.00025135729472125555
2.3249429753909254,-0.43441288139918044,1.089269970972938
-0.7554032757134264,-2.2115389168517376,1.1957693594545886
-0.7333172241419232,-0.7534529106342875,0.15032369561410946
-0.9414902523908215,-0.40885068853124207,0.18411508161297543
-1.1605913492917284,-1.199509711975308,0.4419827381093513
-0.1312052580735702,0.7325848118114361,-0.03587343483625181
-2.4637577662645542,-1.259170813155681,1.413663400892769
-0.05508774788136504,0.1590260785667804,0.00020476627321199025
0.2614716372398225,-0.4856376639613785,0.025126953456227806
1.596086634665985,0.5990692927724635,0.48799886961420136
-0.9460586738761687,-0.40920728890980984,0.18585760370525278
0.3526990097425826,1.8179992016707602,-0.5759914333325288
0.6236531203254031,-0.42242099812829786,0.08532630205349911
-0.5889111694667633,-1.209155972737747,0.24614890954468882
0.16241069523535917,-0.5370288756916904,0.020763360275996155
0.5495719000570936,-1.5525051293308658,0.43460184639176
0.2856599057323017,-0.08581990863120448,0.016383523198053175
1.4841263783755134,-0.9258147034223314,0.5198808423251109
0.6212330158542161,1.9487344685862182,-0.662858689757889
-0.5160888338207036,-0.667035484408414,0.08294836941773426
-1.057744520860962,-0.6245599939266067,0.24812722986303476
-1.5233164952423006,1.7265897556808374,-0.05061714688038005
0.3918815032656482,0.3017747069070349,0.02796602141228542
1.2298674709454576,1.7021629119420982,-0.1906628323236102
-1.221235832173309,1.8231265484839958,-0.3076856625757669
-0.0040376944924409835,-0.07163399364329955,4.0019070923979984e-05
0.32023585251831876,0.676464764204013,-0.01044513699444942
0.12226702504398328,-0.11719122228336933,0.0031507929593367965
-0.240396692822321,-0.6881738467574704,0.044148874218341974
2.1913415017461335,0.8105175174703855,0.9071494873961309
0.29883082064230787,-0.37639716469822626,0.023192572139377997
1.8611739458574958,1.1746836584148277,0.530701243305847
-0.3617612591521589,-1.0044931128154557,0.1275282410588639
0.2677804991120566,-0.0196969321007542,0.014342043321109745
-1.542172284189376,1.599970342200198,0.06608184759242514
-1.3330689388267005,0.4606796919118482,0.3456377485055534
-0.9651852184900905,-1.1675907891986586,0.345490446508325
-0.8099928202145282,0.4419626557574097,0.1225847734910821
1.2067400443807297,0.6282612826094599,0.266446065174618
-0.11036401934355479,-0.9734784075811538,0.09468871857161808
0.20900812746973085,-1.745847426987909,0.540868248882058
0.36536843876359404,0.3399117943087082,0.022771477388766975
0.00745932097223863,-0.38423819689542615,0.005683982299838506
0.028750956278656172,0.8192598369578056,-0.054822305542158854
-0.13657870130071295,-1.2147591716258865,0.18298545190881088
-1.7009400631204026,0.16637506318363757,0.5781788824825201
-0.5250081119733214,-0.04184621938447789,0.05513403124446374
-0.46798378548354863,1.686950240561509,-0.43627072271216905
0.3146663820801319,-0.1896640215942783,0.020485254186598256
1.5135485694477273,0.7763092644440827,0.41138110505869163
-1.0873412792278674,-0.7722337946629568,0.2825139903266224
1.715289129153973,0.7938795637054719,0.5384095156765993
0.6592914231023655,1.8690686307127977,-0.566010678864563
-1.513603558792445,-3.151760696763121,3.589030730823448
-0.5719533613739789,0.4685300424628477,0.05514093925171282
0.3065912896613706,0.968223907060918,-0.07196723586785456
-1.2686663758777548,-1.0529397519788812,0.43864042243878426
-0.2746149522484686,-0.7535380403497395,0.05787003962666868
-2.3768906435619783,-0.8191728539191766,1.1848919426324578
1.545776876983814,-0.2641784499658452,0.47972893878085654
0.4266222134399598,0.3420929835926716,0.03239787019304744
0.38248862199141836,0.5207361352390026,0.01513890932446607
0.8847384845608718,-0.7815446283206289,0.20429012143735986
-0.8588470364494999,0.36585606841077717,0.14262663867925568
1.016987400565305,0.34398720137995753,0.2027823705260612
-1.638754643474774,-0.2951612378314023,0.5396748056199202
-0.9286224465054118,-0.39797568390839216,0.17877125337148328
-0.34313657069029824,0.20700765372931734,0.022661468538987515
0.6046634819718403,-0.4446616503459916,0.08191561255826324
-0.23911622529953697,0.06509841533211846,0.01140772640990224
-0.8579548734322469,-0.04945785513913037,0.14722941075346388
-1.9688785244595752,0.9612279914355683,0.6864829792650062
-0.37898003930988206,0.6590139467918488,0.00010423905259519806
-1.3885406291387532,-0.36739944926404916,0.3905682600542848
-0.7313467956138229,1.0096651374653105,0.0040459710998933945
0.9658614046020109,-0.4232517893861618,0.194159871053666
0.10934271236510454,0.07916789441838522,0.002341546832210488
0.4595599376398265,0.5844314765960744,0.02227721692674245
0.8037304908073186,-1.965641336307844,0.8886703985012072
1.0682870768388502,-2.147737302770367,1.2189504614367255
0.10270235495842815,-1.3591541222993644,0.2531860859914558
-0.6868229813591566,0.9791709367768034,0.0004646292177953315
-1.4074669187288065,1.4114694475781588,0.1149931891530303
0.6147934760047841,-0.2705133546932323,0.07757375205445491
0.23076049614796235,-0.913753847300099,0.08694360183482713
-1.1496059167713881,0.13520340254607982,0.2640716014953044
0.7899106983079471,-0.7980777181757176,0.1756235902798711
0.6152578810110804,-1.844848443256834,0.7035963063596927
-0.19380474750367738,0.8814727115498586,-0.06097785721982129
1.0294599792228056,-0.04292912008117156,0.21196548121196643
0.23396653493514286,-1.0163282047638191,0.11592694773100937
-2.7353636647066355,0.31754716713178127,1.493240850567543
0.7023053973122091,0.6605088493215912,0.06983042650857979
1.6669459378811842,0.415290286428776,0.5485794055960681
0.5723711786164247,1.3104896402149968,-0.15953952248225806
0.7486532590065906,1.0302584126066772,0.0027413748280688405
-0.3970266712473756,-0.3368197253418745,0.03534717203761795
0.2330992803331548,1.1028938783137643,-0.12328618894847639
1.3283260814598432,1.229685263505248,0.16694614864048965
0.7911969697602103,1.2915185022543871,-0.09022934560265394
-0.4124245183350173,0.7380287254326151,-0.00618062425827285
-0.15607356087800692,0.17661303553581584,0.004320896998458713
-1.0719833141534831,0.9071531027058957,0.15517758954982414
1.3864634698911968,-0.003896544570819273,0.3844561965846944
0.2706577415804281,0.017224337561161627,0.014650611607618538
0.8377041606311382,-0.8005772768977738,0.1916605693110222
-0.8985645886299557,1.2244584547452981,-0.022099209369011746
1.164633312801671,0.4697508874506578,0.2609083505976241
0.618049726867527,1.785428506655289,-0.49275376344440186
-0.57882403319566,2.0270424617410745,-0.7658842562515165
-1.048733270141922,-0.6356947603118729,0.24565721728488119
-0.049333871000514645,1.4985555818867125,-0.3360391901612553
-0.1916782993248037,0.17469760168763987,0.0068149500728210775
-1.5771737282364997,0.8784983376047755,0.4296964650368194
1.1584416161279172,-1.3845493874047927,0.5338123295506159
0.25401570658809575,0.29298495444017614,0.010389807612672022
1.0373156266987846,-0.8507594136804985,0.27678199189857283
0.22440546211249437,0.8260105544575672,-0.0462865956583471
0.10542794633966869,0.807759402085232,-0.05048129154151434
0.3938006606807911,0.10054422503172072,0.030914150493884896
0.773351112674508,-0.08064326891052037,0.11966683372898362
0.6869416370773281,0.47942138397417033,0.08335850829847637
-0.039416036322407526,-0.1388156179216594,0.000578219367070854
-1.3601134312028895,0.2561572911953109,0.36830089317650566
0.554605302368915,0.5281789914431186,0.046782638022617
-0.20859679420234764,0.2921853233936833,0.0062080722769101235
0.5646392221036488,0.46420188509226906,0.053760710637435746
0.6372400650916605,0.048109621359043286,0.08120384496814713
-1.5312220719924752,-0.6171429394699444,0.49243304647874614
1.3951700193627932,-0.8200666568001763,0.4444501236885263
-1.0621725797942532,-0.676113676993295,0.2565492823714838
2.019080844281279,1.152464136759993,0.6622702485633363
-1.1584580418815502,1.3638210155375774,0.014733239414599197
0.10936593821632783,0.7269380132837403,-0.03602204891645844
-1.0401223978027523,-0.5515897586475251,0.23315310849110912
1.5928192232442586,-1.9183844769412508,1.2134182792154171
0.03839214922651561,1.366599009807983,-0.25493026302209143
0.02125838141687665,-1.9854751860632225,0.7827868827335799
0.5269848399693509,-0.4525256809407858,0.06480940221347427
-0.09880732140849863,0.7826331865353627,-0.04598485615850616
-0.6368487495788198,-2.0938403759056277,0.9990899627314158
-1.6873846616754729,-0.3859540471344589,0.575202591098105
0.5251072610338491,0.10067838188403418,0.0550454781351634
1.0782639044621751,0.6167267171359506,0.20907329514539327
0.10780199152953283,-0.5405375742702889,0.01811772770399428
0.1474450434501725,-1.2252977722976834,0.18830865662212373
-2.0969211723961676,-0.11920564165794008,0.8795850716866879
1.5517814002240506,0.4695354506373331,0.4712535580838907
-1.07047376520449,-1.6317948023934032,0.6636896753434316
-2.096021566425682,0.867516657587149,0.8133732658932048
-0.9633071330008816,0.9433588909182757,0.10164016633811593
0.6972587490397734,1.3185895996887174,-0.13202639038092256
0.057523719650489136,-1.6828352101979251,0.4772296784844336
0.7716876225145185,-1.254431582150198,0.3164975347796089
-2.7252773786426414,-0.6653886947678933,1.5148869179184363
-0.8383675099406155,1.9194787913607505,-0.5666405250579811
1.4411974512995303,0.4580091914594313,0.40580224910365553
0.24800312285439838,0.36622199186120713,0.007389393634498389
-1.3107707454301594,1.1765054533940018,0.18077621269383728
-1.2075888025892374,-1.2299403580036379,0.47771377482746646
0.2760722991968389,-1.0303239021962187,0.12461900365015799
-0.16063028469662483,-0.30888158862192444,0.008107390060911
0.36759081096194945,0.3128297647927692,0.023963171771906815
-0.7473157650430006,1.3418724135003242,-0.12992427120924022
-2.235832187274503,0.4635051546089132,0.9898313069264738
-0.5640622635583796,-0.7967967447666598,0.1142206817450906
0.6693252963550393,-0.4271089516537593,0.09739067980271135
1.2995002489720808,-1.0033071211252096,0.4387356004853189
-0.8400103241840136,-1.0842813094409058,0.26859873138799284
-1.5848294199779143,-0.438904708493236,0.5107918017789754
-0.31352183260819905,-0.5410640797011629,0.03549885714416942
-0.20675157407067205,-1.1420225726455409,0.15749360318021408
0.5303776865900166,-0.3314922794197961,0.05990277165036451
0.9416878910252545,0.17427874558313725,0.17682587857227697
0.6263698111878602,-1.0396448837542436,0.19083903929515678
1.1299915058379595,-1.142502571037801,0.4045084065154667
-0.2099220888877942,-0.09373099903367475,0.008895804051489788
-0.46288796084719724,1.80840042311172,-0.5485503239230596
-0.43598925601394733,-0.3174847067737353,0.041217462235858995
2.5511638287941416,-0.9643727641944712,1.3913754733424055
1.3199917022696475,0.8758738917282926,0.2812825087712916
-1.2713929311043264,1.1017977918682047,0.18953433144484697
0.901563080185979,1.1931865307588854,-0.0073100645572526934
0.08447114313827296,-0.38920350214520827,0.007322704782806071
-0.7101342011370072,0.17298938753416168,0.10034044030520102
-0.44361406191036745,-0.5939276893781938,0.06030949237949537
-0.3280988126696561,-1.7434640224761528,0.5514847363801202
-0.7505533775533133,-0.621876463134342,0.13671592382789804
1.3866478507605031,0.31173843435648735,0.38152895175554224
0.07528098708621614,0.9357846531574939,-0.0808125538653596
-0.5981445283613903,-0.5485872014384868,0.08806499295024507
0.930795250493215,0.2676364728160539,0.1713588988408655
-0.3232463787831577,0.7498004761625547,-0.021256195029548265
0.9894586893095666,-0.6215171495009303,0.21981388572382227
-1.0207235292493095,2.6753741371816036,-1.7065576508164886
-0.608083813945391,0.9850070952143162,-0.021616042744694516
-0.4779762986276326,-2.1614412508615293,1.0554805047434186
0.8607339505158562,0.9507236101306279,0.06223902000405787
-0.9065631930574003,0.6054414240128853,0.1421783450591782
-0.6662957812064839,-0.038773666690719535,0.08879584283301646
-0.4699933605578099,0.3761054884677948,0.038858538877062684
-0.8691016417306083,-1.475085394744539,0.4720279595409825
-0.2689872988504782,-1.847313530386699,0.644879004275297
-0.15085219426948693,0.22601019314457502,0.0033968031086235714
-0.730957007468869,-0.4534095804192962,0.11618083473497551
0.8617643729894219,-0.11321479297183731,0.14867268098320957
0.3698082019320749,-1.0915000980459888,0.1573899373735311
-0.5505151317132887,-0.04997163715350044,0.06062586078898952
0.11193511752771962,0.25523372624732876,0.0008431930121034761
0.9001486580983548,1.072106471241647,0.03882428637522688
0.9004532470365877,-0.611594719776056,0.18503979438690915
1.4007754575005553,0.7287276513812772,0.3537357325140794
-0.5658258202127522,0.018694858451876073,0.06403111838282284
-1.4335322499924599,-0.18575771411133538,0.41164391659108224
2.402332412087377,0.09332065371174733,1.1541589330609836
0.7849564271181066,1.163778479168582,-0.034388551733347136
-1.3354671600575097,0.01433391564603596,0.35669421261215234
-0.27042989605392875,0.6685643522747207,-0.015256909566952394
-1.0813484051768745,0.7777478968895393,0.18681754283708454
1.396157976995628,-1.3839401618418927,0.6549161460246582
-1.0795476808667204,-1.3825653711394934,0.4973602131681026
1.1374947751562599,-0.6419105768602645,0.28522874594192227
0.05172455338160636,-1.039117742324679,0.11273545369946907
-0.7766621604617565,-0.5907869709339392,0.14126101534221028
-0.35534660479401114,0.3057159545124758,0.022396951968406086
-1.836965537552058,0.7369025137157033,0.6348728052879029
-1.6639949655700679,-0.38735909895033593,0.5595880589316785
1.6572756886384685,1.8448885191780726,-0.07861623269686446
0.054313387778469786,1.443976100495772,-0.30048869971404735
-0.5999354853009515,-0.789929870442704,0.12127528811321332
-1.3618876187982065,-0.596754079093503,0.39219891084982067
-1.3386700824662365,0.2659566354742113,0.35652632867809386
0.5882619421365113,0.5318199942381875,0.054168824327675606
-0.9856690071976253,0.7196792595730157,0.1570337376836196
1.6608357543877221,-0.6759718103332018,0.5825627937713287
-1.2467865399467366,-1.4091187651366686,0.590692168751676
0.07834301851170511,0.6812256281319453,-0.030386000050188704
-0.35882392908055083,-0.17002058992905592,0.026242400952467826
-1.2339061059644767,0.8568591914276401,0.2415935962845756
0.00037479741117623906,0.1648748258096804,-0.00044816282057915687
-1.7463314212492762,1.7365214354940768,0.08628548493259591
-0.03326406632293125,0.3288739584580498,-0.003335737987364439
0.02261892130197916,-0.7061590953852888,0.035315699741756405
1.2847406957521017,0.07883671883649697,0.33006273224421717
-0.8521827242708387,0.4943384946865382,0.1331629022579017
-0.3871839931479978,-0.09753293471213446,0.03007506880491884
0.014477071105784872,0.051942491481700645,2.79029168966711e-05
-0.34673313211784174,-2.211909222244955,1.1062307401084732
1.0960613399578993,0.5796381179085583,0.22079539054866387
0.21218018987385406,0.43658068433843467,0.0006827411393863277
-1.8820303846268163,-0.20210371195524995,0.7092331847424345
-1.014557646901869,1.5002894408791374,-0.13182996651764123
0.0153986781043104,0.38868902308531283,-0.005824857123873459
-0.34910363224897545,0.055877495124593106,0.024357222610531144
0.17380049304316858,0.7059640764095196,-0.029142887913691084
-0.5471535418413613,0.60006977248564,0.03826786336515023
-1.3210736368298186,-0.6885477083622411,0.38169101625867863
-0.032337931190678446,0.1035206610612384,9.821016004714653e-05
0.3720990909942539,-1.0120843344449186,0.1313608328478309
-0.3850417025376348,-0.8285852878582338,0.08653824204833588
-0.8556453770444971,1.05209094293198,0.029970344769263788
-0.4888664489559958,0.9288526175255294,-0.03234027483507413
1.3598017100113415,1.7392543553703017,-0.1563132979689742
0.22303686106522758,-0.9550604987666591,0.09706402974370562
0.23232876826646323,0.17928651835157128,0.010219038901757956
-0.14859928560405913,0.4956784848044374,-0.007762330077320348
-0.9606738897909023,0.2727158556599425,0.18255056929310404
0.7082385377948954,1.3880079177434739,-0.16708851810688907
-0.38935648834121245,2.0368381732071916,-0.8147053425770939
-1.0511131112912226,0.16094001299107666,0.22055089274885722
0.4177593311337944,2.018341293922772,-0.7873074398018571
0.11188944784288143,-0.4293815884944087,0.010420295731681689
1.2521913892050336,-0.010703248463383786,0.3135967776557553
-1.6463186288353984,-0.2864651024344864,0.5444238027560533
-1.549286150393905,-0.5938777562637224,0.5010030366259478
1.4818361207256228,2.2360197256800722,-0.6787939548447045
-0.3725125091132814,0.8280815743668212,-0.02903002078803793
-0.1189117838515709,0.7979188907946954,-0.047973463107223197
0.2496772786913489,0.8268196575889801,-0.04405618524807391
-0.853152629654198,0.23416362142904582,0.14428990184085352
0.41179252996366644,-2.2019689191711516,1.101576047530751
-0.5902346548176899,-0.13555988396900648,0.06992450092824011
0.9772953706769276,-1.3892733084657978,0.4591621562665702
0.1880787220178942,0.21593328296690653,0.006067885071740033
-1.5188156058841267,0.08462522600639226,0.46129956518171206
-0.02626751485386196,-0.6485403356064687,0.02741589916536809
1.9885588382329544,-1.2009178076939702,0.9640700468775348
1.49336518775351,0.19806373484997797,0.44525092775918124
0.03702778765082538,0.3711427672070143,-0.00483816714353978
0.12942542343205296,-1.194214743290447,0.1736629866950681
0.612448681288831,0.5796408124954499,0.05554370420135347
-0.5835585802185277,0.6964444279502833,0.03432814205618209
0.9291001452420672,0.5859670843112593,0.15252580112205566
-0.8536856498947494,-0.6474503872987799,0.172896440302343
0.9642995044906788,0.5600133353128842,0.16841185225608182
-1.2866091941220985,-0.11871107557734975,0.331239935120007
-0.37414118140159164,-0.643785804455541,0.05467868160609908
-0.34775369602105644,2.6161025903591395,-1.7662721930233343
1.077925598343598,0.47252818097373833,0.22183397371424987
-1.0333513501093785,-1.2215005382639454,0.3958186473291753
-1.1946490381429022,-0.19911807270331958,0.28622672833874163
0.5134751221888121,-0.3619875475474009,0.0574746434924433
0.19617703484021418,0.17325296362700998,0.007177039492491195
-1.171644587482547,1.0574930012006587,0.15629166996270344
2.0989257258259393,-1.0024037843474667,0.9818207106537358
-0.7864460478622433,-2.1318731376549374,1.0926108913887984
-0.7310530268899114,1.2477173434466897,-0.08735675187162517
1.1307327116758303,-1.3976623345213868,0.5287390396374252
-1.521283152451001,0.9492001925485181,0.37733935159269455
-0.45667230804518244,-0.6728339625447602,0.07216948569910311
-0.726277984208019,1.1654442336999167,-0.05280171693630603
1.5605296306216045,-0.9339319330501356,0.5685107837241314
-0.8777708122880924,1.0860136200608046,0.02600909508697158
-0.23537656769815593,2.736977484914261,-2.03920193069827
0.897124201704288,0.5783639602490102,0.14161981049335215
1.5202690911561902,0.7432242243412132,0.4211892351501995
-0.676277675641535,-2.5177218518405247,1.687434875719326
0.5069631006722418,0.9761030409462716,-0.04159854991998282
0.1690343178981436,0.9211021583253737,-0.07243447532222665
-0.8638052943265293,1.4979708378620866,-0.18690025029463467
-0.730978134757733,-1.8109932925096681,0.7008166802141526
0.23848620603101156,0.17370947493842256,0.010850966070963532
0.8381066658149925,0.03707595474451494,0.14047946009801004
-1.0128992968999315,0.6399792563164248,0.17898114603329607
0.5435781982270818,1.2674467269396792,-0.14450987839867696
-0.6243675049418863,-0.38404108350427885,0.08363108424268112
-0.9420842009831673,-1.8636317575727221,0.8247668215201527
-0.2039511990205453,-0.6395948647965196,0.034483866809760635
-0.9022043724461714,-0.8004518956326645,0.2140813589132168
2.8223629055807957,0.2875131315280738,1.5907697813364614
-0.6388590723007778,-1.5260135414912543,0.4369936006598565
0.40576255634170466,-0.14918021575296392,0.03326064706910975
2.271842453071351,1.926618282299058,0.317120276809601
-0.9083913246231636,0.3429986237603049,0.16099964760389743
-1.5422737600564416,0.8739436297949925,0.40897182491259415
-2.1235075835111386,-1.2155324801438623,1.081454150459618
0.6291591614237717,-1.4644372326104922,0.39322800412349124
1.257368506753167,-0.1466638503650604,0.31651059047705005
0.339992174180779,-0.7857443566400366,0.07163033607596211
0.3429018581612048,-0.431073872359631,0.03152675345274727
-0.40570012250287985,-1.147862039116747,0.18415935787457885
-0.6312441177191374,-0.5108929215624667,0.09302872395997941
-1.8739832209703138,0.2520456755102675,0.700761451364643
0.4537852104548976,2.9205506827434604,-2.449933464622633
1.3160556099034388,1.7729236383070133,-0.21087520757094158
-0.5738416546614514,0.5377019713290565,0.050312626175031676
-0.10060850432550132,1.643000786780432,-0.4414956936338773
-0.7275886889595836,1.0092271176908003,0.003083304283477084
-1.2465652755454246,-1.5474667416485646,0.6813496337466503
-0.8894193357768585,0.024879222898734368,0.15821181100722898
0.42418027362084876,0.28105286714319305,0.03376572423743575
1.8637875634780317,-1.7187338892387294,1.2024627446960836
-0.0696325445055958,-0.17832235049465445,0.0015367830089216155
1.7151917011983162,1.019430887017712,0.48243324682416605
-0.42111914989685517,0.8700777956802276,-0.030399698962802167
-0.8066083166769805,-2.0932226338681197,1.0472858463795118
-0.3187030233169788,0.29345055088550404,0.017787326058882422
0.7050785899364077,0.2742091744291625,0.09736536640602023
0.6479498511320011,-0.7447616587453185,0.1252774915048434
1.6844390080292269,-1.2381668088253572,0.757284989452434
1.081514695739118,0.3064279318755036,0.23105750805243214
0.043801806662519205,0.055991271005139676,0.0003661662643384916
1.5118176221166093,-1.3881589199184552,0.7246146720898863
0.08198506676997776,-1.5189112667373181,0.351771027821667
0.04992469414641249,-0.5211517129257601,0.01465292904748383
-0.09484468978250482,-1.0531452583035206,0.11860501651605694
0.36510227376559723,1.1880237534851132,-0.14101779064093853
0.7438628565085593,0.39217647158408714,0.10463462219689092
-0.33113016170224346,-0.1052001066487396,0.0220458624126769
0.7411173289830688,1.0133003399382274,0.005807572087849738
0.07924911167275223,1.6791396458889003,-0.4721790096286164
-0.943333858821571,0.7254272355047325,0.13980053193307485
-0.9785230588325098,-0.23331444183735212,0.19277153716763717
-0.7957780077903935,-1.4391827228654217,0.42474280427300887
0.7643452022859155,1.1833363706937956,-0.04885609533332022
-0.6366000898250688,1.1195615789176256,-0.05927594308037999
-1.226006482798937,-0.861230130911195,0.3644973112170173
-0.5728178301135515,0.8397459854407487,0.006407406842844923
0.6295601346352552,0.3252108890743617,0.07582969323967573
0.3875859961643791,-1.0408598370019762,0.1428102115262545
0.8797255882896309,-0.37453463954184946,0.16003725159694138
0.18929950354615216,-0.7989930902877758,0.05817377696985007
0.1362551089301969,0.6574463134351013,-0.02470408285282781
1.050488853128175,-1.01684392651356,0.32584413731377515
-0.18542737954686173,0.40246278802895874,0.0003577194589871437
0.6114084563321858,1.166966206130693,-0.08415457955525503
0.7057954163294542,-0.15758904555736647,0.10002079542046186
-0.45925184311002903,-1.2912825450448007,0.2574922728384097
0.908218377917172,-0.5144428427303191,0.17858692822949143
-0.0329495305941355,-1.0916560691648558,0.13031120431867282
-0.4343398283902671,-0.012887026018848603,0.03773043132706847
-0.25711478914275687,-0.6619334760077895,0.04222461051591543
0.7483015740863744,0.12210835062477664,0.1118089801190134
-0.37547633628937666,0.828980158291491,-0.02877169236457292
1.3797154013689032,-0.2685126513957593,0.3826588683005794
-3.1700900643961143,0.7208435947421297,1.9724380536454102
0.49446501957853706,-0.5312992736532798,0.0638965895372666
-1.2378410228926375,-0.14871008014737427,0.3067789472927393
0.8467193131404643,0.7865037698026117,0.09473452550326428
1.1380091437671915,-1.1219930308548236,0.40025711507228867
-0.7805521428254453,-1.1828774022640034,0.2873604113130287
-1.5358957326478853,-0.21302676646781601,0.472761864369343
0.2423255034744959,-0.9445223262870709,0.09600728473249975
0.2678152350869388,-0.6714227284165145,0.04461330600815449
-0.8855284229126892,-0.4024528158646433,0.1633505761511187
0.5178733446087581,-0.1054986423979586,0.053755979815675606
-1.528639013690963,-1.2621270677649379,0.6683998378628055
0.18871415860393304,-0.9016939815669925,0.08043501952325605
0.16975135352723417,0.7298855789075734,-0.03312030596212717
0.9334649506029239,-0.11763420489426997,0.17443414273334812
-0.5727723911955697,-0.6703041595782198,0.09573092219151373
1.0354476887156412,1.2133589445306565,0.03579483466684574
-0.3818033840712689,0.891666381971544,-0.04173885940627883
-0.5138230605292248,0.3613597189337649,0.048084161708546916
0.7401758946791616,0.8171485836986951,0.05500846090605292
-1.4804971952901484,-0.8546894775337064,0.5008089513764362
0.5206500989601518,0.02692323565797989,0.054213353550118616
-0.5762870868074292,0.8310684929663765,0.009021551443222676
0.6128855616273974,-0.5268978511633616,0.0897535513715605
1.624616616177918,-0.2308265789697262,0.5291056949200647
0.019949058250419437,0.3219412310351682,-0.0032572041281953234
1.0537501939469496,-0.18694299026283212,0.22273121665890971
0.635165537484433,0.18251488177991176,0.08007906423006743
0.5181196982406939,1.5477472438484818,-0.31707658035281355
-0.8272382464462446,0.9665879772724326,0.046557051111608225
0.375595403828102,-0.036327735345109184,0.028219175662414338
0.2898854986012855,-1.0312125202770073,0.12646578376016712
0.28663263426575725,-0.7571864970987355,0.05984353219745733
-0.5742355783014818,0.7051422652186604,0.030887820285436587
1.6054584637634726,-0.8091451139736587,0.5684753860866302
-0.46596459096296783,2.2306082397162434,-1.0664397621019817
-1.9483464442574536,0.47288239818335587,0.7486362829888425
0.8399132743372443,0.9003014077883607,0.06811759505767558
1.3574496323413499,-1.03875074032501,0.4806154278171442
0.5803508356774241,-0.47264166270132657,0.07791976727680461
-0.48325259193896336,-1.2894052916587313,0.26107875413029047
0.27756763343523827,0.8284136244723881,-0.04144271177455678
-1.1782767887833239,-0.8356366358636008,0.33601879078386954
0.08466398808829544,0.43087671591771304,-0.00656583247691287
-0.13119327388727156,0.21134108797716405,0.002498378880948665
-0.1994518366985864,-0.9772144928898617,0.10127512572328506
1.332565798202078,0.2189636888721859,0.3540964977763681
-0.15560579738753372,0.18974441209255358,0.0041594971312941455
1.8872679139563318,-0.1881739125882103,0.7130223487461493
-1.7331494770779738,0.9835931748864505,0.5056031559854377
-0.3321025541575161,-0.6722483567064412,0.05243852470649796
2.686975754846579,0.15700373959667385,1.4435807244728143
1.12549977114547,1.3079217894438493,0.029609075656962303
-0.16577121508579606,-0.7787583299856721,0.05272495011595067
-1.3353575781884648,-0.00763750061605305,0.3566360168756947
-1.7507486625280764,1.769107234716027,0.0593395360245218
0.08449324156874642,0.014762768733766063,0.0014274998353504531
-0.9124091085808942,-0.05412877316012968,0.16651393560388736
0.8441407096549763,-0.2592188413631905,0.14425651319082758
-0.8123686719288252,0.9114132188597991,0.05627984035049448
-1.5086316531865513,-1.6362323747308054,0.8932552501140087
-0.8113932936762493,-0.5246382327598458,0.14611223488405048
0.6170854830969198,-0.7168645383160254,0.11299819212810394
-0.7642854387996095,2.3394842852169377,-1.1636169859393606
-2.1304049015554187,-0.25253756948975914,0.909335572920629
-1.2190450424735677,-0.8994940668967627,0.3699912904702819
-1.472421820175074,-0.81611214752441,0.4879614582151468
0.7225226651944134,-1.1655571228042096,0.26275146364044677
0.40393948037027366,0.47455653279580795,0.021946222430965993
1.4415664746761163,0.4392093151761507,0.4071502206819378
0.11955738405676315,-0.48279213094533435,0.014112110507495822
-0.15909251687992934,0.36455803955746746,0.00021701595952872306
-0.9299012993542387,1.2653318651478667,-0.029644536663421928
-1.0627927916172974,0.9425960600182762,0.14215723769668276
-0.23455009264269255,-0.22589372177313738,0.01215543907740969
-1.555473078770704,-0.6820061595710257,0.5156216160531394
-0.8568597353158708,0.9758717236296401,0.053906956680886076
0.8747443843743268,0.35395115579676706,0.14860119723358003
-0.9719323884690605,0.21911440992205905,0.1878785206266145
0.36612722932764835,0.14772425052209925,0.02648745904201681
0.7182951958438283,-0.9069655962366175,0.17779537163006054
-0.37718098834109076,-0.29320816508977543,0.03097384033247682
-1.6816754636336624,-0.4945980943421649,0.5777056913977949
-1.1156334847569485,-0.6732303315445626,0.2794410440255767
0.017130991247642145,-0.20492378247865262,0.000919246117040995
-0.26543477011994493,1.7932657708867143,-0.5625876642390835
-0.20883292140400084,0.6326060124241392,-0.016594045412580395
1.1291679819030656,-0.7309213711525883,0.2940532518699215
-0.37746000178991906,-2.6168522995229586,1.8204936726274996
-0.7290278134404091,0.753644514391384,0.06349080535041539
1.0772323560293768,1.7026913780253337,-0.2615512111151421
-0.6436734259173366,-1.0325471557620167,0.1929484855561696
-0.18761402895531012,-0.5513743087216887,0.023802335187767403
0.9096649616327845,0.3346872219501372,0.16174905161060285
-1.4813679558908919,-0.7409849498618348,0.47957462717494986
-0.518110511956083,1.0027666390871282,-0.04714458961147737
-0.7390503208378161,-1.6337841888483395,0.5453370466921148
-0.1484258909685087,-0.3237293134990802,0.007798753866098476
1.5443479671385012,1.9827846335188815,-0.3025167425977163
1.2042074846058397,-1.2764700410118472,0.4980080682301594
-2.128022951376076,-0.6526577591168599,0.9334970865803753
-0.8607744535363148,0.17839753959429258,0.14761876963329923
0.578159963216381,0.7634784986565929,0.022350671367829894
0.04562471094986354,-1.4072731177397997,0.27911517181586387
-1.374874837282342,-0.42159701858908355,0.3855497996284933
0.3640597719467735,-1.213495483443548,0.20520376425465506
1.841077768553408,-0.44081099127473444,0.6864790592161993
-0.8383806896077364,1.3445314450342412,-0.10248322664011039
-1.0060057737935095,1.7273931042640882,-0.31302504844769075
0.9958899844795086,1.2524706012034543,0.001886487463812092
-0.9260416925448463,0.08979111490598411,0.17143824967986407
0.9232930822325012,0.7126241712276452,0.13430460114134865
0.1739731860551315,0.42703347939289493,-0.001733945829620629
-0.9578564408310783,-0.0707670375694139,0.18353323219395096
-0.26477849235486334,0.47148933624097644,0.003540218604436509
-0.8971748212193486,-0.2930867260619452,0.16350214193089876
-0.7565264336430992,-0.315088451621064,0.1175946701831872
-0.10177558563627788,0.1257913002819294,0.001872608715847063
0.39550717473739033,-2.0613740950905513,0.9072172851599402
-0.7818190037797319,-0.5290148613958582,0.137053027517641
0.7332399781667892,-0.9173579586557372,0.18472803071958588
-0.8588293282929373,1.6211381824256603,-0.278531980500786
0.14355248660832318,-1.5075724217099442,0.34675869506470325
-0.6937542961590393,-0.35065451964146027,0.10057060329426372
2.2169116528246944,-0.8917851368454598,1.053861408775962
1.3811527523429328,-2.028262393044286,1.21591297192538
-1.8727199943223218,0.4914757194288409,0.6895445189061542
0.5311286940074373,-0.5039626005305016,0.06921909451199725
0.26440534982486547,-0.49256359553491674,0.02593256136162639
-0.5582957543262075,0.25857285304688127,0.06061001382423977
-0.8758985818230923,-1.5661250084646763,0.5375705916472753
0.6198576789482669,0.8639496657053086,0.012358725678440402
-0.5252676474309024,-0.3069233378889607,0.0580724975305619
0.3551581257924163,-0.6965043531984205,0.05901616061670018
0.24711490969563382,0.45268703499388546,0.0029364416816133627
2.7021411154220893,1.8262251070273345,0.8512493254833996
1.8625786905443453,0.35552854677161844,0.6893459753951241
1.1427407788601416,-1.063162416435911,0.3813420683080006
-0.6457319568861979,-0.9735751367541011,0.1756741298964115
-1.62386266773516,1.1229631281333896,0.38577515562884795
-0.8566356982370503,0.311928650742064,0.14372989424901036
0.19287049446509832,-1.2360404431790124,0.19628156719838957
0.8504103714379945,2.1128018762326763,-0.7985007815555016
-0.4831520175909265,-0.2082419484924945,0.047590209572564886
0.007640955643532289,-1.0834871988338715,0.1272070617172542
-0.6277417211857623,0.29172627493052256,0.07632922001033453
2.6694365548538896,-0.6942437500572123,1.4586390744902693
1.5779588578875314,-0.2790863512488472,0.5001646124615896
0.931219139452325,-0.4190709680895339,0.18079356143821576
1.5916458480011255,-1.7210197194534138,1.0164176591582976
-0.7437065730550447,0.0101746165567207,0.11061978803055376
-0.8060079504184525,-0.28221989445457707,0.13217759018530806
-2.1265589023980227,-0.9213680359131435,0.9826672415488968
-0.29269307724450216,-1.2490045855074225,0.21198011842009942
-0.3730631980169032,1.5830367922362725,-0.36887465857799057
-0.2582791174037149,0.07296823767449223,0.01330276955370767
-0.8872622698035986,0.13919511400098294,0.15717717265588302
0.02745752957957848,-1.8598815873217516,0.643513492859488
0.5162030816970248,0.6220649435693781,0.029221401035288364
-0.7303468420822226,-0.14844888362421396,0.10700843980745624
-1.2642281613939172,0.17287147705898057,0.31913795022414
-0.11800056921918455,-0.20684810180772537,0.0036698499940046813
-0.49174611828925496,0.9554810498100266,-0.038867223675174284
-1.2149683277029355,0.011578199427061894,0.2952294522530462
0.32646529065133884,-1.7295487581043425,0.5386825663083604
1.2860635759061725,-0.16130801245697637,0.3312116321370075
0.8814207565010865,1.7708524373404795,-0.399944356197791
-0.532506001433591,-0.5336659915599453,0.0719113032277868
1.7396416580225713,-0.8787810723461145,0.6731350304589883
-0.297654267840585,0.9470658605545823,-0.0672259202010297
-1.1401343899118936,-0.23886088109135745,0.26134409471601666
1.8084011434459197,-0.4000109539669473,0.6604634649281144
-0.1547897886371863,-0.15485191304453166,0.005163296915945879
1.2697529409993937,0.6285972994441799,0.297616454195982
-0.7258683559230082,-0.8608896322908044,0.16918016990213558
0.6493023291817618,0.7376405655943825,0.044182676275189216
-0.23990157901059966,-0.23183618474048406,0.01275662703190431
-0.5463715124558529,0.30328842070696715,0.05691460177560097
0.950890794646846,0.4227377799435098,0.17328403087680885
0.9934697906141234,0.46658612948244377,0.18723874286429257
-1.8633017696150356,0.31180232732547997,0.6913473331481537
1.155381643962462,0.19136545649970754,0.2662805542177302
-1.8368246525912257,0.17768160585478818,0.6742240066632162
1.3952165013909086,0.556254416181011,0.3721142499923282
-1.3884264509816042,1.1413478295577713,0.23686508863181335
-1.1889267893840647,0.19511316470298382,0.2819666029273602
0.36523399592769806,-0.6507257605344039,0.05423376725425521
-0.045898237643236015,2.5457430028263186,-1.6494256887542258
0.9269394103240429,-1.6476487427743296,0.619138180006657
-1.8931476389684414,-0.733806272139697,0.7563149836357107
0.8420174267990906,0.22263322460104115,0.1406951755240823
1.7034297344950269,0.01798743346692463,0.580333990092974
-0.12350838884502438,0.31343758545100986,-2.844420814360725e-05
-1.1955526875234261,0.08657498359610456,0.28580435580664676
2.024086417829516,-0.4639574922259285,0.8293721544937808
-0.21887212687193552,-0.10930105971950124,0.00971158051800428
0.19522485573326648,-0.6130989914203225,0.03066834973351041
-0.03401832274079863,1.7920427292849792,-0.575268225029514
1.814687967988356,-1.3241290075375771,0.8907803573782918
0.1381303543552121,0.40431804591087106,-0.002793512758542476
-1.0220137390096289,-0.11106934772262013,0.2090394361350521
0.9761845004960413,0.7930679086957421,0.14070669770998975
-1.0083916235646526,0.22104646765948818,0.20229066619381622
0.8295263177777825,-0.5421989529540352,0.15356233117873597
-1.5804871379581402,0.6906294364424083,0.4666470342068372
0.21974672571454318,0.6146208177901372,-0.013560114471950869
-0.6852464858419945,-0.2609227699874924,0.09568892954302828
-0.34747794390724,0.001661211099179149,0.02414818384196909
0.013755926874610882,-1.1513856080309868,0.15267574772597153
0.7591427244450395,-1.8439031664938073,0.7421827188655485
0.06694213774693261,0.9287130541238594,-0.07920598806722713
-0.5789373900234199,-0.5430572601985806,0.08304906648123724
-0.16527317422488494,-1.3976699708468676,0.27849526621170967
-0.5070146915332318,-1.1116118228178322,0.18877252309795123
0.3574670162983587,-0.9350841416485679,0.10731864065401425
-0.8935952578853757,-0.46984212975161205,0.1700743384354373
-1.1068582017889166,0.7727216444964855,0.19888790375330717
0.19157743349032447,0.5514714450254152,-0.009431008599924847
1.2519036779344923,-0.7185896046742841,0.3505584484740031
1.0356382239587805,0.3699271039663121,0.2094469994352064
-0.16753716820573317,-0.5450873348661786,0.021809386484810286
0.11239578197909807,1.3122440941796782,-0.22343984490706584
0.07950681486908234,0.5112733010587447,-0.012100437224152969
1.4547376176489204,-0.7689467428645108,0.46871852053702584
-0.6379805639222792,-0.2768709497028067,0.08352626410217263
-1.1814341755708337,-0.0909324411105064,0.2792325316293699
-0.6451545149914638,0.6857343798431341,0.050999469459623234
-0.11338058860501726,1.1568756353103782,-0.1522607188935529
0.3353663665325908,0.1732891242002444,0.021973747959914317
-0.9135076185958293,0.5214275068143563,0.1527223163098402
-0.6076143299165102,1.082460939863559,-0.05299526100038306
1.1241532712566933,-0.051022320947109255,0.25275739798008395
-0.05790356493417438,0.2352295758562805,-0.0006310301484993803
0.6275753238201879,-1.4053641118658375,0.35633635557761356
0.8132833045104289,-1.1745139737475172,0.2943081614372345
0.4965280268848458,0.5634699859028858,0.03141793298978284
0.1644095434127757,1.1816243452236208,-0.15957655635043602
1.5538232079328078,1.2965253474479197,0.2649302567890067
-0.8301695898273722,-0.16677959385187804,0.13830021423544067
-0.5024761863183488,0.14150216628278076,0.050213135713550565
-0.4652649208636283,-0.2753501006249356,0.045381929841529015
-0.029606427796502386,-1.8236947656870055,0.6067111293219392
-0.7969125875025286,-0.06925852846485622,0.12704715596545454
1.860966551302791,1.9657110429816902,-0.06691535864414211
-0.857901031439266,0.5220871480137045,0.13296804602769327
0.6194420854374317,-0.45458853868092347,0.08613580521088124
0.46832924544250304,0.7179230523248307,0.006863732464011119
0.49775770012539683,-1.241014851522529,0.240683459553243
-0.34347084912914827,-0.21978348265482897,0.024656104101496927
1.937546510067573,-0.7560334094890108,0.7940311460058763
-1.3364867036178079,-0.902054895938479,0.43063982247146493
1.1076507493010304,0.06523789786445115,0.24535027134492707
-0.0547458145072668,-0.23789470644212826,0.0019457595582012105
0.3822905065229421,-0.23314064451491462,0.030496431993496283
0.9452777653050262,-0.4309974278402869,0.18671616647478015
-1.594304226202795,1.7725636085133143,-0.048575057059668025
0.560997445263358,0.1573984061393959,0.06255368384213711
0.17229601543048087,0.7722361275126622,-0.04011501279366085
0.8928576557088371,-0.18361319064992207,0.16005798857968706
0.2981256588315944,-0.9085371709539446,0.092770054942004
0.5743790926962091,0.45878485880270525,0.056325602001530375
0.5112454187834286,-0.15196457529636573,0.05262531096692225
1.3569726215404647,0.39247739568594564,0.3622292759501736
0.12169415488261595,0.22317255192066776,0.0018503605237745388
0.5134911786689438,-0.6901285126005822,0.08560389698782375
-0.4742569299359937,0.9062882463258662,-0.029454817955033408
-0.5733089809161009,-1.750483303964492,0.6021182956794069
0.7340178669602777,0.17177046880520325,0.10724963542132876
0.4636417888086294,-0.8711004921161029,0.10909324663665161
-0.7104285607685384,0.9922633391578356,0.003244835775980698
0.4936955643550297,1.1498933468913433,-0.10329812725058839
0.13875426011293193,0.23228209772560235,0.0025972715105504547
-2.4175290979269266,1.3838921430597655,0.9038522512017244
0.5912395626725774,-0.3774166736923968,0.07528889346173312
-0.048073001231333505,-0.8599027146386039,0.06404621945522483
0.14005973352850348,-2.535931452462649,1.6347677601151704
0.2790263970547117,-0.5658782243204474,0.0336915946976244
-1.3252675843481823,1.3593941747742389,0.10005724460244358
-0.3535859157250735,-2.0986557310743614,0.9493272703754255
-1.017225609891622,1.329031325888441,-0.027800439727933224
-1.458262804933464,-0.1853688463414872,0.4259430388359553
-0.9082347347795062,0.39428119407476064,0.15884866351067303
0.0989998528493556,0.16346837059630084,0.0015233754938095271
-0.32068616534060523,0.6769515674761254,-0.010454291039159336
0.48943566728986654,-0.6042335328129831,0.06996990971858794
0.5224692098164387,1.407393458065603,-0.2241755372696663
0.7975362296951759,0.6564073202984212,0.09893014790108536
-1.5306193848958918,1.3898860859738766,0.20006326285976428
0.06552288870566175,-1.1858795362463044,0.1676301074016615
-0.8670834300451524,0.46319421793413806,0.1404289547003516
1.2625482171304734,1.4679949111512205,0.002451366881838335
-0.23794534669926212,1.9274331649082819,-0.7047175543196383
-1.8729809137667757,0.20717792109706862,0.700722237278203
0.2826423326148774,-0.4459753053272898,0.02484751766913408
-1.5839504546762624,-0.40501885582192315,0.5084237489648841
-0.2386064539638987,-0.46643052640327554,0.021534150912461223
0.5821178261651778,1.1282012051545904,-0.07582949925840686
-1.1033977514399227,0.25765125166055164,0.241786923192311
-0.7567513898010734,2.6413221695080473,-1.7282057493396563
-1.2274415782527976,-0.7459051362211053,0.34282282325543256
0.03873489412650012,-0.8588626101915009,0.06365364796988812
-0.1524373320889121,1.9456741814159106,-0.7319163332458029
-0.10906738993428648,0.8491660552166849,-0.05885278064409797
-0.3415392891680797,2.2752456483138603,-1.1545063265428837
-0.7853170686250127,1.8455593673314474,-0.5052694361624923
-1.4892196503109127,0.14525178197996919,0.4432485800003504
0.30344605353697934,-1.1920709960653475,0.18781315480994923
0.012660411698275652,-0.5745051133860047,0.01899395037417913
-1.2500644746990741,-0.14445883774907892,0.3128337000234498
-0.4563099267858562,0.4786691296148025,0.030676284798311998
-0.3088528233464432,-0.14298980521859803,0.01937037146034703
0.5670593061912726,0.9339698338563908,-0.017158904622440393
0.06779442703470491,0.18068009920970343,0.00032938129473101185
0.6332486785217367,0.0972736626738674,0.08010873582089052
0.013163118232542462,-1.0476112740235557,0.11500887845031599
0.7872627263759413,-1.0823158626573794,0.250739825654525
-1.3940061981055187,-1.069125831068664,0.510854950500667
0.06874346499409517,-1.1564376387813975,0.15560109056364155
-0.4853643153582857,-0.4085752593810728,0.053936203441982154
2.0261936579359836,-2.064381350216376,1.7008634289059708
-1.0749019182840387,-1.369308867846411,0.48782916729116865
-0.5407376474758973,0.41986173540839694,0.051077955233251246
0.9591643653952344,-1.5004173467467083,0.5217810434103441
1.6431983823126022,-0.7163688095030316,0.5767831052705356
-0.15806243368267064,0.10534245701092812,0.004879847713538524
-0.23554116464043545,-0.29751466315408526,0.013729378338958709
0.8314365703113679,0.35549015345374174,0.13376490951507927
-1.6831408425223284,0.15374987009547697,0.5662291694886628
-0.5145051497468447,-0.5869817514746747,0.07316742381901
-1.965807089767743,0.8753065155643962,0.7058168878773026
0.7706348109480384,-0.046720402342547984,0.11878580047969584
1.3057384874503752,0.589962805356468,0.3204565835135988
-0.19864757899708632,-0.34476477988210186,0.011990141231119595
-0.24770133891546198,0.31732414894759603,0.009075907343219529
-0.041416577532779546,1.4437994656595956,-0.300625146829278
1.2328411682079063,-0.3546230738224869,0.30843912119464667
-1.7050792417581089,-0.6540087793455392,0.6094327970699711
0.7286696835464355,0.9269402241773861,0.026547512379622412
-0.4036849901284268,1.2782369043067887,-0.17625748207228237
0.4770971817634544,-0.14779253559203548,0.045847161989357295
0.32147185218733365,0.39725743408947317,0.0143995729761904
-1.630059990479795,-1.3033553669816864,0.7528246801601056
1.3336448128597946,1.1179438720699422,0.21600123981101435
-0.7496216640523414,-1.2445151896498257,0.3051392876708583
-0.7756084110166674,0.2289693780473543,0.11911326423728817
1.2510702561729166,0.0756713969176161,0.31299202652113917
-0.590503077253796,1.6322392555881786,-0.3651232197011244
-2.5628510272415563,0.05302213096342204,1.3136261712090689
-0.6870432232869939,-0.5608125544088334,0.11204383422645205
-0.8760716600304418,-1.1492914200767663,0.3053068548010792
-0.4121618587101729,1.7587168629895684,-0.5100105959932305
1.2541560762910913,0.6884584253144723,0.2819502842925852
2.3507094792063077,0.83698202183247,1.046533164228974
-0.19086212010112702,-1.2798271059707653,0.2169159003827938
0.0815983353170561,0.13741544993933302,0.0010721759903543314
-1.0066060373136483,0.37843275769744444,0.19723155618043595
0.7109780292587627,-1.373123679909413,0.3599961153938286
0.5585797976829904,-0.09049755900676403,0.06247639384087242
-0.5529247371649756,-0.4310616146183015,0.06915488626261745
0.8983619563381651,-1.0455712467507732,0.2757147004599056
-0.5135172167915598,1.0532799948122549,-0.06411076430990184
1.7406257841155206,-0.8296354212492874,0.6630590096667972
-0.7096004255164639,-0.35679714301106435,0.1052487303089473
-1.5532704753993083,-1.0188344109356047,0.5882872458632502
1.2797057199461503,0.3805252029677109,0.3220193626799807
-0.1252544183491056,0.4191210138593184,-0.0042246474720247194
0.8853577636644742,1.333049889335206,-0.08011422510243355
1.1190530654042299,0.7401505898016187,0.20990880871081127
0.30293769385973435,-0.46141981340735544,0.028178257503601107
0.9412448510635831,1.522417376533188,-0.1756706242360288
0.09015270534854007,0.4402384777069128,-0.0069067562372950265
-1.4040526729047582,-0.9760778965615433,0.4872664617534227
1.906078775684515,-0.018039117417607366,0.7266278468334779
-3.198744152271224,-0.4580315286243756,2.0560020057455657
0.39658008426820174,1.6866707787387243,-0.4483787864521553
-0.2894356708633798,0.14483556639188994,0.0164507750028838
0.3722477767169629,-0.1829856441837742,0.028326385936879514
-0.6951616934685028,1.3476104434361817,-0.14808336511323245
-1.0458317957949081,1.3689612527253496,-0.03779802690817688
-1.3892055822777696,0.552918095900018,0.3690747052567678
-0.3696824034461875,0.8936274427840369,-0.044029391395421155
2.3012643404255146,2.3003431270422707,-0.15808111095526312
0.42897240957584654,0.8408811417211668,-0.02265365016799247
-1.956766063750143,-0.8164695765436166,0.8202143903458294
-0.9704649400714227,-0.5802777183984706,0.20789968074466822
-1.116260422882768,-1.0345757355180214,0.3599429649054431
2.118775457236473,0.5450096111767081,0.8816531686944933
-0.23378286968486534,1.1451619952040843,-0.13924519941181762
-0.4546924795680681,-1.0819289802837535,0.16799644528644841
0.31449630626457814,-2.3946026225730366,1.3928758762253755
-0.2710290885335523,-0.343773992795871,0.01875409359993811
-0.3219298814690509,0.2695585298264522,0.01876910889126595
0.18105333921129654,0.23441160073794398,0.005267998744992207
1.6605179008441702,1.5893255757748268,0.15000732643804715
2.2330717691821125,-0.40067235224582737,1.003754232448725
-0.014300465331739782,-0.566261853570657,0.018198227815006993
0.285949384537486,0.2505713734740349,0.014780172347108243
-0.9701083272825587,-0.33752114183774845,0.192067091771587
0.02562466700817657,-0.06833093059699656,0.00016322921651155318
0.6943172430616755,-0.35540780957314244,0.10090461028164298
1.7702903564637895,-0.8327732161843262,0.6845393469506312
0.27408200587344284,0.21375442390094337,0.014047524839363489
-1.0200628111214345,0.21783171079283517,0.20707200200774345
1.6231281549957917,0.39395173986673016,0.5207949503457417
-0.3641418382874952,-0.8412906110866404,0.08606387219867162
-0.7205440108511666,-1.2943598900006115,0.32068958683125715
-1.311543153546237,-2.0356610352274638,1.1875898917033456
1.884731265343559,-1.4651028604652219,1.0249305841734377
-0.37053878680623975,-0.9870396659736169,0.12362187168001058
-0.7674006918812804,-0.7308144113186219,0.15681280962670807
0.09889860995431626,-0.38947447466349333,0.007864139587255483
-0.44135286776396754,0.6959670176506134,0.005247910102887339
0.10483997553006924,0.2936155082670795,-0.00033297716120812533
-0.7749699924964806,0.10652935560784439,0.11999480297637061
0.6757173328510875,0.8714747121728564,0.02513305195273599
0.5938798433317942,-0.5011114554580072,0.08312219825979689
0.23354079612137177,-0.0461807287375695,0.010918109468541446
-1.438326278786359,-1.2215427870787914,0.5960310536533792
-1.13607030306697,1.135252638654334,0.11181995083852747
0.6516753813102358,1.1205270002224135,-0.0557550535341895
0.2206534889125788,0.4924421422301661,-0.0022040932441129476
-0.17968310294098813,0.8781266581040138,-0.06125570754099453
-1.3939062324451117,1.19108183787034,0.21961900183756877
0.02041241427054419,1.7291521516904347,-0.5169274821275393
-2.276767086610703,1.509969599363189,0.6924593678636963
-0.8954949030334212,1.5434296091131212,-0.2072897121990424
0.0860590207105042,0.22648378707642894,0.00031948455660684447
-2.255037901125108,0.5356974021363774,1.0016661873279382
-0.5921384418092377,0.2914580343505909,0.06764971538684812
-0.7837438503911758,0.6283159584248101,0.09804616790989945
-1.1398529764962229,-0.8029374286969119,0.31161902128678737
0.029337799724743655,0.6844936434845924,-0.031898545337263905
-0.6757784638005088,-0.7259242023693538,0.1295890399450026
0.9659552026516852,1.0977409684407515,0.0543322362510299
1.0237407387776922,-0.9867911354358172,0.3056984724478069
1.3713545686957607,0.28032749074268454,0.37391975902175123
-0.10999666262051606,-0.5302852649095188,0.017331605372571758
-1.0390740058662402,1.0147274186871333,0.11145134383579859
0.237693224263961,0.1552464299364189,0.0109254473030976
-0.5416033767805376,0.518983641124091,0.04468832953930144
-1.2048580741094486,0.048235110930161654,0.29032537324338037
0.5632094311438853,1.1365192875866286,-0.08336050641412834
-0.7656536968707053,-2.1561091651738122,1.1195785969366374
-1.3478132821964262,-0.2416997470636994,0.36473210887144786
-0.4677432185803004,-0.346330692230757,0.04791080540581037
-0.06484331218518276,-0.184039389130719,0.001464281580201012
-1.32300919961088,-0.6759942527179388,0.3809614581467128
0.038683357632174446,0.8146373405059558,-0.0537628229700677
0.2857953425270011,0.03889471434765665,0.01632991157428975
0.8024617036579328,-1.5141261238898054,0.4759141689955003
-0.9344083566489606,-0.8615649976934908,0.2385772693648034
-0.39064903272181084,-0.27194060074526205,0.03253238006284452
1.2301996113590774,0.4672470691370538,0.29247728698564107
-0.5607065086534734,0.4070050710861498,0.0561361914600287
-1.5363171738697314,0.7324917761834288,0.4327526701801078
1.1509127244109016,0.31127416156824683,0.2619040345729574
1.1351069693091962,0.6470623123522754,0.23060173794773828
-0.39063654493635297,-1.5229560531322461,0.3837530688201129
-2.123352646354894,0.37534318140042755,0.8964373634375784
-2.1829781361192184,0.5171656799128117,0.9392465776715188
2.0911574435144344,0.37289167115418487,0.869402899205327
0.4586467750486928,0.7022336082524409,0.007441983633832652
-0.27091133597558337,-0.05343041412739043,0.014693843755549432
-1.4502376229615992,0.010168553476187496,0.42063772746834793
-0.05326707755716172,-0.17414353514290434,0.0010955834870298284
-0.0631615348773609,-0.267019334429715,0.0027017057272045197
-0.5506717704279694,-0.4478203167472737,0.06962860434365616
0.4760258237126113,-2.396085930740021,1.420967629646164
-0.6340549604369767,1.4164506286338667,-0.20378193799454258
0.9734085590213357,-1.095957390979774,0.32114276396108477
0.3218327794759945,1.1046453053753988,-0.11407810931073148
-2.698448157805896,0.12731852773934038,1.4561181086441795
-0.3287596477702698,1.0476342667419918,-0.09336521415904107
-0.31545097453421406,-0.7469136292506952,0.061570678741983
-0.441504254610568,-0.7444628943014575,0.08024519620109781
0.5727566138017658,-0.1302166726522545,0.06583082809303166
1.3466190573807906,0.05211822366155721,0.3626624202189877
0.19414123038488817,-1.4911687777873177,0.3391121153169765
0.7235136555806906,0.18945365836069317,0.10401440184472459
-1.8554870223609827,1.203439813119412,0.5142761550591776
1.1870177864246607,-0.7967885065007009,0.3323881102793189
0.7965145158241725,0.4236645331374973,0.11928265073986487
-1.2529495729334215,-0.8691898782214992,0.37964304335099064
-0.8227433256914045,-1.2708591242819525,0.340635601737687
0.6237293981740578,0.6381870008398178,0.05181542326458098
-0.5768382383239203,-0.7520240502380995,0.10907845172077424
-1.0048846071073183,0.6027241396672358,0.18006306984597079
-0.9410322513537398,0.1542532841809776,0.17674130818579903
-0.31686524662699544,-0.9913785831646388,0.11751652641988257
0.45132719636170926,0.9620250746787963,-0.048295426909624815
-0.17113219055806408,0.694749931428496,-0.027676768396270243
0.6795445267477102,0.5280752598752686,0.07763006229460584
0.5143559258620427,1.5440193387554644,-0.31518114558595595
2.2931435507906963,0.2101385794757459,1.0507735342899933
-1.2095292589163043,1.922966855321568,-0.4184827716985656
-0.4203651943326525,1.8340225516533135,-0.5815575474831984
0.9729403058514352,0.062466450641608724,0.18929819298211076
-2.3635113099273544,-0.08636867494687064,1.1173015695586543
0.9972064038995325,0.1489243581289212,0.1985538310374851
1.2890817687839697,0.8754854452869413,0.26524261123646176
-0.21117125615170168,0.6979539038231638,-0.02508144228747606
0.6718527424975511,1.3161514151275595,-0.13771370589059573
2.006372987288462,-0.11531332748701319,0.8052598468410531
1.6258049745738548,0.0442628690850486,0.5286396910815154
-0.7705505201347617,-0.23656392953383412,0.12007349153528872
0.7919312692560591,-0.20333282722246127,0.12627169113802666
-1.2870650426886219,-2.015523077735659,1.150079931723742
-1.9069412016942995,-0.03035104145719038,0.7272877452384502
-0.1847801452377363,0.1602514375424289,0.00641720633830011
0.787822332925744,-1.507262363103433,0.4665586729122563
1.1567401165881062,-1.0951699609362662,0.39896392267811354
0.47267831214068845,-1.2033039737550437,0.21891620746983748
0.5143080605387569,0.9807093204049515,-0.04142116112555397
1.472036465597225,-0.12888773971404058,0.43359238016013874
-0.8612315009060656,-0.309929429384045,0.15132100554284947
-0.1742867341507208,-1.0506049568613236,0.12203787792564065
-1.5884107295563652,0.1055024389622282,0.5044922968723909
1.1447463247943037,0.9653715829839133,0.17212176893922598
-0.41575958837830335,-0.6856707746988392,0.066807635335701
-0.03327675588305579,-0.20243513490383813,0.0010510473521924122
1.3668662344495737,0.26050262087043086,0.3718968477067578
0.22440628207324606,1.1626107284941665,-0.14707423670552303
1.668102244115918,0.7722524868026063,0.5104578963705293
0.673148906691477,1.558775442414707,-0.28812238648383454
0.04204190082459598,-2.23978323140702,1.1239696384326838
1.9412400936297505,-0.07546568731598222,0.7537255984600285
-0.6772254185865361,-0.18548815253231632,0.09236504135895535
1.5040054354506815,-0.6659890875021541,0.48194584750566305
-0.12503415342740026,-0.6189881673119537,0.026843013683286145
-0.0877032290915728,-1.1167552969985934,0.14081365866985612
1.0072522405685451,-0.7122365614659287,0.23904181700546934
0.35120147386427236,0.24890850059260602,0.023126371439992417
-0.3088967874596992,-0.9405370056522689,0.10228427585614377
1.5265493755219912,0.4083544347843481,0.4592611524109016
-0.5528254161296784,1.2796513788112929,-0.1484207042354048
-0.42185233522453325,0.641092079352282,0.009243054719460686
0.26875224652930835,0.9709847618308313,-0.07709999701353283
0.49810167481953477,0.42428628807216856,0.04198310254649859
0.698320043016558,-0.706760215993274,0.13283355625053747
-0.2984863587810898,1.1839085353340917,-0.1481224660085642
-0.24992895691463976,-0.2821170485911931,0.014738267111749675
-1.3246251242067582,-1.5287926466746007,0.7082368248253716
-0.04502815459043184,0.5871356963108126,-0.019834723624337393
-0.4650609126508444,0.32799812386218347,0.039727635847504175
-0.1487536709738726,0.3175364792676294,0.001223829159931339
-0.1792890543500871,-1.6663737900908973,0.46914785503760364
-0.4459871155573941,-2.3497835807085496,1.3372098818068205
-0.7593348546123566,0.9694878468499287,0.024195073439391104
-0.47121483608553333,-1.0847642732185028,0.17205436389710504
-0.49548168999751174,1.5192665093733633,-0.30157222724472077
-1.1068822479388614,-0.9742532759089778,0.33751080633917585
-0.3029156518591441,1.19724578448641,-0.1532613292337273
1.144786915023502,-0.7536161603436302,0.30490809018702375
-0.8788308699935615,0.8776403275141955,0.08686827007018916
0.5108209832990698,-1.83129337293817,0.6663366469765171
1.085311547846741,-1.1572096667076932,0.39054613677595607
-0.49748000508682577,-0.1218961346696253,0.04967839250749346
-0.002244206051051128,1.217033757822847,-0.18026252392593325
0.8731370019002501,-1.125539374008521,0.29506134908898196
2.063291005840402,-0.8012939222732683,0.9028827900658438
-0.7241021029080105,-1.5658144336096782,0.4887672144088195
-0.4172236698956313,-1.451140308070997,0.3403974332398778
1.7090055529725154,-0.4582437465947328,0.5937625341611001
-1.8386400703369898,0.24530013844141366,0.6746434377829681
0.01740702973363707,1.415477620261469,-0.2835412243798849
-1.0094753814569586,-1.040436039656609,0.31643605463034297
0.971025791945483,0.3799392526088066,0.18309364888099144
1.0001686862683214,-0.8375785239175324,0.25882677833505685
-0.24468497961945232,2.2651796631410153,-1.1502983502850648
2.4034527197861424,0.37984938831250326,1.1498363171621626
-0.44800498974667,-1.0625812026448822,0.16011548638392947
-0.9232442294845806,0.3451203488170361,0.16636532010067956
0.462385656402734,-0.8412021940925852,0.1022853438768658
1.2556735736733196,-1.0559788605310059,0.43309451445100594
-1.1028197009895022,-0.4777634471157581,0.2541475872363025
-0.7093682022231516,1.066227241040565,-0.02057238486606923
1.2020528565611848,0.8692883397809908,0.22329737852922427
-1.5997116566088605,0.6388603750151219,0.4857408647651426
-1.1200893340340408,-0.35989578416501383,0.2555815725045683
-0.7467528599455582,1.1626724657955907,-0.04564294157523782
-0.9927541843808166,-0.62006780182699,0.2209527938829021
0.08800346181852269,0.8265949909766203,-0.05492894790645825
-0.23554370519718107,-1.0764963211236274,0.13584533314622557
-0.7065965377112314,-0.4717453328915567,0.11035412667583766
0.39883692503746915,-0.38756859228019225,0.03763582365701755
-0.40920596924716457,-0.20324828810830176,0.03432952102073077
1.5660954238175573,-1.4477305212193674,0.7939642408729342
-0.254903366635198,0.8747560229192435,-0.05394101937368402
0.42328825933850023,-0.03813655120449778,0.035840136665566937
-0.7345564319441369,-0.5079875483680253,0.12102331757034251
0.6632958532332545,0.283832866089239,0.08570568910960999
0.4874688401312837,0.5713312620739458,0.028875812613266907
-0.4050776041330691,0.5982463654443424,0.01140641260318433
-0.2975215879257804,-0.4972626898317028,0.029999642672766814
0.4765380947749035,1.6421910798625314,-0.39744699042587506
0.8280142233612341,1.2992180014771606,-0.08218225437685697
-0.09469032559940324,0.12360673467749776,0.0016043974595227497
-0.16929783341414897,1.412772038041666,-0.2762463279139785
0.6475699932101192,-0.18001463566172646,0.08445272149143002
0.8456746910949501,-1.1903436552087177,0.3116950738393941
-1.410876889832777,1.2015370782357804,0.2246498509524123
-0.20494124767131103,-0.6461951271925035,0.035383232888859306
-0.99235595140937,-0.7422325045482934,0.23784433028440613
-0.16117070941496547,-0.4662181156702058,0.01532888530455358
-0.4005759479002544,-0.46835931340015896,0.04236616881582253
-1.1001051671978401,0.6301998144131153,0.217017776330134
-0.270645484264537,0.5467125176557169,-0.0016911450378664702
-0.44282756177882127,-0.8986743413767606,0.11179758910589266
1.9785034960870802,-0.21282472988558376,0.7838591929192584
-1.1753032906152077,1.2343024239185425,0.08822128537389404
1.5303579964448697,-1.7624549830870364,1.01586126984463
0.7250118439096406,-1.006946910694653,0.2072270193661982
-0.28327750712106714,1.0601752757748748,-0.10311146252005596
-1.3881217463877136,-1.7472790525350317,0.9188179109274184
-0.2856023342208813,-2.146906734992322,1.0058678219993837
1.3879643422202694,-0.3918380916102194,0.3913051710901273
-0.7489184729490674,1.790289740245066,-0.4616366762741575
1.736527768421862,-0.8921430041639506,0.6741131073523378
-0.5228950253335828,-1.0766483845808514,0.17948588006887173
1.0214565847521213,0.18398016891760724,0.20805196190532335
-1.4407093716959452,0.6308411773916109,0.3900237059544585
0.4665922911621097,0.5088031181930729,0.03036974691674521
0.2709876606393259,-2.332758537393893,1.2841186307006425
0.11848954634113183,0.6885109036120242,-0.02983071651775344
-1.308399504414148,0.14294013227021732,0.3420897990470612
-0.12884280481065272,-0.1202744262862075,0.0034940819050706226
-0.2747542313759662,-1.3534639179370385,0.2630342383047633
-1.798495028234368,1.0744038358812151,0.5228937538656083
-0.5419568478319035,1.64793104184347,-0.3887813514486273
1.6891262540879601,-0.6656990660806164,0.6001303038275883
1.3712051192325618,0.6218827383417335,0.3519901184340918
-0.9662951870647569,-0.4657928851992796,0.19685126043845108
-0.3503455099209485,0.42680301363793904,0.016773716892296127
0.3461757378653654,-0.10956817937711766,0.024099066933891515
1.0288475478934735,-0.799863683169577,0.26287928698933494
0.30462439254143137,0.5999412681100178,-0.003034453470512736
-1.0666381329625576,1.2853699761364248,0.015177641911002737
-1.6045717045571737,1.793981570726625,-0.062439553538624515
-0.3142505396473726,-0.5012284996297623,0.03234304437307276
-0.4044169552900801,-0.4724500210488851,0.04325612547782249
-0.49503399245870455,-0.14674493832530378,0.04932773241693285
-1.980249761784082,-0.6186608690859828,0.8079565285405541
1.1466095185295275,0.7332112400177655,0.22352533500173516
-0.2232181058553207,1.1444039550783403,-0.13991279101956117
-0.16057563680874523,-0.03596196252232351,0.005161557853955965
-0.9199622107510855,0.053651135017816404,0.16925065066168754
1.0259926991134947,0.6423873743082372,0.18402334749637642
0.003229501988712243,0.3583209218142604,-0.004598535514920129
-0.34689819743599165,0.9918261627654096,-0.07350016582656936
0.7442318503654514,1.2625383150841678,-0.09047277639448853
1.003519463663359,-0.9183378221337611,0.27885776466974294
-0.196128893353496,-0.13669178982072064,0.007948712323862588
-1.110618085917081,-1.050829927039044,0.362731721943902
0.25230661006710003,0.5476363507982837,-0.003692194245897045
0.25723383861879157,-0.1944685253786166,0.013969290758574438
-0.7968287522337032,0.1581270724889428,0.1265918284403871
-0.3960878744340708,-1.1888253953716437,0.19939450595989944
-0.055097735404087106,-0.11983821708338006,0.0007792541289621507
-0.3215373169458802,0.38228597702960454,0.015090423789475959
-1.6302224758933406,-0.4000686856056339,0.537928361656791
-0.44661536474954255,-1.3604287123423826,0.29167661570655734
-0.6854431331046261,1.8217195362419425,-0.5106006947341878
0.5739076750769213,1.0034187362027471,-0.03515512728128779
-1.455775196290775,0.7647074540304646,0.3791379138527674
1.3669530108873595,0.2575828874862837,0.372003071538997
-0.037985374380503784,0.27409710379279717,-0.0017706924911064144
0.25690237183631237,-1.5966271434447803,0.42021486861704405
0.4647285899451495,0.7086663495942911,0.007604741803757732
-0.6346794611550904,-0.675176563339284,0.1113424314972711
0.7409235859818403,-0.0056056827210476876,0.10979356966795521
-0.746778550309176,0.5487879862704261,0.09500788868312447
-2.0206394068227644,-2.268729205542319,1.9843416390070276
-0.1296753724944084,0.7369779149613059,-0.036664816189012774
-1.0427699987856958,-2.194216463205748,1.2738982158393066
0.5899829920903533,0.7013087883343228,0.03512323436719602
-0.18411316896730087,1.3581196949039576,-0.24372416634936053
1.3860448487832775,-0.12143227011889197,0.38440312611877786
-1.7459545306026796,0.5810968661598758,0.5900493393795095
1.0094522805802062,0.9809263302792365,0.10941243471636583
0.06342147607214006,-0.4255394889345459,0.008510289906435837
1.1831433261723359,-0.05292554446322198,0.27998045109764924
1.261756251709076,-1.8406994988226577,0.9420669048366397
-0.1179779228381517,-0.20458608219881683,0.0036400626163396775
0.1736446353275712,0.8083775282533563,-0.04679489626013744
-0.5608886763405038,-0.24445362375560598,0.06438001700460327
0.7193978353500232,0.776052392973983,0.05676832592475357
0.01650140734845325,-0.5475711947667306,0.016472517131853562
-0.9226005178735581,-0.9884908094563335,0.2668251719406764
-1.6314932835472877,0.6942618670143971,0.49889067679860644
1.6092086936919405,-0.618406071850446,0.5415599843244753
0.08842934873100046,-0.7892504100196777,0.050727637336041534
-0.041747584633922113,-0.2579063390876095,0.0020640537099605952
-0.29973125135544715,-0.3203714657882655,0.02125598928869756
-1.5373448431835048,0.846717565048865,0.4119820572181633
0.2692817443413703,0.20006337312957106,0.013701770848556708
-1.3148705413225608,3.510305920714752,-3.9797089826022507
-1.4046450640508532,0.6106718641738986,0.3718323683579561
-0.07592433471961815,-1.0631581368888892,0.12132222053039936
-1.5920325315933572,1.2504995421570415,0.3113667623533444
0.0596552869667221,1.1264380523061168,-0.14221777057787263
0.8386180936451592,-0.01646873285965223,0.14065650806140076
-0.5563557669345514,-0.8778435265756687,0.12955378267117862
-0.19497311268535594,-0.12303544204354531,0.007789150541202302
0.09705195448110368,-1.2086272225823391,0.17843763516983427
-0.6497775993109002,0.8450724701090676,0.024091548240960298
0.38268887868362833,-0.8918899936218544,0.10023712917737068
0.28700258371257975,-1.0012304276717343,0.11684367928501706
1.8734768782590419,-0.28684781599484666,0.704343354394674
-1.6704918093336654,-2.736383558518255,2.6070564841093224
-0.8534107290849444,0.3440051386225292,0.14159103367552353
-0.7870597330782595,-0.3806039012691061,0.12940600728707466
-1.2709579688324772,1.2767230654599022,0.11495819058458237
1.8893638478033141,1.3131603962701817,0.48749905458371273
0.047623106232561,-1.4410159294440563,0.2996844274155199
-1.8770317473037181,-0.5692457224231396,0.7230955138867072
0.16288060777503888,-0.9855755969708183,0.1010408164708655
1.0334575173412373,-0.08244387276596653,0.21366292506547818
-0.3528877011021447,0.26523698997682,0.023039986165105827
1.6219466949206083,0.7969015554852736,0.47553481646820367
1.726617775859082,0.166454577713405,0.5957805909793612
-0.3241858737448021,2.1199135148931028,-0.93167689901054
-1.6272641743165068,-1.4753207141313274,0.8507117977251537
-0.8054485581928168,1.794110345764956,-0.4477444912090959
-0.03165607301097687,0.19252827098003816,-0.0005132257519148017
0.45153100627532355,-1.246573884508213,0.23448695611742132
-0.09149547545350158,-2.4113748998088287,1.4038234180621711
-1.0599087984051019,-0.9541089201870925,0.31153614098430177
0.22687986120317322,0.7521238261907912,-0.03225201723724279
-2.209896000144811,0.055934386920748425,0.9767105663476947
0.7293011604347768,0.30867454166712616,0.1034349863328003
-0.3295842225950773,0.66699636927463,-0.007948459764983713
-1.2949127989257052,0.2904924461408011,0.3329084858384679
-0.44373214573425585,1.779469878500123,-0.5240918155348353
-1.5110002004203973,-0.21088366774772127,0.45756216132212874
0.5012884554963297,-0.5168720584793302,0.0640666077530712
0.03330599836629825,-0.0023011301996321005,0.0002218591239296807
0.4210387997228488,-2.090172659419827,0.9486139109501198
-0.1492467080800142,-0.36751278324104475,0.009418751117039999
-0.12825040071048077,-0.013993774577277646,0.0032899070905876722
0.4607559967974422,1.7911067379295458,-0.5321391698731869
0.617157389414012,0.11502699120840695,0.07602445404890826
1.1858454406467311,-0.5982308290652883,0.30265537419967803
1.191521985124721,0.15801957329715546,0.2835503504006137
0.7478145901675501,0.19287497544653515,0.11112782276052229
0.8629601832622527,1.613642785233053,-0.2712271976896035
-0.47839747302420493,-0.32916659642902907,0.04933936984823005
-0.19403048132562856,-1.468054943754422,0.3239226115990231
-0.441164098581491,-0.9574602479663267,0.12669841779298047
-0.2928591491478573,0.28685575428396565,0.014792868569368955
0.3933878181994082,-0.0737241803375573,0.030990866071796325
-0.6601185978051292,-1.036299795670885,0.19844133701855962
0.09438507371360279,0.025503308730997827,0.0017800496449499935
1.7599139612498744,1.7196255259193347,0.11094691108265642
-0.3791655549068917,0.37859503532472255,0.02332674192509861
-0.1649324501500098,-0.7344006066685642,0.045050017141776734
-0.6856941453798148,0.8502985547170077,0.03255805773465397
-0.12122209853552697,1.249197791750022,-0.19199774672330494
0.40274628466268714,0.3719252251643359,0.027296132830232606
0.7505913256806763,-1.3248898826070528,0.3452397875029051
0.19064915022564935,-0.6745607295386601,0.03796410348079593
-1.1067788712655222,1.2807245795697995,0.03492034698179494
-1.9039128444922189,-0.5470061996351842,0.7413441126867909
0.24328770503717692,-0.7507658871410536,0.05415465696563012
-0.4643075121049308,0.170583214461486,0.0426199193231011
0.4820875588143455,-0.08186060936447674,0.04653653897162603
-0.5915175319824747,0.6623423739318467,0.04092180904822385
-0.4110927142796138,0.4910179965650135,0.021961065210081464
1.1741928135911763,1.1484184675167812,0.1242848631766062
-2.077495675881036,0.5512149692980766,0.846449654452917
-0.1114030985460308,0.8381174008818962,-0.056390653811540306
-1.0533283680062953,1.0404874528657733,0.10925548731748008
0.08485406145982882,0.027173677380355213,0.0014380358211516775
-0.5618140864565476,-0.12215192444645254,0.06330927756635596
1.9544586063894627,-0.12733010859866178,0.7641881285698631
-1.0082947919523597,-1.0688680038155787,0.32544758195546264
0.010196023610169698,2.010019772774072,-0.8120632736516179
-2.006360831302393,-0.7406312256853652,0.845722943312611
-2.316014766573913,0.06784151033712307,1.0727536559425146
-1.3200295605796706,0.17632502087145024,0.34794740462572765
-0.6010924299926246,-1.081120622818643,0.19862615723405705
0.06242681032523024,-0.41745003358379107,0.00805409474207789
-0.9010337962431397,0.8867343117498468,0.09264866189594116
0.012410196554456096,0.9100274296717553,-0.07533311196305381
0.33542738755112267,-0.3861379943393961,0.02825972245062907
1.340949603186572,0.09148438464263937,0.3595526007837546
-0.8912845116885363,-0.13707573172331255,0.159135178113553
0.880724059702813,0.1038772547155043,0.15502288528189306
1.1608390735761072,-0.9100594035583883,0.34488132953759604
0.6675702464750045,0.4106356531275271,0.08220580108408208
0.5549821899301343,-0.6579952839430533,0.09008946486745596
-0.4117500222135392,1.8957480189190008,-0.64739778586898
0.8313198099653162,-1.3876545619462917,0.4054232316890586
0.10316134018294976,-0.4150674430515941,0.00927927510186374
1.9046264710594094,-2.147336228838762,1.7156684890156066
-0.9350880382312718,0.5203818230005114,0.1607861316182203
-0.19173978676163844,1.5396471867563595,-0.35762260877200264
1.5808303538128627,0.21114088641627324,0.4988636454292583
1.3210640296902274,-0.6524813646926122,0.3768202492591775
0.8243455799051576,0.5154872707984499,0.12221123190763664
2.1014321229461244,-1.520312868038275,1.2346010932039255
-0.5869667999230597,-0.30472052158655166,0.07173547494327596
0.8004359318079185,-0.6425769366940646,0.15467186687377332
-0.005035594783199087,-1.0938597602954394,0.1308885831193408
0.8409184890970198,0.3364614665022805,0.13761982466904915
1.0300731976306574,0.8936808375576181,0.1408349586126974
0.4218514809968807,0.6638044015355318,0.006342103957632857
-0.021460320512494926,-0.010502931943625097,9.222493080091835e-05
0.6525866945803549,-0.3671277126967626,0.09012212733328494
0.8265933158808743,0.22219490539151351,0.13555431292584452
-1.4255726227266576,-1.4468250267090226,0.709315727927849
-1.3437175580732623,-1.08254535216583,0.48797934559074674
1.2583938562551802,0.3694879072216031,0.31166672204746393
1.198432580862771,0.5687320563469853,0.26885214193291535
-1.4921263386969212,-0.10275086803120632,0.4453966838306147
-0.5364709621999023,-1.136110685003574,0.20420341999838384
-0.14373945249567951,1.2000896144625413,-0.16870651029820893
1.9136434365284158,-0.16172710027280424,0.7328292482569416
-0.6235843840515393,2.224009923532786,-1.0222727707210264
-1.1724490086100827,1.68553744334672,-0.20393999974452293
0.6940421915646554,0.4128950212646903,0.08929978350441631
-1.2561952690107345,0.11177360085799642,0.31546566824118116
0.41893086427468285,-0.3784803960582241,0.0405222474630824
-0.42858664254981016,0.07845580067002045,0.036689010036121905
1.4626435144190308,2.6675096746124893,-1.4702300717828007
-1.7643879714697022,0.24795846456950352,0.6210884498235822
0.3155572983010112,2.569925453886682,-1.6773963116951378
0.09864013154312769,1.4120174393843061,-0.27958110871900904
0.6892468220518253,1.7390505918484063,-0.4309283056549726
1.4842843333729079,-1.0377902504586338,0.552390899342877
-0.6859579207749961,0.5418787845477382,0.07819632524669272
0.3428786105226118,0.07251482926189978,0.023475017109607723
0.6109859148271289,0.3899493088201969,0.06873117036133347
0.46598925626196597,1.1997538381134927,-0.12926448248766395
-0.05237401177228801,2.1653334254461423,-1.0147045293144772
-1.3537453385693612,1.89487835991599,-0.3138429137970628
-0.5759623679628567,-0.5921184426667699,0.08710645412076341
0.053808131914488355,1.1557329869863089,-0.153794357580707
-0.4619769668739155,1.1393057182940234,-0.10519933468386686
0.5640389262223056,-1.1557902168583856,0.21802433669088891
-0.07823299507824959,0.07129500216926339,0.0011878412157750526
0.858661800131383,-1.851593479277311,0.7822600318963601
0.3056847374275562,-1.279650133681608,0.2282319124462054
0.6063536998476965,-0.7311883704909058,0.11262495609915256
-0.9351566507975061,1.5519986588267096,-0.198926299347835
-0.3179969056461519,-0.7108821642674946,0.05614908193046829
-0.37265394814442365,-0.434826654316249,0.0359956440332609
-0.24407242135650137,0.40329767195343735,0.005354672576662982
0.15670038311276097,0.7464090561775985,-0.036673422933399966
1.4180467767290634,-0.2680822476641097,0.40409798814914116
1.137772051105027,-1.289367413272111,0.4732582966218998
0.5379478411301636,0.7404483776412957,0.01728147183595735
0.5596576195192787,-0.3487869598596523,0.0668864053175147
0.6995610175956481,0.7954943262663368,0.04753734970877589
1.8583195221402256,0.6733439821104418,0.6601414038378816
-0.039230031069177586,-0.6635572311151133,0.029524768001797857
0.8282484144389539,-0.6759387862580201,0.1680822736007352
0.20370163887421694,-0.13913815820819098,0.00856823503865092
0.19325820704981506,-2.9119246425533922,2.476579501122612
-0.6088313793675034,-1.2780357270708407,0.28288633112584405
-0.09456418387259516,-2.6963121982610687,1.9620342654600378
0.4345279284997417,0.1471185921995749,0.03744448241120911
0.2513343962939226,-0.0062623441519792525,0.01263382031109254
-0.4203519830840269,-1.0811454409677674,0.1617115958896053
0.9529955724692605,0.17632878853304854,0.18109187355178827
2.459913794291112,1.7080995973336794,0.7118793132710106
-0.1626588732053659,-0.12180571224417318,0.0054723004536341435
-0.4540067885519061,-0.29572482067386985,0.043810640098868966
-1.079341520256395,-0.3071077621634831,0.23589211578237435
0.7190364668429914,0.03864969229683677,0.10339691464394304
0.5409638515825007,-0.8857114267790743,0.1280110868285147
1.5735521002942687,1.677674112009535,0.02301669308914378
0.4551877298910443,-0.534817723749712,0.0567365651146986
0.8690191761646443,-1.6821035083011493,0.626985379260449
-0.33428330974785553,-0.39031386228848947,0.02829529930012749
0.36381236060162886,0.655439943156074,-0.0016859127795407491
-1.1650760668665487,-1.354968639843019,0.5202445628071523
-2.293892768269654,-0.33400887049144534,1.056115073738811
2.005514550316014,0.4650369655065639,0.794360861755227
-0.1569991338804499,1.797463964339016,-0.5758086990961476
0.9949041813364938,0.08435857570019487,0.19790683333038658
0.7262620831459703,0.40427430985564855,0.09888395563401822
-0.15215587144659193,-0.5763253435377127,0.023772980090455073
-0.12722294963101086,-0.2341871104792147,0.004521502267363256
0.2160012708381803,2.4859659627666835,-1.5270023096313303
-0.10577711545748256,0.8024127245868058,-0.0494268819918541
-0.356130837853628,0.04384812384666285,0.025357404239609565
0.0901313387766223,0.8839762641808296,-0.06745041435398452
0.1122119215504569,1.9837913072254694,-0.7781884727982628
-0.9170883027267475,-1.7093600017559687,0.6676700754374665
0.41622667309751615,0.11456820230669965,0.03449854791246527
1.4493666120799464,-2.0965318148260783,1.3416518799199744
-0.41528372369954275,0.8696043939098663,-0.031268396332560906
0.4793359150139611,-1.0866818888979033,0.17427640611578013
0.7189861031342264,1.2750432599955397,-0.10390008227487568
-0.006018660684313935,0.47713226433229355,-0.010854919139693976
-1.206135571311114,-0.04661067184169264,0.29096272969995307
0.16541039462991738,-0.023774436694843054,0.005473463518165624
-0.24924494629360158,1.373427828427984,-0.24664563198324366
-1.1494978897324468,-1.019652896026552,0.3702815784707327
1.3419318998717045,-0.6230415362291192,0.384341518225636
-0.882968427228925,-0.866203609642897,0.22091865854997209
-0.7878052798405865,1.0818348557952366,-0.0024869123781041114
0.12411643687711363,-1.4056200142207795,0.2807988296081336
0.861635295370404,-0.9220762430573368,0.22688026675447576
0.6092960480595081,-1.7059942764532554,0.5707637190480049
-0.061155116332263726,-1.1300607677166017,0.1450609691917741
-0.4940068495446006,0.07564768896497,0.048765263538324936
1.8811020934910299,0.3911273795313992,0.701725526050762
-0.9408950863739044,-0.20076373312209003,0.17786591255182105
0.04555711752778848,-1.29707267153979,0.21863427416190664
-0.2576868286084532,-0.22608453560338845,0.014436113734377469
2.142022484922311,-0.8679186373811286,0.983030879941384
0.605541263962217,1.0214303488280787,-0.03323182234138042
0.7277944193546592,-0.34127778559679617,0.10991182372095785
-1.8074263722222523,-0.45335712993949717,0.6626759891217094
-0.778142494019158,-0.5546223839189085,0.13816166487815817
-0.5247537842421461,0.3857402497689916,0.04933366392762178
-0.7248183544636055,0.22729012206978322,0.10389813044895112
-1.6980099926060845,0.7197045843025934,0.5393687111994481
-0.7118789649704067,1.107945585698649,-0.03465079928706885
0.1696985159426462,0.4713987459921317,-0.004715753773073984
-0.8926519863917665,0.19456525502766694,0.1586289745666353
-1.1237513561167256,-0.47531317701808906,0.2633018217236974
0.8546862570431527,1.3800573641193226,-0.1167422550353093
0.18019394084979146,1.6105151549591739,-0.4112348568815554
0.08029217384394197,0.23122189752633493,5.317192062484705e-05
1.0379265582045087,-0.25461669630286554,0.21710897948226
-0.3956008164319545,-1.5559557347118425,0.4079966120221598
0.3029582516956272,-0.5304492975955207,0.03328233486860299
0.4506090274760574,0.7722016783227575,-0.00543633420842194
-0.25761385149079097,-0.21292249320609785,0.014238284458084205
1.6300538348491982,0.07847382922593366,0.5313667756039434
1.5862665683831687,-0.3140132866973789,0.5063446326152172
-0.3122942044271645,-0.9941372264769152,0.11775699344925694
-0.03640804216265001,0.6421143736996431,-0.026209964429254762
-0.32951028082831485,0.04959188609720891,0.021703208628181134
0.4431703229428595,-0.41369815870276083,0.04636027242304574
0.3073158811798564,-1.1680578211018553,0.17825363881703213
-0.18693638898661455,1.7744613654549397,-0.5517379386325624
-1.5334818333644884,0.022023210093005802,0.4703122384781203
-0.9718224317839838,-0.10006715555962362,0.1889879693857124
-0.11008140095644711,1.152617844365184,-0.15070491290126375
-1.6367173342231585,0.3934553455696167,0.5296777579741695
0.2833748679630582,1.1730570569569525,-0.14535976158352842
-1.1146834584337315,-0.3679237139076784,0.25348434705326284
1.1276897609524532,-0.21311359350505385,0.2553047460031987
1.5144851170999802,-0.013670334485317123,0.4587332894520064
1.2226885958609124,-0.5239678117203384,0.31337861161381225
-0.8030304293998048,-0.2892231852264072,0.13139092752417678
0.3856732367146245,0.48243122038249947,0.01852067055380799
-0.41402189913631204,-0.2249416056131081,0.03542100245828543
-1.01887253682839,2.1676376416514,-0.8108774497124551
-0.09891264082050691,-0.75948045193777,0.045764376344653024
1.25875921301795,-0.09031374469275959,0.31696861633197027
-1.5104511556501812,-0.440690369452775,0.46485109832423205
-0.5505039008555804,-0.7832940121779133,0.10866987466912555
-1.8862919810349819,0.381477903422115,0.7060680154456939
-1.8577087531244971,-1.8252057538112412,1.298261034602426
1.1871934860700981,0.11975930782132634,0.2817139123794827
-1.1533862805735515,-2.1465088112195296,1.2550639336639609
0.19611855290909389,0.311659607997003,0.004665294253592755
1.9951179752562291,0.7746624927946939,0.7496114976371699
-0.9813487793141716,0.13963446108807825,0.1923368290939841
-0.3783168172909037,1.0234927544268515,-0.07858997291965951
-2.565675303413941,-0.5276698072134618,1.3312301492362233
-0.5334816054208091,0.5853422421193234,0.036865204461421705
-1.0430093775496234,1.1063594358207596,0.08215186540934866
0.7918980639383332,-0.008984224789496105,0.12542058125119002
-0.2681930595784937,-1.1904914373311426,0.18311026699377497
-0.3386491510378635,0.17217293480920895,0.022426268325024538
-0.052418057628112406,-1.6435585692798451,0.4445215038403235
-0.5908965578997418,-1.7649289964416794,0.6196026059790031
-0.31307741139391776,-1.0624898060050196,0.13954632978125317
0.23199096727870794,-1.3789262582416006,0.272958188824024
0.5618790187336918,-0.5377737678876131,0.07869405733981645
-0.7747908164270205,-0.02590593421982197,0.12006190043632366
0.7108662135005984,0.908380329849662,0.02611071361020624
0.8703027558665549,0.04555906059266972,0.1514759210075926
0.8708997504877612,-0.9704789009453645,0.24309582120048
-0.9722224861046989,-1.5384590966750957,0.5531744871990201
1.161130570283237,1.0723740209914416,0.14632332477314278
0.3709634073055836,1.445325874821802,-0.2744010190592171
0.5723320674647836,-0.1257650902386566,0.06571171994609723
-0.5552393379393362,-0.6997212605677571,0.09591718609644802
-0.5361469465838269,-0.2556025728916648,0.05916062965549327
-0.5448621950606716,-1.405757816995533,0.3371745018349705
0.6741118634655097,0.13749005030559489,0.09062545638482784
-0.6491700846376515,0.24709169171215284,0.0827757586287279
0.40795770913156926,-2.5121872492650605,1.6187485686594998
0.6755408905730511,-1.8260643857661185,0.7001743028126056
-0.9823540902881037,-0.4612692891618659,0.20281830875275011
0.1872022762017285,0.6054467900470499,-0.015184671195262994
0.21810033928673356,0.32839793872297224,0.005971937259070056
0.2952441896731124,0.29451478597638764,0.014879235707902125
0.7469939625992179,1.708723084599349,-0.3873017917160863
1.7868252531983004,-2.4845874826421652,2.1723282201982643
-0.32460821102831144,0.6225182760817566,-0.003050290620249644
-0.8424388638554975,-0.7897498442379518,0.19119772603289814
0.29933382524416174,-1.251135814671665,0.21376554483904514
0.5801603061723318,-1.273019258929225,0.27361990090924004
1.2005342977079199,-0.24498392967812316,0.2897268431272698
-2.0228581162382975,1.132052739785329,0.6733135193336212
-1.4907936191878388,0.6829203110961016,0.41264307520023197
-0.7844694246316098,1.0737443271392124,-0.0007164140710946287
0.08388704633020569,-0.8034051610804274,0.053263985013445155
-0.17525307320024633,3.131298639360947,-3.0641053478622373
-1.137484607354942,-0.6693284666759921,0.288760201613216
0.68113439783235,-0.4546080715109009,0.10218413034491444
-0.05421371008858779,-0.3802081689775912,0.006084048093438073
-0.9843188560470951,0.29620172498071484,0.19117798255884288
-0.7963050718056072,-0.49563323780164553,0.13899569827679517
-0.004759267646375774,0.15637799354986398,-0.0003778778217466088
1.233417354530455,2.6546299827363757,-1.5664700941720628
0.07381398169470331,-1.1158014191319796,0.14000840646049786
-0.9442969683850407,2.270781951628252,-0.9925781591074683
-0.27067921476398604,-0.7744642779093017,0.06110542124852864
-2.3344533910074916,-1.3736886140561848,1.3491523719066454
0.5057319093769631,0.3502534202835419,0.04685613289207288
0.40166072180511414,-1.0893767338799334,0.1615471433474489
1.1200850688399744,-0.6259333983829598,0.27544172084807533
0.9803060769497847,0.6995240279336821,0.15796992123009163
-0.8540702472529831,-1.7067529168016036,0.6430652640716364
0.35916520750535313,0.6500408055966762,-0.0016677431776066926
-0.44899115881083135,2.2094762071191916,-1.038300192704829
-0.43889866077812995,0.5052391799799896,0.025629336656009843
0.8828544461138327,1.2057437184961861,-0.01940678724323966
1.6066479449680506,-0.6976047573282816,0.5502126265764398
1.0588355079285159,0.16069116477947457,0.22381159546150364
0.2622976652028081,1.6095006927969753,-0.40317993110870576
0.10649834339968395,1.3123618997780122,-0.2237588911291717
0.8067878321515426,0.8355751777691367,0.07184264233372138
0.6325882774778571,-1.2331656479299236,0.2675607794284293
0.6894922368783667,1.1142241291254533,-0.043250505250628096
0.9396297771273143,1.6699997890621898,-0.2891652999018194
0.005672590002291278,-0.49459625991947426,0.01210551943131518
-1.258128641564106,0.4351831941127474,0.30833584439278755
-0.16803217057793146,1.6500183221441445,-0.4435805027075764
-0.33639832989533486,-1.7673623925528419,0.5746807514776242
-0.1322671612404579,-0.4419007345986234,0.012128192629251683
1.9220652657753436,0.7234688599555863,0.7010000967799317
0.41147132364330313,-1.343535528251503,0.27638167779799705
2.1694626718665666,-0.5125403233851554,0.9547779673437244
0.4452063211320794,-0.8934938567317574,0.11097214239363082
-1.4780322835086668,0.7088930024829511,0.4012919365694623
1.2518526795382727,0.6659967740859994,0.2838866259134046
1.316171939186191,0.6486648404632652,0.31916809879257846
-0.43991746052159064,1.635183662258637,-0.39851412079413034
0.31289233165343344,0.2315243523149563,0.01833927008421133
-0.5888508651914632,-0.027621304883579997,0.06935117561746865
-0.5048877607854863,-0.9562472150986934,0.13842241096110866
0.3328962646031032,-0.48327359466233816,0.03345100213329277
0.5575615390243899,1.3992322194218914,-0.21177381859950997
-0.5211415500106982,0.10071394670472972,0.05421554586140821
-1.4308712084827402,1.1173047270514336,0.26999752925621023
-1.9711369775930632,1.1390408241312873,0.6292954458166082
-0.49585473626285953,2.017287784961524,-0.7717507952400147
-0.9122516161338352,-0.3189251292797914,0.16968449298836744
0.6983735289850165,0.8349455209808082,0.039338224194185235
0.0962304314879617,-0.14967108546363306,0.002187343880507778
1.1617546733403272,-0.5227067116182863,0.28421629753600264
1.0872648307640775,2.3757245727522163,-1.104445962115436
1.03571046599012,1.3483459080178788,-0.030594998972133608
-1.4040437987045253,-1.7494377510084578,0.9296888974224358
-0.1919910909926799,0.6419408084800786,-0.019081494686582597
0.7286849324409002,0.8539594564967274,0.043921630039840995
-0.00827283633189731,0.4233375867207049,-0.007573144418089486
-1.801652693908858,0.5188136615196615,0.635225702284057
0.09268311998122122,-1.1210581558813553,0.14260941370278343
-1.1390752405710853,1.4249712319313728,-0.02984805696957532
1.003217115642882,0.3896147380940245,0.1953745783643246
-0.5395273561055723,-0.7544625493182685,0.10116299840953098
-1.9068889442475707,-0.07577245493685691,0.7272885936279695
1.0306378746358515,-0.39163179265592807,0.21844955640160701
0.3439507315754692,0.8379566323570131,-0.03517849012242842
-0.636216076755017,0.4103500638080744,0.07404441046918374
0.19522835202327865,2.050624877044062,-0.8546777320108176
-0.9459378395473121,1.1801296081898573,0.014602333377610216
0.5451690872107234,0.4800568057014314,0.04837873985526158
-0.8438707635334012,-2.603154581055434,1.9064288287066287
-1.400467157110759,-0.27302137386774383,0.39429677125849133
0.05138705255210749,-0.006217560685382063,0.0005281498698825591
0.7590714009353855,-0.450122760705156,0.12435783809110074
-0.18114304569937092,0.13834799473250736,0.0062977602197750665
-1.4771935713523694,-0.031165640224623772,0.4364231965586459
1.1342623910475498,-1.2180912764657845,0.43804408384163607
0.8944050271008285,-0.39976900965372425,0.16638098936557785
0.4516669125614545,-0.2245148637794938,0.04193231034940015
-0.519527049688272,-1.627473170119617,0.48504543136651584
-0.1071070199372353,-1.1394072990200235,0.15021782060777505
-2.8712919569286575,-0.45610246638918506,1.6583517753563906
-0.38893429811480323,-0.3431319461065678,0.03429399713995397
-0.7560323720821507,-0.6408244428114269,0.14063282761948098
1.0796787025556576,-0.7557711921184954,0.27631012204051764
0.8173227944370046,-2.416751056032559,1.5451516353889114
-0.843301368132458,0.8389814501501445,0.08317638480086456
1.4491905420806441,3.3400295272786216,-3.3060385737752256
-0.7154239655317334,-0.07778783273613459,0.10241335909613487
0.6995191198197156,-0.4883339889107661,0.10951070456965911
-0.00607074572985673,0.4321181014877949,-0.008061399988694684
-0.4076363904500568,-0.7927326308314893,0.08305078761822843
-0.8558440385513759,0.10317635985232902,0.14638396870265882
1.3108554474461231,1.094008057444253,0.2127316493667226
0.19187743195518336,1.9814949177074925,-0.7706353406281716
-0.42743129365620214,-0.979626195195859,0.1305510425945599
0.6045144695853631,0.7926911094591578,0.023278074044037422
0.16670452694284527,1.0694575637222625,-0.11676000398519151
0.1522171509442382,-0.9045761016003379,0.07865166847045935
0.20332378309983484,0.4517316364077047,-0.0009499900824322411
1.109303400821055,1.018233884914508,0.14054029294227183
2.3741565675268754,-0.7689697287658908,1.1727941721694153
-1.9906868114943101,-0.4170095531979584,0.7998184659617057
0.34550778731372184,1.5062749397950779,-0.3178782015415306
0.8254858364100751,-0.3999871473573069,0.14268475631570163
0.5123388716192115,-0.3004697809960919,0.05521092783414825
0.04716828314733252,-2.040068681802668,0.8494971201309609
0.5812994185557558,-1.1315077047890223,0.212449830224805
0.15677400766106117,-1.8899320902087662,0.6799697463408674
0.7102030970722283,-0.6089705241308256,0.12346106126497854
0.006382289821863368,0.2572337489147429,-0.0016939484538566756
-0.7801012374940026,-0.04045059826066687,0.12171820688071439
0.4294850254796267,2.1658690439142902,-0.9791152469783766
-0.9185554517303334,-1.883429888751198,0.8368594422295226
-0.3858458205821961,1.6299180464512966,-0.4032339811170421
1.624821643761922,-0.8096698921094847,0.5810882261477578
-2.2041198558793282,0.8445839497305925,0.9113828325312889
1.8902494764584117,0.9375016754017603,0.6322107139556469
-0.09978140698961319,-0.4205602020458985,0.00942975128813279
-0.7776262954100379,-0.9567059870637665,0.20850652374195489
1.092562928870417,1.1077754291470285,0.10279627201138669
0.3861709111384699,0.611305947790307,0.00698139924090941
0.5047818740359616,-1.6066018354050098,0.4656521068664339
-0.9336434102876314,-0.8391901036071534,0.23343712988804838
1.5524496517534863,0.7696636640773458,0.4364264821891234
0.7580491702259019,1.0741483835356687,-0.009006967652542164
0.9027038263030286,-0.33765038637010636,0.1668243168163829
-0.8377328646222884,-1.3373787289827554,0.3795604045878141
1.2297348662290417,-1.5895132881224834,0.7040484443388688
-0.2918503776998818,-1.585871118561721,0.4158798857394425
0.38008976813196393,-0.5503252146836971,0.045560677054864586
-0.7417569839039717,-1.3518398674292225,0.35708550374423015
0.7059820637583268,-0.4216161947240286,0.10717679343941135
-1.0586766404760932,-0.20090888551521563,0.22497020208358537
-0.5808817044094277,0.22677366849553884,0.06631849790702057
-0.6012049203592955,0.14345453852682155,0.07199425322258769
-0.2643162414537113,0.014535700995829725,0.01397230797935412
-0.9049016985497192,0.4203150092772186,0.1563439340104707
1.2552034982531866,0.5001645066143492,0.3025948223495222
-0.5500172356879441,1.5237587250708593,-0.29328870329514084
1.1848369678426043,2.3669366588935965,-1.0452822969196442
0.241275506481048,-0.300085474807211,0.014345082482929232
-0.19071884236410128,0.6975757169479548,-0.026670127801168123
-0.4920242654538011,-0.3050724122851494,0.05125685938474011
-0.05198371116710108,-0.9262361985559577,0.08000351472294392
-0.5791736641474857,-0.30557760037297127,0.0699418390765141
1.20733538455275,1.177450445874565,0.12829124648508347
-1.422566077079891,-1.444783971057363,0.7063231593115975
1.1673856257506363,0.3864563073418117,0.26678617373027175
2.120115275030882,1.8903433726414849,0.22348282060400626
0.7579817085016712,-0.6250224749694719,0.13932395046481943
-0.014815914513398813,0.37521329692705313,-0.00523853881875944
-1.0263312630542119,0.7219239688458738,0.17304635639967147
-0.7294877456994764,0.6753276070245544,0.07563098520286751
-0.2073818940853429,-0.5597687398607565,0.02614130202859838
0.20521207988465484,-1.5551780820897414,0.38455448392441816
-0.4685556268192847,-0.8215002582069607,0.09934886119855812
-1.657482088625233,1.1627641986956707,0.3922412619846959
-0.23294476133295658,-0.22523218501307532,0.01199524481654833
-0.03918380527380907,-0.25233075175184994,0.001913684410932451
-0.4444220017928604,0.21681278563378503,0.038482994275653874
-0.4084510805563204,-0.5373230419919587,0.04887983574552235
0.5584839792379074,-0.005345709276973136,0.06238088628930515
-0.607217104636557,1.159187792648228,-0.08201943521892843
-0.8537400762794283,0.18470807867716899,0.14514425364418843
-0.7813772681997241,0.2470878442526353,0.12060155639298123
-0.16629234480774005,-0.10471700804725544,0.005645457812841262
1.5465941226330011,0.19998248062869903,0.47759088624662893
-0.11867537810970336,-0.5718968378244826,0.021521569796057835
-1.0265326505817147,1.1804397611449533,0.046266891048077685
-0.18570383796669507,-0.2916410452594862,0.009377721394517582
0.9441123723492594,-0.2300588571663125,0.17948726862686654
-1.6041028336478242,0.4396741003709425,0.5061296944175179
0.2871206100218761,0.6757485242949811,-0.014369465975087928
-1.3920102895657038,-1.1392670291377551,0.5354073422704377
-1.9001633677237098,-0.5744958410744688,0.7410851398769798
-0.4888996386502594,2.0618426300613635,-0.828724943056141
0.790923174725157,-1.2250862438199042,0.30897728478666525
-2.008296430844148,1.3302152830561909,0.5712729480754712
-0.45855050639527517,-0.8701280128385787,0.10793308553562037
-0.8159380128273127,0.762044902342707,0.08889807321163609
-1.0405302679715007,0.8049044211657439,0.1643932142490984
-0.17830167065618083,0.3482709511243543,0.0021340263058036886
1.3658857026239737,-0.8202818994020534,0.4283224348250888
-0.43298594251267514,0.8749890325156313,-0.029494303154791006
1.7596615796436526,-1.025788803448037,0.7272196498405028
1.923776915161992,-1.7937930751053772,1.3173711729467072
-1.0558027753478088,0.1922960185999699,0.22223283250761655
-0.283338475766309,1.2494302268847786,-0.17898940220435378
0.7374827362047693,-0.2233411743421446,0.10989021160879954
-0.928606025222291,0.39123085822789755,0.16647358851201163
0.5289073467652178,-1.9191265676432416,0.7627718893350567
-0.3532003762761845,-0.2382090809627421,0.026301784437097946
-0.7301058694470077,0.10156875627518443,0.10650613563541082
-0.46234893912857694,0.9597702479451653,-0.04565678505037236
-2.002768387989798,1.1104659239687504,0.6652808514102142
1.7417446853182192,0.5805789395453804,0.5871652248487749
-0.3413515252570464,0.02084441443391305,0.02330326709090614
-0.0990199866837129,-0.7894930802934995,0.05117004186421281
-1.4452199083247075,0.1107314977036664,0.41759634364987586
0.21863309895192984,0.5236713477199146,-0.004800640975985161
2.7854683123227906,1.9817734182143947,0.7734399224655941
-0.30614003562438086,0.10533327746705282,0.018627475964668412
-0.5299671743098113,-0.5127640129791159,0.06965498809805289
0.5022347361122085,-1.4432930557148973,0.3510995784030107
-2.6071965062840072,-0.2829613577531243,1.3617603148570028
-0.7846880149504978,0.6200234448991584,0.09931155239338092
-0.8535270741670005,1.732685524067652,-0.37448500321272704
-1.4410295713893684,-0.5193387975708181,0.4293204765551929
0.38056227479094046,-0.2017630964452897,0.029786873214759188
-0.15884052405994745,0.7832522736807437,-0.04300522109998196
-0.9477235086516552,1.5786460498487342,-0.21378209856210945
1.1327569115031029,-0.6089493964823713,0.27920866711447306
1.6398468757847828,0.8934137948314421,0.46650831954328686
-0.4066960306281458,1.7939553123065775,-0.5442639398646527
-1.626411523021019,0.5357990310885802,0.513661137618763
0.9847058851698297,-1.2124701514427443,0.3721724170812941
0.29799661475492917,0.12531900357656267,0.01756358483244504
0.04696824836228783,-0.9864769948441041,0.09643891592715793
0.8386459268296675,0.3844918609425534,0.1349813014815435
-0.1542832910188397,-1.4636575343992935,0.3183190511384211
1.0207834750483606,-0.23928404895867442,0.20976984582185304
-0.38199588462192563,0.3776480298055247,0.02379822920242382
-1.5451747704358423,1.572816683535353,0.08843712225413902
0.5951225991869896,-0.21495913243884388,0.07182745248942966
0.4878978263594519,-0.6845608924356062,0.07968899783429373
-0.10465894849362241,-1.028596710273396,0.1110173822919485
0.7240495983906095,-0.0880615436556063,0.1049178544641578
1.6171030743246348,-0.12863510761528735,0.5232173229936942
0.8903360978100864,0.6954657124056076,0.12490190546106467
0.9252626830647523,-0.4583051591414456,0.1808486139528992
2.3279421761938193,-1.3222915266356043,1.31505966258002
-1.2634070062433445,-0.29105257384975225,0.32170500562811793
-1.4824521620986413,1.5088143714965905,0.09604815142516854
0.6869377682969746,-0.06950880505879642,0.09441028250087273
0.6945462136875944,-0.9232812868413829,0.1751838481259894
1.3274830285220267,-1.43279927068976,0.6465835705944679
-1.1012916716996357,0.12685189974991354,0.2423645467083272
0.017966989913878084,-1.043304441704347,0.11362659823028318
-0.5245261049311627,-0.09114305045479704,0.05510123999004072
1.3155823662174193,1.3173700221155022,0.11752659727299375
-0.5571128914420226,-0.7243641959878248,0.10008259681497247
-1.175049676702337,-0.5511292396504655,0.2928885375909928
-0.14815571011776602,-0.6803718846286042,0.03588483894175108
1.043553066052624,0.060866333091242314,0.2177780511192123
-0.5563985780726304,0.6851335431317099,0.02975516083837853
-0.4227599444426573,0.1893533179891509,0.0350662738809888
-0.21130524214088217,0.6220426914795645,-0.01513915906396851
0.3809165992507886,-0.7685710118740853,0.07441908841083213
1.423080729047356,-0.4571256706616179,0.4145840276002279
-0.3816199770034705,-1.0557379160017635,0.14679746693775383
1.458420594786347,-0.45368011921071205,0.4347360268279804
-1.7167787825505565,0.48924717739766055,0.5777551201868113
-1.39350296154588,1.2578367133945874,0.1893610629564522
0.3251710502774668,-0.6164352912046059,0.04457131916937286
-1.4540897572704723,-0.3215185461944148,0.426199075903371
-0.5136612656742398,-1.2438513193405043,0.245214039218498
-3.2829846397456097,0.39737265991829307,2.1493229147487667
0.8516660738739955,0.7612243576572302,0.10095692161542541
-0.5313061113637091,-0.776994904780529,0.10336605726100997
-0.14210435568001045,0.8799836400106674,-0.06410466973729104
0.5385764813399418,-0.3278589859235604,0.061537131149383265
0.5320716562223791,-1.625982827849912,0.4865006669042426
0.9168963345670909,-0.3082057889296413,0.17106744937074658
-0.48652411277026497,-1.0075802268673995,0.1496324920292687
-1.0986964982731395,0.18081532235083309,0.2408356381795542
-1.4238711610736998,0.6746938725171584,0.3747689539935607
-1.5339071668152136,0.7352032366674774,0.4308347546141852
-0.1947743962373191,1.620341859443079,-0.41783459649258686
0.21641999413180377,-0.5228184801936906,0.023658199361841048
0.5120679277328145,-2.3860370489776117,1.4108548350094514
-0.40140550870089675,-0.8301975928236315,0.0894448227144046
-0.22916366117189443,-0.01555082721778778,0.01050357278323906
-0.2786159821916218,-0.5732371866755178,0.03436199705771813
-1.0934411359949974,-0.5287267293698592,0.2539033626284567
-0.020387386827408472,-0.03642059672073493,8.79601543128189e-05
1.1518216902025122,-1.581292572420031,0.6607386666893604
0.0919217529658111,0.24190744611585965,0.00027429840953436375
-0.6985687613436535,0.9039171965741968,0.023743635090966747
-0.37576354569075204,0.30966403848007823,0.02527022373150524
0.6982210590834642,-2.806099490636725,2.3070798053197823
-0.4936819815487929,-0.7853943258764351,0.09719097694485909
-1.6158658813553994,-1.0884786077206334,0.651165895988882
-0.5458826154795299,-0.42551490204099846,0.06730206354787661
-0.473784081504217,0.718249494562777,0.007841048437192126
0.19712620296009917,0.7238115845818058,-0.030148973279244005
-1.2146537945025038,-1.3324000662559154,0.5316164110093025
-0.053942898700575344,-1.2473666017042218,0.19466266053166162
-0.24813665961181058,-0.32960114346876834,0.01589504546900762
-2.289290627472082,0.5800945840432995,1.028649568427941
-0.6236944135206696,-0.3510955393927863,0.08212683151723958
-1.9082793390294213,1.3277064429148704,0.4942573313969454
0.09134429484157763,-0.8509208260593634,0.06328106138622783
0.7793994805916812,1.1738930201014313,-0.04027266201338005
0.070392227634975,-0.015414997012272034,0.0009913794367296801
0.8512870866447645,-1.3618081212949598,0.39748816558837086
-0.7481323507527201,-1.4941398560531198,0.44550023913911074
-0.29032851497074014,-0.9570276019566945,0.10451246260708848
-0.16639676426737218,0.4844430834346138,-0.005831580768975564
0.7377742501936315,-0.8830516966297178,0.17772080044578353
2.0405012329310734,-0.7456473112314537,0.8741862946697847
0.6141938058420195,0.6824063619946458,0.04366861301969888
-0.005050574445905887,1.77533723485125,-0.5595496465691655
0.1029012251722515,-0.1717658944138827,0.0026245023211691008
-0.08071837609275077,0.08161687691914644,0.0012487236784433976
0.8260741698824439,0.14814501817976705,0.1361545737518818
0.34485601129587945,-0.1744764074162997,0.024316275076996425
1.3331741932374195,-1.2455806684433166,0.5487189395387598
-0.77324131031434,1.1532819791909408,-0.03381292011248159
0.8985900898919231,-1.0236527250199072,0.26875780611164196
-0.34517545919781345,1.2259406054089945,-0.16042111699570819
-0.6699316074413199,0.47255728092691157,0.07920897695468512
-0.8638474119939943,0.04133839181105524,0.1492394060784182
0.8393151714478261,-0.41842661231272354,0.14821583925773887
-0.7094389854521259,-0.006621928176201302,0.10066076385297888
0.9717942971483979,-1.590890665479623,0.5915206170813389
-0.504630842002502,-0.7225282250724178,0.08864982917447062
-0.3776672491124171,0.009211688523934716,0.028526432044455874
-0.051813613074311114,0.5837529096896343,-0.019355469505255404
0.2555351446248351,-1.2546998181362077,0.2105834752690718
0.34269554487728976,0.5826216674528658,0.0037110708880958715
0.8525081841092104,-0.6856222414748594,0.17758362426194627
0.14577620737162775,0.08128581105202218,0.00419643187788537
-0.0442339276071128,-0.7393356150076213,0.040804680866882666
-0.9138908409115651,-0.673480931550817,0.19758681058393937
-1.800507495261719,0.752372339854621,0.6057763481139198
0.5938434331237661,-0.6798836296520164,0.1019570644805941
-1.1438696494455554,-0.14185046695013362,0.2619729801814216
-0.11635332590058911,-1.0831331417831183,0.1297783519091357
-0.9340301478106556,1.257212590973025,-0.024230484186427897
-1.3718208071341482,0.022395676947369082,0.3763773420854521
0.596895374234187,1.5782445306234478,-0.32186113648997533
-0.7458950636163918,-0.09076633596796121,0.11134666728317907
-0.1845604759471732,-0.8337762368783155,0.06477520484818677
1.2302379044936265,1.2360851122649674,0.1138348243443783
-0.8567784725195146,0.5912343783649459,0.12614679418072144
-1.2913632715473413,-0.07372498154131225,0.33356389209698684
0.20330711272606145,1.2887225962636584,-0.20576505659850128
-0.07260281762697822,-0.5409914491003568,0.01688752513158468
-0.23768451331159382,1.1825799713043057,-0.15408447807007822
-1.0712345559173,0.7842873196993061,0.18126666410639228
0.13988380088414984,-1.5275063728080722,0.36032284857434943
0.26970916485579866,0.5694442378783998,-0.00391657594443187
0.054829255382447234,-0.2519206094992308,0.0022000382412960128
0.9638674286846352,-0.7242631474821905,0.2237998221363966
0.13632992879754,0.5513731456579964,-0.01304525444246999
-0.6400346927426583,-1.5237976839218377,0.43574851435576045
-1.879536316091877,-0.16416270783117484,0.7069737612615365
-2.261071092789701,2.463050854242328,-0.4717507394608327
0.1625373895094373,0.30216076959207927,0.002524918606604497
0.4233503748566625,-0.23824086943610612,0.03719733246464574
-0.9012344880786819,1.1588877122831178,0.006803698403630348
-0.64329089861473,-0.9646085972732964,0.17251854769113023
-0.19571094709784811,-0.364405943749503,0.012499563141490939
0.3696557199147347,-0.7458965139511019,0.06882788875718404
0.19556462950436235,-0.28778432592621533,0.010032529419442137
1.2143162119805535,0.6994448064888358,0.2606943212686492
0.8879882858846928,0.4454663481183058,0.14886479305405081
-0.8837199304008202,0.2770608526176005,0.1540653887216321
0.7030965092540932,-0.3250560429795017,0.10230352893321831
-1.9747579681712035,1.1539556525351966,0.6262714969588015
-1.5618131212323894,0.7796217117256898,0.44046585682609973
-1.7039222902600704,0.8117233392290949,0.5271862071915099
0.22302884758025032,-0.7427033493691306,0.05091650397830402
-1.361466178748492,0.0630755752520791,0.3706929363797588
0.5126235597270075,-0.28657991612203043,0.05491020771744817
-0.6249915269039509,-1.587043453656487,0.4778526152489858
-0.3522854554024882,1.923149269980238,-0.6864563480735433
-0.19517510714529976,-0.8911909111568693,0.0783989395548714
0.7748630353084032,0.7607863143289021,0.07604855113177009
-0.9157919366373284,1.0258835470076406,0.059767188649035116
0.47604878764488345,-0.5794771453599673,0.0647829707066605
1.5206128420280511,-0.4628216681737013,0.4723665035403079
0.9901438715250104,1.1565924464770174,0.04135890165200656
3.1959383729503736,0.6445883966095648,2.016022142654204
-0.8328516655989746,-0.6137552077054068,0.1618482590998285
-1.9090953767760606,-0.6087632457162315,0.7514893523653716
-0.24239690727084204,1.1292785518693635,-0.13226225914138315
-1.0688183784760457,1.288858809019339,0.014374858158904769
1.225873554655025,0.8377613405152506,0.24175541203990208
-0.23921493182439812,-1.124161158869503,0.15350930915416355
0.7015468718101154,-0.4858969354266975,0.10990542678594777
0.8534795878707099,0.09436465477978248,0.1456014526008105
0.00037542769935431416,-1.931122456175553,0.7201607689197603
1.2768161569942,2.769440346902754,-1.7980534118340565
-0.3302360196909715,-0.6919002372590607,0.0549342247707754
-0.03410049178926808,-1.2843190202170391,0.2120778246930895
-0.3152141871531013,-0.8520811733031699,0.0817366964483861
0.678615364870477,-0.3591193168852261,0.09673520542494655
-1.2159728991279388,-1.4540304746916206,0.6031298131977707
-1.3877180764609194,0.3598864042114789,0.3804911071580508
1.5517141582581704,-0.48825551283410723,0.4932030572019391
-0.9619756459545951,0.490171059568237,0.1733022029593292
-0.9168723334349316,-0.8808136720290896,0.23646738228776465
0.047712493405600756,-0.4313155200707373,0.008479191777886978
-0.2599613593245046,-1.4274350456050688,0.3043659797953888
0.4426388519127812,0.46004822355406505,0.029449169092389205
0.4430714512420576,0.10265900984815665,0.03915427116159435
-0.10716050534826145,-0.6281506009901133,0.027081812640941994
0.02110031989909417,0.03788640627792422,8.360656181551703e-05
-1.2179677676366787,0.48604636408539215,0.2852066853834952
0.4801443010203846,-0.5846254813777212,0.0660894461809316
-0.1769510698132761,0.004663834069188589,0.006262326077144693
0.340274068294036,0.2546369212027015,0.021506223490394192
-1.6915105971409876,-1.0400463406381188,0.6847430573283247
0.5925349449346,-1.2345143852478468,0.2583627055261074
0.4015576584135748,1.2324499695763027,-0.15495117342352685
-0.550448307983562,-0.7813334144510004,0.10829765904568912
0.19060405729340177,0.45139901559577456,-0.0019317733679496294
-0.8291656865159911,-0.5195113228054254,0.15152434288705569
-0.10808594931401998,-0.298251984823994,0.0049895925440894065
0.16804019682730872,0.23640120550054577,0.004326360884644134
0.627450725027245,-1.2310014479290856,0.26528047980879743
-1.6328768006553438,0.25735294865258684,0.531552866743064
-0.2607149656615668,1.8887231300185834,-0.6601650333847221
1.8795704041526407,0.7669407175639108,0.6614456762861733
1.542914569274599,0.572519810393083,0.45735108034201555
-0.0993177141532101,-1.121437914188891,0.14300741254645408
0.30049121387048616,-0.7046607087998099,0.05304868990370011
-0.04436496786128792,0.18246979593901663,-0.00021388724257640455
1.2012580463217422,0.515044795625833,0.2749415266845512
0.37530422806008307,-0.4791120375711054,0.03916859022758357
0.696939578549564,-0.17035084456574043,0.09763930333415975
-0.10725897922030357,-0.23963301734915463,0.003676965956218463
-1.2016765879839286,1.2553420091295358,0.09097804099966761
-1.5032648547943952,0.3551119842889855,0.44748292205029533
0.021673035162496967,-1.0164517237637467,0.10511110426525816
1.4696117198013576,1.3479332988411543,0.18704246127909976
-1.6516504994126637,-1.3859540901197047,0.8118134631094771
1.0982138751774202,-1.364336746986606,0.4951743988594174
-0.1737608556376748,0.14618559427321967,0.005726165042788443
0.23754178093890638,-2.0493844384333695,0.8720218833032376
-0.46427404351778967,0.988411484520139,-0.05345350034002638
0.9989444885626534,-0.9337675844135904,0.2809952590408602
0.24065616458216985,1.3964314032697207,-0.2607239313184515
-1.0597900985962483,-0.41639717062270654,0.23185077973709328
0.35900857903130895,0.460807251649634,0.015992497647871015
0.11874459564562592,1.4363512183017086,-0.29351425670287834
-1.8311428166560946,0.2363236054783878,0.6692969629214254
-1.8736501928774307,0.18975689155040018,0.7014297385510747
0.5436625160623372,-0.11901959837378094,0.05928238544773053
-1.1184639437300228,-1.0230310531450466,0.35726198508581886
-1.1235085137171155,-1.585461915145705,0.6509901704772434
1.0886910280859348,-0.554724061231784,0.2541195322908139
-0.4075520234082494,-0.08724958066153916,0.033286149006976684
2.4736074820796263,-0.6325931554831824,1.249061534769263
0.604571105677928,-0.3125437693632698,0.07615428466180166
0.6076661664650348,-0.8019162010159168,0.12542042651023405
1.6664157669870718,-0.6271361017020061,0.5800535451349796
0.4597265192992707,1.7038216187427135,-0.4523511029545198
0.046807899095721126,-1.2012942645452958,0.17379792142738051
0.23678777295567344,0.2847189465483377,0.008905619202730811
0.5041516711907811,0.43516654466703375,0.042593036068348744
-0.3051492675987499,-0.9355196323418554,0.10049961103244395
0.1258137937783017,2.074623771457885,-0.8897654837622813
0.1474943595702169,1.376819114815752,-0.2566431651017504
0.9291077205524896,1.7399915011269187,-0.3541464494032135
-0.08996607112216673,2.3621288485707215,-1.3163670813273447
1.546395334647856,0.3334584726239777,0.47455982962455895
-0.43364599894930084,-0.5626981345315153,0.05542643597012703
0.8928335644099225,-1.195994762318039,0.3305058607380045
-0.04940362345565655,0.031167219979722237,0.0004851160320704654
1.2047677329698305,-0.5788202806490458,0.3096854428023367
-1.1816861265109624,1.2518014153949963,0.08311828935518056
1.6449372955366448,0.5727204081146589,0.5223780155512026
-1.4536262860586062,-2.942803662124013,2.9711013312682595
-0.08938678299538377,1.2366402804854446,-0.18751882442517795
0.5364762022072229,-0.03678581134775377,0.05756632094790717
0.3291389324429729,0.7803431644386895,-0.025851374563719477
0.2886345979501512,0.4702764702283167,0.006261353765179325
0.6858702233760837,1.0723550316390908,-0.02923137168228905
0.412656906272358,1.0661310300769473,-0.08712307967621427
0.833302896681212,0.9608658165692493,0.05016554659764927
-1.18963425238217,-2.1619213914038444,1.2935072569683512
0.5078236399406231,-1.3423890999835766,0.293476626134402
0.49588506049935926,-0.06438753118709209,0.04920709213289738
0.10119172090752745,0.8288663537798788,-0.054896776317235545
-0.03551829870702231,-1.944395850598631,0.7353652316752801
-1.283520499540759,-2.9766214622025924,2.966853545153782
-0.336958295232318,-1.163345403479109,0.1801521494858086
-0.4001064853488792,-1.891285660757432,0.708522629981315
0.8359317614975778,0.477205455688853,0.12888921849644971
0.7029199782781401,-1.0665689618365366,0.22014891527482167
0.16844037074051715,0.05632170243097367,0.005656565699390907
0.43726207582104465,-0.327360224465681,0.04174777115712678
-0.5361095104196928,1.0698743042708072,-0.06497845092681967
-0.9418475222892406,0.7931178952621865,0.12752538054635149
-0.3164902856796317,0.8983240925710728,-0.05246029217789114
0.6004744353421908,-0.09494105981536027,0.07219948751834164
-2.287751147495621,-1.7312789822623886,1.565681971564583
-0.5965549381083093,-0.040983409804477795,0.07118244257323107
-1.6652431866139963,1.168709103740856,0.3949752217837105
-0.45303002136839715,1.4864940429334887,-0.2874180774588756
-0.8286033892810346,-0.19336432100592624,0.13803969991343926
1.5134791357654105,0.05212516545290547,0.45810965630063566
-0.36440916098305826,0.1953805221806173,0.02581297053875795
-0.4058932355077797,-0.5803851557518416,0.052499959462406084
-0.21619550541149216,-0.7324084005197056,0.04863610198615927
0.8029738677301308,-2.0262290041806117,0.9608427923167187
-0.7181632517491001,-1.1339940537043656,0.2489768076422325
-0.19997090233811285,-1.330180771012178,0.24335731514859246
0.4223329387711741,-0.3971376578975007,0.04193661062845916
-0.9311350338705344,0.6536748556571923,0.14547156395293503
1.1295483365054726,-0.37429460998723807,0.2604196237013896
-1.6886394541109284,-0.870155263696609,0.636186203215853
1.1018415783642217,-1.1146214045850509,0.38128940441696657
0.6470478731236341,-1.1485000854960958,0.2352273747674115
1.7388983006644037,1.2580764752497406,0.405630598510316
-0.2752122699399634,0.7737483485428647,-0.031174910893671887
-0.4901904693247138,-0.7183456026237219,0.0851254381092108
1.6647093054894588,0.3141336651083912,0.5511515446198813
1.1468196814666265,0.48996620966332843,0.25127661010995456
-1.268570829005647,0.5336716889346071,0.30665512793774014
-2.006667448787813,-1.1628782630669559,0.9625972325948569
0.6226979978719247,-1.114083409066638,0.2158285691312708
-0.034095435491826365,-0.9783144329917749,0.09386688899299804
1.1624361493311122,-0.14683874083458043,0.270568168305937
0.8509125821635045,0.3917592570252392,0.13879790694100558
3.1126238311490875,-0.33757973970286254,1.9415324842839443
-0.658658758922123,-0.8613962146224137,0.15068216746270777
0.24053142860457027,-0.8815321688323005,0.0800748472030254
1.4056310356462034,-0.8655583299177257,0.4600065920071068
-1.1996421417064929,0.3548114515370562,0.2833614908921806
-1.4519337472407554,1.9444855776628378,-0.31359237385426153
0.3402109774566296,-1.159131144475344,0.1788878248812683
1.4065756823378914,1.37646018257453,0.1349010154086146
-0.8013325295565624,-0.5561587876701269,0.1456294564866777
-0.22217030212905192,1.5012228121192854,-0.32845414260500383
-0.2985699214009741,-0.7982433338499879,0.0686922597604201
-0.19350104256275094,0.2637768877396565,0.005653217362810821
0.04552413669351122,1.88636779211621,-0.6708275032628495
1.0430331495140166,-1.8299491501032052,0.8303812442507559
1.1117194860634356,-2.1409050153836526,1.2284623515799744
1.0316413677240577,0.08633172544380081,0.21279243784477017
-2.645693808488064,-0.41712050197709843,1.407196604961622
0.018311115709148163,1.1899988238466719,-0.1684483409435727
0.0674918556759127,0.013413433026917955,0.0009107887817797158
-0.5545732782006244,0.594543129930799,0.04049430245789692
-0.28052484061365174,-0.2283757883619651,0.016929942599467708
0.15155040199287673,-2.0076343622919812,0.8137897542075071
1.0682350545649062,-0.36123764385289253,0.23293911157316485
0.12282600680610792,0.15129273477660124,0.002670944211463558
-1.5351539493837474,-1.0302793526830791,0.5807011633560448
-0.19534180119973468,-2.2700518172941555,1.1774200884882284
0.9320659759063044,0.45238667335129157,0.16449113593453657
-0.10722732150034059,-1.1558419663557575,0.1567166341416317
1.3934187909187454,-0.8679055365516257,0.4536990395919076
-0.18344548218807616,-1.9727869572273231,0.7745171122169416
1.0405127116314226,1.8666415655511466,-0.4338700503363928
-1.5351515987560347,0.11883232912693689,0.47117028164563063
0.14295129061584083,-0.336908957348671,0.007911188548804895
-0.8492170638841631,-1.024107758151129,0.2516420080690072
-0.028680006868413828,-0.09898155977397291,0.00026148424909648387
-0.8701269150156877,-1.040473656250233,0.2640643316349216
0.03118375775691861,-2.857792901883272,2.3341483099077913
-0.3333108777036185,-0.07864529987512575,0.02226787101135358
0.11464975394066043,1.051254656550709,-0.11354906049728361
1.743353278721957,-0.7273520125135314,0.6463360308623946
0.9601173321559849,-0.2251492888303564,0.1855063896300919
-0.48476868131396966,-0.5490817418286329,0.06355444199777954
-0.11225859715308516,-0.511402059226326,0.0158952022468199
1.1477632107052282,0.4302185573842468,0.2555092480285411
0.7898585273661357,-0.4673121806626963,0.13498049355789948
0.7133938775415171,-0.9030907475164399,0.17543979873620058
0.46301164803391065,-1.7204912557887841,0.552156881119974
-0.21503292275541397,-1.1342099870585427,0.15515626721100065
1.053609249633738,-0.28207214206795417,0.22426278853083365
-0.6940794687700629,-2.023537728693303,0.9249282550770561
0.8429175607307428,-1.1079102859964238,0.27809413511719044
0.9486348822666565,-0.7440259505915089,0.22116901589691312
-0.14324213993677226,-0.8483962234044097,0.06516919902647068
-0.4922839931214035,0.19667851883401757,0.04770790548081122
0.31522006291895693,0.4504909354151918,0.01073038073764737
-1.6061852943638446,-0.5166378700276214,0.529756063593451
-0.8860252261104197,-1.7766161707697832,0.7177730534866507
0.8504557228126045,-0.48466004055717293,0.15603942651681876
-1.2717240742064455,-0.035305013455160544,0.3234608247553793
-1.4426180914786837,0.5714943709745872,0.39756405303198405
2.431161530820915,0.7468069412253753,1.1404583156969637
-0.02952825791375331,-3.0732137060441356,2.9027148563527034
-0.2275300171179897,2.4050194511302645,-1.3807377827821536
-1.2088243185541472,0.42598514537478066,0.28452117772476954
0.6125285031653874,0.7057352442345685,0.0398882261350201
0.5657772536291112,-0.08553600756437148,0.0640833617828702
1.6403977862461492,-0.6014609258413526,0.559939143901702
-0.5808795603901937,-1.0126909880027135,0.17134003189212635
1.4040696672038375,1.4142936615256791,0.11139155138413326
-0.08312032939411707,0.23909102336260737,1.5045533940633233e-05
1.1430824759186107,-0.21846282834340675,0.26237014520595503
1.2316524522309455,-0.07245523760664148,0.3034315898886722
0.25102817862007004,-0.4089495132519383,0.019442288862889807
1.1513795238159044,-0.20524950997854682,0.2659996235998122
0.14292203716206728,0.9709115103674895,-0.08743949214353779
0.10246777148947017,0.0933571532470204,0.0020185628698372927
-0.8756836892023115,1.739398822180289,-0.37289216613970166
0.06466461022359896,2.2686358951603434,-1.1667645358271672
0.9780157646205324,-1.4179602743920643,0.47639966787059734
-2.015962541033603,0.29047695603899987,0.8103700399670437
0.14061855351066724,-0.28062926309460823,0.00616474907284027
0.3963695088131427,0.544605471538066,0.015269025005199482
0.5290663694532325,-0.2962389423434483,0.058581963880255924
-0.696086091015336,0.053669019642902535,0.0968917105915668
-0.06426452563503698,0.48867175342255575,-0.010843499656801652
1.3567141982738133,0.6926872432725109,0.3348984674581899
0.1794399718350779,0.6389048343087944,-0.019640315492552216
0.16108899216255682,-0.6739832586739086,0.035805853581064744
0.46195118648359157,0.3535768527327433,0.03825948246768591
0.13642584745826497,-0.04161854168484807,0.0037296111310817833
-1.3650212429419308,0.36687062747815774,0.36771873811067046
-0.8844539668288098,-0.6631670559781035,0.18561722392792293
1.0597239575615136,-0.43888809099892423,0.23305695663080964
-0.6822894846469889,0.10219636692273279,0.0929970532908393
-1.8995656807985668,0.41772427960295483,0.7143809348937108
-0.6739715685081202,-1.6536994479658262,0.5430883387486306
-0.19393216269662508,2.9997418160721847,-2.6917810266405864
0.2561602375407541,-0.1439840160306492,0.013422112437347221
-1.0629261273802109,-0.22101638258878398,0.22704201661389875
0.29150733904165893,-0.957223047314964,0.1047033526255032
-0.7920049190109525,-1.3469142436619859,0.3698085744978079
-0.6165886074219273,-1.759558195451646,0.6208034450821689
-0.9508056063860437,1.0551769962861914,0.06332301242382811
0.5259745985241893,-0.7189004808951565,0.09248391944595422
1.0597784852066787,-1.3092896106115517,0.44906965606534943
0.017656099239443848,-1.3593649107613823,0.251255713787774
-0.178294320028394,-0.9322672517068828,0.08738319205678166
-0.6617509023846184,-0.2990368849624232,0.09025693064917095
0.41339384085262737,0.5905650963943913,0.013581923974359273
0.24184110438883666,0.8739465509507014,-0.05505309066084089
-1.0372591671543017,-0.8272247274080711,0.27178836607735185
-1.5488589226988996,0.23658698116287524,0.47846853471980116
-0.5927405033450655,-1.1467153844117786,0.2210563081842014
0.541676195261639,-0.09603441339808634,0.05877118888289949
0.42753875616629416,1.3203822873644504,-0.19363880952476512
0.8769247950152147,-0.5311553408890911,0.16878469218863398
-2.375035498832078,-0.908391495116918,1.2031169291878496
-0.18412785639735238,-0.5526726091417227,0.023661833257448014
-0.05656169749229098,-1.4195397142596673,0.28669029931847023
3.8085663482139127,0.640714773806375,2.874733196214541
-1.3907064446342385,1.719071578308101,-0.12120836884542646
-0.6061369113041685,-0.4588287617521957,0.08313982999269709
0.7395015991463625,-1.2148603661891146,0.2886720283578666
-0.5854274650583662,1.1628823944858713,-0.08871099528476835
0.6707690697711187,-0.5744909029772742,0.10894671512669782
-1.4225596094497515,0.3675030240784237,0.3997717287728502
1.0776383628790458,-1.3761488904545007,0.4928740066651124
-1.5110967961638546,-0.3955126635778978,0.46286972063386705
-1.5442671191200086,-0.5339919129877589,0.49217882563150034
-0.06090313237983484,-1.160860428612916,0.15717903383031231
0.42707325261055507,0.7406720557950502,-0.004154593005589215
1.4372388574188573,0.07203348819311145,0.41309372974986724
0.5108632772947482,-0.5523436424533926,0.0690473507464863
1.7599913014134556,0.43316676076466426,0.6113862191546313
1.941126374315896,0.9419138983138451,0.6700275503789538
0.11060459073272194,0.45103373224812887,-0.006728768507626827
-0.43704078555723386,-1.2171098754616634,0.21849828595723383
-0.1333334591803301,-0.7781588350468067,0.050675505449889406
0.16701980725988613,0.08126937753305995,0.005525447122361459
-1.9323378052573386,0.2814300756179067,0.7445568712645825
0.6870893095682432,-0.4959746770464268,0.10661886860448583
0.8907579720475582,-0.7674073272734033,0.2038836452834752
0.29776348330221025,0.26916229297143174,0.015782582267155943
1.3793390678646917,-0.27330135523167265,0.382556639879269
-0.5774361913756207,0.2918838483453632,0.06419977210680776
0.6138786489279539,-0.8194249730658241,0.1303902860111163
0.2868392275655976,-1.035400271189656,0.12745581989942686
1.4460568341258175,-1.22746676706848,0.6031553814204162
0.7396661795483701,0.397032659674463,0.10316258976890459
0.4562930339718858,-1.2176205921665026,0.22216508417619885
-0.8512092481235658,-0.7790795434279137,0.19219883326092574
1.3342167248050532,-1.2019377905392847,0.529665331802105
-0.26938844307970794,1.4374603159428214,-0.2825072714485212
-2.0551141468965612,-0.7558408972876464,0.8878796788172723
-0.9560277603811512,-1.0715594810655702,0.30583853173069747
0.6318722753384514,0.7979010016622042,0.029054465683345264
-1.4401921004762641,0.08212308148048729,0.4147752718020312
0.021582289471853828,0.9247830589091981,-0.07899648044906815
1.3770199498977969,0.5399668608902178,0.3634932873147251
-1.3296084138141748,-0.7710842726479766,0.39941813809495447
-0.9969387462307936,-1.1842613369225428,0.3648670544279865
-1.6433304708384127,-0.21134104011896288,0.5410509627776267
-0.2753645061848141,-0.08671034171629044,0.015230317013626347
-0.9008139977488531,0.3053369747035159,0.15944649469268585
0.4177867115427113,-2.011208342191319,0.8484346748656914
0.8581206181514472,-3.5935219501068167,4.787732836230259
0.3603088112040058,-0.38803095068998844,0.03180699302995866
1.1059132062233596,-0.6166506129208644,0.2680574354856539
-1.3388258237487218,1.777172061099677,-0.20280053851292446
-0.3015004371415916,0.052165258450955404,0.01816630743516587
0.7147023202147805,-0.47153205487495387,0.11264404189433577
-0.3570162322322084,0.3299452092589946,0.021900207731781026
-0.1572749032812567,0.9652732955204965,-0.08499250497082064
1.1432581873497922,1.2401191631242778,0.07069048373998618
0.7517421064031131,0.8728440942680166,0.046525016926242266
-2.175564345270293,-1.4941498717807347,1.2801825883128704
0.15672762205304655,0.5525503939070663,-0.011957313647090177
-0.4775239249086604,-0.4733682612838443,0.05621293793962393
-0.48440846565397244,0.3325668624614443,0.04325209894207513
1.2664283879915084,-0.7488889623560988,0.3627684623836442
-1.8409986055250815,-0.6187313079215534,0.7015419667161701
0.4756770298102725,0.684693204376546,0.013154982351246333
-0.23561409308438458,0.5845126651325109,-0.008867370544343103
-0.5905015119757085,-0.8832956380480081,0.13865412070465905
0.383070661563222,0.3882464139829345,0.023496383236815965
1.6141383277445451,-1.4073779403017477,0.7998496395586019
-1.935045946252891,-0.3841971423733776,0.7545515986477195
-0.1670454300879123,0.49689697283180023,-0.006687879148539035
0.57219638541546,-1.3502008092711641,0.3116290494976895
-1.200578153199289,1.0922277295086364,0.1579790268248912
0.1512036570128361,0.4560313458549604,-0.0049113279351156855
1.4442398230409115,0.651961339548644,0.38945388261285874
-0.1369118679847231,0.38592316865716636,-0.0019988400956881414
0.6032842417669726,0.6668288088425817,0.0431391214280086
-2.2049509230219737,1.9708226156184891,0.2068662679176808
0.10808156405889105,0.38556366575357515,-0.0033954391234765485
0.6239495163107349,1.4808077404500861,-0.246847672361799
1.5776896160313785,-0.2440138031355298,0.49927382985563756
0.19404641196473724,-0.04804359477862385,0.007541891359364242
-0.7205954710767984,-1.653181279603347,0.5556673895901967
0.3053885853820667,1.3313978708901355,-0.2173538504652534
-0.3806206574408063,1.31038880370512,-0.19603491025240022
0.029235218045358318,1.3817442956220582,-0.26363407153350393
2.1347858236682953,-0.3248681785744124,0.9148907396896186
1.2541600092264742,0.617643492612742,0.29102138660745275
0.4890679175514016,-0.2829875213562253,0.05010370448820267
0.39478739822513115,-0.41770193409994466,0.03845926851787657
-0.27183223787829447,-0.6717093535169409,0.0450856395473436
-3.5675804306862626,-0.3387804296589857,2.5494142827121817
-0.33532189694503806,-0.3238909503145027,0.02588594418998489
-1.2048278475363323,-0.4601063383612117,0.3000623803595792
0.8880479025617569,-0.4240068197802862,0.1653486856646294
-1.2279779263290125,0.59500984568213,0.2805204243076721
0.2553550498698462,-0.2995117270850444,0.015728078375401147
-0.12440410172101116,0.49565751262219615,-0.009081857732442498
0.6687758153353042,-1.284866834173451,0.30156867154878547
0.3352132202444174,-0.6592569057696714,0.05112618234370324
-0.21883565679222342,-1.8134513937271162,0.6059505146253317
2.5497390676209157,-0.2916104505137929,1.3027136203135417
1.12452544507634,1.9316808058114732,-0.4678740909577986
0.25559779105774455,-0.7779145606854762,0.06014162854743281
-1.335299489112184,-0.5832452122260833,0.3764454878241882
-1.642721322068072,2.3473365149909817,-0.7536731023038147
0.5383284093654239,-1.0350785810071887,0.16885653806518738
-1.3496386721638618,-0.9317000650833238,0.4451825318303121
-0.9238453179228983,-0.3424782786217293,0.17471500898456158
0.6967554132328527,-2.9779536987633306,2.7380049717561468
1.5522324441475284,-1.1395181429456487,0.629851725100991
1.041151900595912,-0.8272738871291176,0.2734165987410626
1.1956900799368477,-0.11165443935176916,0.28607414984616786
-0.7393565180060689,-0.44177632600310895,0.11795159822245961
-1.6646869126359582,1.4756756612609898,0.23289061822088353
0.7041846049329379,-0.5840862867240357,0.11910169185089547
-0.8754016328269681,-0.3429789949170385,0.15730022312852276
0.041473496808908036,-1.3358377260304632,0.23871923369354806
-0.8462652187426911,-0.20907611811063817,0.14414689482860604
0.9160447160949847,0.09975675116774116,0.16772831234994448
-1.3948884306877158,1.0990104126964204,0.25640164393799536
0.03355871329377403,-0.6695783190682031,0.03024478540978
-0.6726951314286446,-0.01935242481071877,0.09050447274950303
-0.692518947188624,0.42959242629006167,0.08798838513450233
-0.8637708100980855,0.9193817934697054,0.07150807201980885
0.8240623798263864,-0.3307827842503284,0.13943509544081603
0.854323436327528,0.9106183379454442,0.07046288867295136
0.37871092135949663,1.4578598601742556,-0.28116263613954623
-0.8811861256214046,0.22651506117390746,0.1541355698179856
-0.7321862136401548,-1.5252598980737033,0.4620585013307502
1.034828004117424,-0.5185640482426984,0.22811843658385292
0.5617897170659436,-1.384441821621515,0.328474615661264
-1.3665009579247727,1.0666320203624293,0.2521138361933012
1.637719632037763,0.34524513522548406,0.5323099967453967
-1.0222004462760468,0.20049503742267882,0.20817279530846325
-0.4580714040915727,-0.4430852104478852,0.050664730653865994
0.7067905422178898,-0.7935546052283187,0.1498830018886952
-0.1721026899448582,0.49739347131606987,-0.006381660499347618
0.3497350230201474,-0.5876959115488727,0.04476113974700501
-0.8807876073710458,-1.0217123581271925,0.2618135208245631
-0.15260426285894563,0.03294065724263473,0.004654037860980692
-0.38210803620592565,2.170480338414476,-0.9933086996144007
0.8091238929317617,1.3034050320418864,-0.09049458212535402
-0.4683560959327085,-1.6921523814041752,0.5283989612772232
-0.814765736565267,-0.28659847334372307,0.13512272326628635
1.949816254064266,0.669887803808641,0.7302954918536879
0.38624025090442865,-0.39291870223723907,0.035902385855480834
-0.6322326436014505,1.612416662717103,-0.3392665685579851
-1.2482649105016073,0.6213874590574409,0.287639897254391
-0.15924673608559523,0.9114321424269467,-0.0706415427777975
1.1205054462034754,0.6916208556598646,0.21802353992977905
-0.9887748752058007,-0.053389520094550676,0.19555036913458493
-1.1946230433558553,-1.587853343395905,0.685766851466102
0.4243345616331739,2.1319414889829815,-0.932992647736086
-0.6702419108710879,0.7781295326908415,0.042730223481682345
-1.980332732174805,0.5037244326269145,0.7715621277014993
0.5574950609197565,1.1798104241175655,-0.10206387449413493
0.5776409261255899,-1.0431175431649855,0.18023482369470434
2.3780522063183516,1.8925280933368034,0.4531867530747218
1.242272265229783,-1.5138624927182551,0.6555920010873397
1.3774754361839159,-0.3999567893280816,0.38588564156981314
0.2472292464031971,-0.3745073398668709,0.01747714074942038
-2.1569279456696857,1.65245250098517,0.479249073600676
0.982945503525426,2.5386887557594817,-1.442933450345172
1.2162782566510126,-0.625491712841623,0.32033828996495645
1.002011368172375,-2.4060519444251964,1.5936895092644996
0.7353380523782463,-0.25546813959910236,0.10981169676390887
-1.5179977386426773,0.7482651478506027,0.41896800654201216
0.783358262513349,-0.4177920403470566,0.130022601449168
-1.0578541720513155,0.12668616114455222,0.22360776638778296
1.022091474238366,-0.14421662126624213,0.20923414432789103
0.8801135616500839,0.4902962173165131,0.14313372684570094
0.442287762196061,-0.40943807499390533,0.04598749386032383
-0.6793314465826998,0.632381150476707,0.06700894631901902
-0.9340342265700702,0.3299432957784442,0.1708921394894848
-0.21646042311973185,-0.6150323896109848,0.032635535817179026
0.4915516180376511,0.2116030756379996,0.047377127635784624
-1.0447216369742425,-0.040268045967695315,0.21829518927860225
-0.6264379913505395,0.5482676683042171,0.062004125862157894
0.5068860045105372,1.5330053032833904,-0.3088856983555912
-0.5520192458147689,0.17761658102538835,0.060384710979315505
-0.9999228087876965,-0.24554100868746004,0.20144950094929387
1.9507109362459376,-1.1834272570403241,0.9267936273106224
0.4864136153148725,0.7944023960295269,-0.0028131214267148874
-0.5895210883344068,0.2937750965206723,0.06697163178518112
0.44556621212103636,-0.7120868034238453,0.07581346562875307
1.870428114766017,-0.02612015861232484,0.6997020485823884
1.209949646001788,-0.035721845291985875,0.2928001874588643
-0.37843894510178294,-1.3190177102203722,0.2581269265232742
0.24960468244820574,0.21269216475026428,0.01149832360083826
0.5155788236134393,-0.7248677640509419,0.09125126901855557
0.16587897377969055,-0.49584867939996546,0.017694395608683824
0.020817706978334877,0.7638012126786151,-0.04447289866230306
0.13634431862263144,-0.6980627205097927,0.03773396197288529
-0.515067448071854,-0.11808775376510468,0.053223565250351185
-1.0352258240681227,1.8538737235360965,-0.4228096782723778
-0.5392995112127102,0.24299569468122806,0.05673397812493283
0.1836904895848766,1.3731297489283725,-0.25215315748195793
-3.3703693037539613,-0.25881454067869614,2.273611517070239
-1.0529035281911927,0.6903657188892679,0.18881800461533338
0.8921290488294132,0.3754191787519659,0.1538877065746228
-0.3789822514533163,0.4559327600487468,0.019247821646804802
1.3919591728745226,-0.25513929835867605,0.3891709241373157
1.1421452886527808,0.47984489215594767,0.249850689668487
-0.8275735868842977,1.7131570888325014,-0.36582010102024026
1.1881393557319044,-0.5830160086325394,0.3021521868200597
0.607387236165688,-0.4848543980755244,0.08518199175187297
0.2222237563260047,1.2584744719577226,-0.1894352212690052
-0.007620397055702532,-0.44343589490959123,0.008731133232154284
0.27644852025170225,1.0104938565794066,-0.08789655197114878
0.7377877980022384,0.9151411284774769,0.032224627121766214
0.5224337040959938,0.6008824005085165,0.03289195555794755
2.0900232423701373,-1.1307779180609148,1.018227332996204
0.018839585884283694,-1.0450100274334149,0.11419088359317307
0.8829570113272562,1.774457173517008,-0.4028004048139845
0.004613879576922292,1.186340251397107,-0.16696164809456515
0.7306405472430115,0.7628659914816645,0.062371027726236435
-0.2727308785112981,-0.5342048473999156,0.030121287581505236
-1.4158643130632054,0.02591388548760117,0.400932610407433
-1.2075076246173826,0.04707528315940681,0.2916045004317178
-0.08602730888993589,-0.1857544871820476,0.0021210804084852005
-1.116180405664204,0.41542715752121934,0.24200230921200802
0.26485799953436584,0.4314897652757508,0.005996328070310331
-0.12012229557731025,0.2182364483841372,0.0018464752293556564
0.05924340603724783,0.0660507159516222,0.0006731403052324845
0.276519150880542,0.1485327650986637,0.014964875437164845
-0.7256332166765503,-0.02740156079205803,0.10531077046282558
1.6394804206449085,1.4140729823644984,0.2548208370817981
2.1011586175300683,-0.13410626885244625,0.8832146905073293
1.3407950103119004,-0.5900059351226897,0.3800847717465553
-0.13377228291920584,0.19491788218088785,0.002838453600074938
0.4868527221375741,-0.8180907943739408,0.10215768564201261
-0.1718509973712126,-0.5963774532629067,0.02711767537015338
0.6879701852580221,-1.3436326383390105,0.33723313439154484
0.31298882460934235,-0.3922722231574436,0.025628587652665097
1.867735729583436,-1.0455828272157708,0.8119950086914537
0.8516355145334553,-0.16000751392212112,0.14546626763256462
0.8367923061872408,-0.7827892390664316,0.18801038730919403
-0.30009216103193553,-0.6649294978108943,0.04740967116498166
-0.17653566154782196,-1.6289744105960913,0.4384907156522198
1.0923620215399767,-1.294443354414774,0.4555457625129624
-0.20524214403906668,-0.9721713654071463,0.10030645189005702
-0.54771665285919,0.07049834182428981,0.05996366857376109
-1.3715420713291682,0.9625152444142775,0.28705469229937813
-1.2193039364213343,0.038218160213332526,0.2973348356238993
1.222013114985068,-1.3561149622479647,0.5480592331828442
-0.08067825454672918,-0.6683858613213981,0.031161243369117735
-0.04330221008776797,0.3334421508650485,-0.0033323158593182127
-0.22820412885675373,1.6107815436886432,-0.40752072200237266
1.2404549892954202,0.21052613384742203,0.3068126378887545
-0.29284839587018774,0.841972996289327,-0.042536988993825534
-0.521088917911433,-0.8919500123337499,0.12526802952673538
-1.137487847184668,0.3101493048601669,0.2557923139659602
-1.2005867764611475,-0.6137334469140011,0.3113991422141281
-1.028880885691189,0.2684279031260314,0.20978505734473768
-0.6649842578624248,0.002002263382914963,0.08844081183824884
-2.257042239636253,-0.34283569849402484,1.0228774988054241
2.743403686601686,-1.3965038411949142,1.7776021455942388
0.08411257374495466,0.1468212853389019,0.0010984898579975665
-0.3635574665122578,1.1098938178857938,-0.11028904936809954
-0.6080515900723379,0.7281422712252776,0.035339887175037867
-1.456816901079737,0.1559157536796081,0.42408406978774904
1.214790074680366,-1.551381752811389,0.6685272715079911
0.5447818084567569,0.24676403421521087,0.057854836151489036
0.5487874606812873,-0.7171977799289148,0.09712422806078475
1.052372467595113,-0.27092219190500283,0.2234860994113052
-0.13205184112145726,1.299372447396936,-0.21589444664750393
1.240233523341477,0.9910502091353625,0.21029681780314974
-1.2253317471282863,-0.18880076342120028,0.3009605721750701
0.75849365220514,0.28432270453083736,0.11276407639417016
0.7843926871526445,1.0937470557281457,-0.007788682022007734
-0.3678106066278691,-0.048599992651632715,0.02706840758998525
0.5671663347138318,-2.004946189408348,0.8702856485111086
1.3419400567854654,0.9429405857829126,0.27632029171238487
0.3815500415621724,-0.134612713602849,0.029360012923659258
-1.1992049092131742,0.5092067764081838,0.27441518187481384
1.0498321317708945,-0.27923940125623553,0.22260686024814713
0.3964783708390302,0.027760663894256424,0.03143688032069047
0.7212726078225076,1.105973042310999,-0.03123317419740773
-0.2044046584641385,-1.1429912352967633,0.15767993841537606
1.7537383665303599,-0.06943612733204663,0.6151531294143647
-0.8364668905037136,-0.6177534485574531,0.1635100370763722
-0.8443229374890747,-0.6072882052110725,0.16497297065860883
0.3571612161176682,-0.3301446357028878,0.02911125417947543
0.2516377648369816,0.8083639979245457,-0.04015842272535971
-0.29697418193972724,-1.617945469613317,0.44117601066869744
0.7347704108948523,-1.854353017469437,0.7456199968428958
0.5490248820693598,0.40002913469962986,0.05388426565881051
1.322111532338376,-0.1643408721091183,0.35003963133799526
0.527067097401829,-0.5291423755598876,0.07037548990569875
-0.8123988015898163,1.7101653770989986,-0.36816782521843006
-0.9154482725240444,0.39368008348811634,0.16150769620725217
0.37114597178022074,0.09693715414714447,0.02745877645381717
2.067869490778728,-0.48874582077036605,0.8668916386774409
0.6617888999846627,0.1133577043532039,0.08744724532835275
0.55735760160076,-0.60481787451562,0.08425401898799925
1.2490105199779595,-1.5995957450768516,0.7212950664581188
-0.867384621669192,1.1561399197647795,-0.004065325953759469
2.2567188730876855,0.06857863025296441,1.0185237617045857
-1.7977387684415405,0.5284332925019026,0.6316168724599567
0.311617703113473,1.8680508387997135,-0.6324565055080259
-0.7464198227108193,1.1956523695366992,-0.059500109755512676
-2.0675515095148387,1.0106934857386083,0.7517113757059718
0.8819386629382328,0.34106128088127613,0.15159584081221392
0.2896561902951611,-1.3402551799955515,0.2575280282538924
2.128389015354388,0.3627650684757553,0.901234026434648
-1.6878553006506392,-0.5499775169230956,0.5864065629310674
1.0311808612048274,0.06467001568394817,0.21263974733839153
0.8423001296160884,1.8056416230228065,-0.44680696093559824
0.8541659037987962,-0.32314627378133653,0.14929428519527
-0.42048896122824253,0.7211934511776031,-0.002148520048519946
-1.8236250385945558,0.2380814386600012,0.6637721447007648
-1.0741475783279621,0.2603949796654988,0.22899298164308976
0.8378083032388864,-0.6061011239535475,0.1626501949612659
-3.4105207790021015,0.5940816642840452,2.305363292982743
-0.29167719308559087,-0.6017026894644694,0.0387995297963102
-0.22320139592658012,-0.34229483725889537,0.013974295953738967
-0.9620122991953415,0.3870051585463849,0.1792972406804319
-1.4516280443387084,2.5324570836419618,-1.2027057519467885
0.5786611888321799,1.204503487549066,-0.10778306276680318
0.3128469992410325,0.9377877443625698,-0.0628987053352633
0.7120865564457807,-1.3582994884061437,0.35201665223900913
-0.36205903179288373,-0.9405229143871012,0.10941443977051808
0.6040054868409295,0.6893666497515553,0.04020400403374555
-0.5560269788003475,0.9501821960050914,-0.023953638798899404
-1.4490956858091968,0.7710805755111271,0.3741298895081949
0.16929169653131865,0.3543618499822634,0.0012821317150988176
-0.8360492611312571,0.0955371071852036,0.1397084734526279
-0.4648936591329998,0.1356745891347762,0.04297547858326573
-0.584579547790683,0.29005848124200784,0.0659062737597312
-0.15932080025124157,0.18857314305207568,0.00440606058229925
-0.7329375503951725,0.9976518534210506,0.008142281686552441
0.04494506439981182,-0.8550241597477747,0.06291194782638451
-1.0338760710844497,-2.532454676944056,1.8379258633547413
-1.7025146443941348,0.4660483614200906,0.5695886023565557
-0.8146317548640388,0.659509503813018,0.10403942962395932
0.7267689029376303,-0.07598497079159741,0.10568247921797068
-0.4580648042257836,0.41247051948964686,0.0349472324419594
1.0537717790323287,1.0937155712203672,0.09125523188887139
0.20419443084758465,-1.6012589846920535,0.41890673438126375
0.4254252723160609,0.7817893131300098,-0.011585202724430053
-0.3690711688704867,0.47103379170738535,0.01679174536108661
-0.7763610609801505,-0.6014046395841043,0.1422993558956904
1.2252132789491523,-0.8868072224373162,0.3699704345480102
-0.1192538724654387,-0.16405023656822407,0.0032857970926016573
1.2354779454987108,-0.7801148061507608,0.35275730826575713
-0.9925919784493448,1.6913849838718393,-0.2868208013776009
2.2585858217753576,0.0015224586527764737,1.020241982512046
-0.11084432999143995,-0.915097879219496,0.07908796730701056
-1.3649751871951936,0.2427035499092175,0.37120180675209363
-1.2305353819279843,0.6479261031474639,0.27564299384899177
0.6459245211558263,-1.9200414879570662,0.7912783807590029
0.3896691487088212,1.6684193695065395,-0.4340566760938125
-0.20572794552855556,0.9680335375350064,-0.0822485536549164
0.11503585514383498,-0.06258080117851257,0.002671158467584071
0.02634178136342574,-0.4036188583342337,0.006714059364706076
-1.3828517161550729,-1.3521352103906128,0.6296625474741243
0.2400599299618363,-0.7582659654884224,0.05512356554074428
-0.6308141469779994,-0.5089085044674495,0.09276541035753676
-0.6097696955290951,1.1283950954933857,-0.06931196566870709
-0.5280385476057924,0.9525839158391571,-0.03067405822411074
0.12983830274233923,0.5500230616232455,-0.013267995958261839
-0.5482176840536443,0.6340468945094296,0.03461886014472041
-1.3251366245833631,1.2649978717738546,0.148769973952924
0.9921142596004295,-1.9728315063510298,0.9646968192900307
-0.6310893389042691,0.338519668208528,0.07577546544566531
0.043033840091361415,0.8473304162136719,-0.060465300835971326
-0.90837499810308,0.9314314398593585,0.08422133976554166
0.3602518090239905,0.8146166762619871,-0.028101716276509557
-1.019382531826511,1.0219183310011306,0.1011074729824761
-0.9552040978669951,0.5558609855414457,0.16530790120533326
0.7856301327081693,0.3325299940822959,0.1197659508715906
-0.013377095836934987,-0.48138584018411057,0.011191055437924076
0.8118725762821324,-0.9456480327823051,0.21639201044846576
0.7614637263225186,0.04337823741306447,0.11595723894177119
0.9234579182513459,-0.8487307751129621,0.23169271144510553
1.8134040125099127,-0.6305683748122415,0.6827592599811014
0.7830969561407224,-1.043833349940512,0.2363830042714049
0.503573180038279,0.23159013837098688,0.04947507916348989
-1.4236710667082266,0.6155945175350667,0.38203950008527665
1.195143084933085,-0.8351198172673073,0.34391675166732827
0.7532704763888916,0.14901610084336353,0.11315237997179416
1.702827716651806,-0.4727096869632361,0.5904873547430207
1.0022110519532064,-0.4296647256006121,0.20881751535747872
-0.062204887977226724,-0.009010153351546354,0.000773962764656757
-1.0367961079648946,1.2310329747624353,0.02843330379598069
2.0077908484048996,0.5494872760723718,0.7896538045214431
-2.585353665910192,-0.880488945021115,1.4050715703997978
0.9295472018333346,-0.7733266724471521,0.21905917541610728
-0.44227956910376276,1.4087021528411119,-0.24042649385535786
-1.1406415559685943,1.73515755670362,-0.26220370291929807
0.01573781716756252,-0.2799677988234662,0.002243978493265435
-2.11581349931716,0.4207709972698093,0.8878836766581603
-0.7090354647222773,-0.1468942652485575,0.1008632253930266
-0.4837004752913642,-0.5815464494166475,0.06646091412638955
1.2383628498326569,0.31146661134306586,0.30368692681040943
-0.7878699345602098,-2.4430453001412014,1.5822721477175048
0.12837976363756423,0.18222527026077304,0.0026911746147795512
0.2114496360840301,0.9470808236414711,-0.07600736944663643
-0.9456541810260701,0.7011367778462934,0.14438498815269757
1.6146602148766176,0.11603723394635651,0.5212692819468356
1.2192079384908605,1.16076777655175,0.1408938582328274
0.6711756789669223,-0.46077039019701455,0.09987794472591674
0.8469505723864398,-2.3316165337152146,1.4110333814152272
0.27038818668154574,0.5861241470506349,-0.005513843490500173
-0.13736815044684655,0.33182771741592215,0.00012025889835670786
-1.089496754327809,-0.8503651010986499,0.2988923051973623
-1.5513003270282149,-1.5694466570607228,0.8678868046220596
0.8356272181489078,0.5276548567641803,0.12496362160070605
0.3514939509114253,0.7343019189258564,-0.01488390915947238
-0.4905066717305245,0.7531173293745846,0.005403620149083077
-0.4584647969117901,-1.3235732491540873,0.27390766353303075
-0.471918345129795,-2.937315093323865,2.578803963249226
0.14004258653534782,-1.5105333773569358,0.34858246021194744
0.7780607421288936,0.9844250539842192,0.025675791625543634
0.0029409193228791927,-1.1930523079960247,0.16981767067147696
0.6957910959472344,0.018383868293127582,0.09682442852651986
-1.5952423244521614,0.42269143410337545,0.5014074693813214
-0.17236622861204606,1.5365294643888683,-0.35682072040332846
-1.574260641097031,0.04165815468426431,0.4956520838575693
-1.1171633525481384,0.8488323539836583,0.18845103102226685
-1.254780106045258,-0.8370863759829646,0.37355040377966653
0.36578900479468984,-0.013209655543948828,0.0267605497076218
-0.2626328890721299,-1.9645336114088159,0.77198579821498
-0.5030319152511452,-0.2600930331852533,0.05236770894042807
-0.8350845115160838,-0.8103765790772917,0.19269148480020268
-2.051247237194452,1.4479194874508026,0.5379709468989142
1.6120051037673946,0.44986446906584904,0.5106078219391589
-0.23442107547467575,-0.9751325615701845,0.10371439566834735
-0.3721596842769687,-0.4114284339073093,0.034664953305714806
-1.5232778713498227,-1.2964577915292015,0.681984083953552
0.23234684958741234,1.4129966760072716,-0.2713161970277932
1.1234402631180211,-2.507272861399173,1.8285999294365316
-0.07086807280531668,-1.135648506573125,0.14746876419089477
-0.09806326480882598,-0.3479217031992185,0.0061348560042292465
-0.9691098656402041,2.010686830277637,-0.6250580570542756
1.6846084013479357,0.030289134071121215,0.5675783143574065
-0.2474452745915973,-0.6088679551760997,0.03481779699393923
0.6757931191365274,1.1676096938776241,-0.06784240910529091
-1.6921773471441055,0.7088737627989217,0.5370717856609251
1.491189638167451,0.511566384876925,0.4313416066044039
-0.2550182482979571,-1.478841441497476,0.3364253452367696
-0.3583158379093769,-0.4507444534814689,0.03483584834808056
0.14612277178851502,-0.8955150342423275,0.07608594821426433
1.2360761127544864,0.3538802473150146,0.30114514545987864
-1.6175424114849468,-1.9082309226990826,1.2181414520469744
0.5231176219471946,-0.4998823523693671,0.06722158778202206
-1.0494595297340485,0.04232426851780839,0.22026547917872186
-0.5970220451722494,0.1564614520438837,0.07090404393992515
-1.1951444735407788,-0.7068481407524364,0.32099061971003934
0.15693471810410753,1.2504994745568563,-0.19062102111476623
-0.1575944954422082,0.848612645311545,-0.056145076417532094
1.2744204648887119,1.052942975400233,0.20809088435503836
1.0562422476365267,0.1593714115716829,0.2227247457564951
-0.9107882932504978,-1.2341164195074084,0.35386834199312206
-0.5184117485282678,-0.15623022143557497,0.05413147308479361
0.004704696710597508,1.1343720125962116,-0.14596654820139787
-1.9346187166027677,-0.34945402008563015,0.7528173822476967
-1.8101053505975293,-0.3887496130925768,0.6611713036279693
-0.4362777996721765,-1.0396630245019658,0.1504447573123063
-0.1939320407318825,3.2733219707547274,-3.4997236525218294
-0.25504718564587503,0.5649800530595175,-0.005024488917640993
-0.7417537088068211,-0.1672279885841207,0.1105073693231443
-2.1366532320261706,-0.39365620961517306,0.9191577085585333
0.3715401510832786,-1.1657913412542902,0.18604755662734151
-1.1286535454548978,-0.2346445640358042,0.25606367285035314
-0.6902019030407394,-0.062050333028867186,0.09529962428339478
0.04616681207186093,-1.1319929464732068,0.1454807601567163
-0.5941033530358425,-1.1327534331423987,0.21593878863162064
-1.9013571571229497,-0.36770413968698573,0.7280034006735135
-0.010969752780256215,-0.10575438511219261,0.0001423426934546587
-1.2362093858133336,1.4942565710231095,-0.02799528151955305
0.35994692569947057,-0.5735074703211941,0.04477563901283614
0.5974371309062024,2.2090489791278753,-1.0066070101686193
-0.23202095977331114,-2.2847621665499505,1.203444161842046
-2.8744870677423755,-0.061326927351937593,1.6525582455320604
-1.5651237220818721,-0.4511785740450521,0.4991067391415931
1.8085452736992553,-0.28983652024310474,0.6566019791344095
-0.6666715269656126,-0.1959517410868608,0.08964258253593958
-0.4447280885546135,-0.9879698310347949,0.13599080724334728
0.23235456023996653,0.455880534815873,0.0013232971143900835
-0.10453613535027459,-0.040729186011611275,0.002192317147398346
-1.4793726531138904,-1.8074840486705404,1.0282134725145364
1.7350104763077734,-0.38215513633410964,0.6076333615723549
-0.17717781932249485,-0.5966831131203933,0.027522148812768158
-0.7267641602573324,2.48217223374544,-1.4236735146644546
2.383061559221971,-1.3173335019327639,1.3644022608865773
0.3432890077947023,-0.05189904136989473,0.023583447635795854
0.9554237565098819,-0.23886979126169758,0.1839298727200923
0.02189367553378497,0.20590172605317608,-0.0007770644851172334
-0.6719041149989396,0.47341990474545825,0.0796804377626516
0.15355267237877215,-0.70140999649058,0.0392233719022895
-0.7934258804879545,0.1999001801025064,0.12510612280664582
-1.6203281688505708,-0.2928684172511683,0.527604663301582
1.2285572726852234,-0.15689905168781676,0.3022568377509394
1.140216338249284,-0.018981127915637636,0.26001934346030386
-0.5974362731631421,-0.6452189396865959,0.09824696718953967
-0.5283023575644813,0.031553619257369825,0.05581753462584097
-1.446192599034064,-0.9874365607929191,0.5145727286381386
-0.48828726465038336,1.1101194856114078,-0.08912237965694272
0.4255621343224423,-0.3743572209660676,0.041466992747812806
0.10015399060450052,-2.621492488071958,1.8035542260668274
0.1229605501378783,0.020733975731811634,0.0030229680290911015
-1.2372095016134792,-1.528875003223332,0.6635056994663486
0.5713918014232335,1.1799828957488419,-0.09899833716903275
0.48720550060115636,0.30976973113092193,0.04450137368471222
0.8424019237703785,0.8064238825691918,0.08948488436801352
-1.590404881272608,0.21117297590186324,0.5049358319626142
-0.7915851950907099,-0.02139020166140694,0.12532240290620159
-0.4413333341335194,-1.7804219783177524,0.6033314162886698
0.3129403111104319,-0.06175428565949327,0.019609878227302792
-0.2576810530698074,1.6730350322538907,-0.4550103331311376
-0.14170325014003254,1.2814573645447829,-0.20641637749251718
-1.3228850345542202,-0.6738140956917839,0.3805978367573211
0.7159108167266535,0.05961787735620519,0.1024844695709609
-2.2880893834271263,1.4096590883648317,0.7669517860795365
0.15400456560938022,-0.4837089447197729,0.01606102950987687
-0.2999430965907468,0.20461870131926363,0.017136458025746187
0.28991283543079277,1.9287151933686895,-0.7006610322636766
-1.1032605980275547,1.2540963984214069,0.046197803118025765
-1.5590714685945424,0.9553939964301117,0.3989345364784327
-0.9164279174592833,0.4686427737541712,0.1576754094821779
2.5785563734952284,-0.3005580783255576,1.332505690421372
1.3069712132329343,-0.3940219184938846,0.3477520696624954
-1.1001153056704918,1.625155569288666,-0.18717407719052487
0.2749418234680473,-1.4529317856404345,0.32183406655573144
-0.4407600340232092,-0.24401964788035677,0.04030691087354841
-2.610993370356954,0.07462608318011857,1.3634157163536444
-1.2385195053088962,0.47025032291462465,0.29638721526971773
-0.7276794579128347,-0.9743484250495172,0.19840371931566048
-0.3354770888947703,-0.07657519678662887,0.022553877298094882
-0.45536396278234287,-0.6033585952508351,0.06343603022497847
0.5252320070714306,0.6060181491090273,0.03291723108871211
-0.03506101417279018,-0.33550837479704765,0.004022534138299104
0.7993828945021113,0.5124690864193424,0.11434390533863747
-0.12293403239216538,0.9342560423995283,-0.0785225215439543
-2.0325086893733793,1.4589740042710422,0.5156603572641663
-0.2952608601948983,-0.15275910057880138,0.01779226371053618
-0.9652368949962845,-0.26506734983707325,0.18819883444574884
0.8522414008795507,-1.1117775775275678,0.28268427982517996
0.24250413120058514,1.0997011964654457,-0.1212299130479911
-0.12044983425844981,-1.4329607427935016,0.29714242260458806
0.0860561912820746,-0.014063114518782005,0.0014814117394847067
0.48661595722775824,1.1876401051511727,-0.12015631476140531
0.3588633833284966,-1.6160007503146383,0.4477684630031673
0.14936557885242177,1.133172019103617,-0.14104620423849154
0.8757477957568552,1.1768706887382252,-0.009612647257223855
1.2403214688190893,0.9251202306143251,0.2285032909953466
-0.46868558663508664,1.2108507504887116,-0.1335968021056681
-0.09988845501479161,-0.5475866770195207,0.0184149912041081
-0.38203199435319546,0.55953106414641,0.011672169493973438
-2.2738606653880904,-0.20942774850579016,1.0350070148445476
-0.1434999938577583,-0.16670297704035245,0.0045817152627726275
-0.3712838879967008,0.6134362209417716,0.004486494902674193
-0.031091889303929452,-1.399102169208678,0.2740657551004806
1.1382394661548505,0.1737687622560471,0.2585931115587324
0.8871154108806749,-0.09574712167500668,0.15748252672647423
0.5047332432557537,0.2851880314539998,0.04863163198945097
-0.12325338256692486,0.3547917923909981,-0.0014277410439008245
1.6382312579236569,-0.1373907840982784,0.5370196728580873
1.5228052434487698,-0.23903126830374552,0.46515288968815155
-1.5645052313550372,0.09755179367629008,0.4894424900623856
-0.9263373368673914,1.1590931141451581,0.015896377881582963
0.8908217609197026,2.0534881083796006,-0.7072049375814539
0.7784356479314967,-1.3838306767069428,0.3861942345022733
0.12993590312528924,-0.14077627583041827,0.0036556576422334002
0.20170026972909724,-2.5744143091491676,1.7143577533159164
-0.6330425571630478,-1.153440539351342,0.23360519776852923
0.10507477821663067,-2.353606752691398,1.3059803051256411
0.5236139289162609,-1.5608519643639982,0.4350982512103856
0.6654253022514133,0.6264051405748589,0.06397906868297032
0.33786124494364705,-1.4382083832839352,0.3203153013378328
0.18640011001213783,0.5796491879408262,-0.012526817254186903
-2.2161331541635514,-1.6058996916341315,1.3963969221597325
2.444026399963678,-0.5227250991832304,1.2089360292951579
1.2484955242325484,0.10058064549666693,0.31164646273519897
0.12049360861106571,-1.9084433438651798,0.697988578873565
0.4344021419904529,-0.06219019500687264,0.03776509699958768
0.13820079366400792,1.9917667588261012,-0.7863408346635229
0.11486403218847945,2.4862444215940163,-1.5342111929861575
-1.5807896037194105,1.0145317368457352,0.39535597491034136
-0.785976641098842,0.6156231310405136,0.10022024178514025
-1.1642840556729341,-0.2291628028945718,0.2723149344441315
0.7422974691309059,0.887574469941749,0.040279015857009756
1.8129878738742728,-0.24286504166285963,0.6588175074441132
-0.9146876483588324,1.945118762548451,-0.5686024564250822
-1.3308927739056513,0.47198015523155795,0.3437410366001602
-1.5840083742599613,-0.6414092383500046,0.5282044547363774
-0.6940554897631476,-0.5342010611059563,0.11158714158528041
-0.24192035176180005,-2.1068646380123948,0.9469167274087937
0.47336291260094604,-1.9795201653075916,0.8204894829790782
0.2890341899884365,-0.6007990573388299,0.0383945657687407
-0.729328626806368,0.19854390788940784,0.10560139537764679
0.5774647077284731,-0.7954339507806316,0.11702141047791395
1.765247873909723,-0.5987221708483913,0.6446822994240571
-0.6739729086304898,-0.08864847443260478,0.09091756117834389
0.006417051724942463,-0.23262235128495704,0.001267028722891639
0.22378912225258005,-0.4937061311631591,0.022050191070926015
2.088031186459256,1.356528916493756,0.6223503703676933
1.119640625281023,-1.0207266572032119,0.35706679181796364
-0.5013460492369922,-1.3752387504580483,0.3103659495071281
-0.19348397955679886,-0.1553281924192427,0.007861968027951092
1.0951009440021835,-0.8055831435172714,0.2921286776276702
-0.9639856620285828,0.08089543660415512,0.18580073276589928
1.6141084868115492,-0.702928609304536,0.5558015506369928
1.599300362061863,1.8103681736507575,-0.08178369610057101
0.6131371815630754,-1.3804774789616023,0.3382675283605206
-1.1028709110053678,0.5524624939472788,0.2264028759098079
0.24324991079121464,0.2967696632752302,0.00922038712565429
1.343378113091682,0.5544494193249433,0.3438883907745174
-1.2956994030838196,-0.46578621097755424,0.345872936948352
1.3256138029035336,-0.9623262225857157,0.4405687046266812
0.8129603681095364,-0.26295670643423275,0.1339991584994402
1.582058151041351,-0.8703727892927828,0.5665165841968232
0.49914686669922415,0.2144165889047688,0.048843749926582566
0.34787369128425216,1.4912335400428298,-0.30741393400948147
0.041002425101552324,1.3568547192767355,-0.24946814000653078
0.7284060797454026,1.5320059042940184,-0.2534531506699381
-1.7956304493433761,-1.513858789214254,0.9917991207390331
-0.40950482411811484,1.4047999369283488,-0.2436932103231283
0.6349439713292468,0.3119368074170793,0.07759548159736075
-0.8389332238269976,0.41700801446047964,0.1335102014121609
-0.6945393463652102,-0.3434573738366661,0.10052850583753956
-0.19196771269578952,1.446898165525417,-0.29553987967627604
0.6880578095857061,0.21270203589601014,0.09372239999584292
-0.006034676063582181,-2.205084445684467,1.07220697378901
2.0432764721686243,-1.8834348267569945,1.5031116219946246
0.03840675810286921,1.1024541828596444,-0.13369784163707193
0.09701347128024343,-0.08252997853375188,0.0019385355191329564
-0.4056030627936845,-0.25981525401895583,0.03465662492262143
-0.16416294130614875,-0.2500191312167891,0.006952752997422963
0.2938793895760958,1.087671608820708,-0.11140174394571913
0.6996413721647463,1.0012272643351197,-0.002469021409794381
0.41417027370624876,1.486282069426303,-0.2940174173207852
-0.1619656504790027,0.9990398186210908,-0.09446564769527031
-2.3657463542528463,-0.8159881903740323,1.1736826531131757
1.531833246271598,-0.704255543861943,0.5042319945581923
-0.9893727370918493,1.1117343547930254,0.05836651083676542
0.9283186944058501,-0.8647136924730718,0.23701233671126276
0.6203817022956994,0.4934018672087131,0.06496304968976499
-0.4455816382504498,-0.2158269532718583,0.04071394870867532
-1.661170926144186,0.23868187963939333,0.5505380214264209
0.7081628900741943,-1.7292148537970307,0.617365996445903
2.3341423591043866,0.0452466196540787,1.0896348473690516
0.0464261729068705,-0.4537782092536678,0.00977503661845602
1.4293924486831264,-1.7887190126676165,0.98093601198539
-0.4421699431152941,-0.2098433739181153,0.04002688110096789
-1.362053134438294,-0.45940727085671546,0.3807337702230379
-1.2748366450662016,-0.08476505167079802,0.32510259897654753
1.3224735167574677,-0.8031999786580308,0.4016040972512681
0.6717011337179001,-0.8962261852740417,0.16222328550757753
0.05783084063803965,1.820733528145516,-0.6029171341851431
0.06462759556608112,0.03413186302809523,0.0008313689140470112
1.1565996756146875,1.324402635579815,0.03523873197518321
-0.05930642389463917,0.6090983520196778,-0.021894147352963026
-1.4888731902633814,1.221593623354255,0.26105136072559304
-0.3082382973395949,0.9255080448453726,-0.06027362331040148
-0.9752735877131831,-1.2565720949886594,0.38864110925280226
-0.4634601529083277,-0.19401939635311535,0.043689420089002506
-1.5775663906243258,0.2721059020732804,0.4957284271325126
-0.26580346044590836,-0.929520309496743,0.09444159480981713
0.31149552603608927,-1.5293248542123934,0.377089667107285
1.400861215933897,-0.9742710297928359,0.4849606289656535
1.0477676074296443,-0.5011511088652676,0.23214992391093411
1.9122483249099387,-0.2781460916402609,0.7334906153683697
-0.5823941779910217,0.13755949322191124,0.06757629718992644
0.4227532201895006,0.17070518785210675,0.0352466176605872
2.166138908586992,0.012908291812760249,0.9384313391757707
0.8235015052765586,-2.3747759524810923,1.4749002886920952
-0.5102612534012327,-1.3933890490264624,0.32260439724169976
0.19264363390409545,-0.19111766290591545,0.008120389568352395
-0.35482046477146345,-2.0317013004228826,0.8638272423140384
-1.0199122144662474,0.4056258880839439,0.2013703265351689
0.95786432366486,1.7230982792744425,-0.32809872854238986
0.811096593773389,-1.0250376928440528,0.23927648013632985
-1.6566404391279532,-1.6108828282548395,0.9669064991587352
-0.31609044318333357,0.5692074124933397,0.001540479787093943
-1.9152838619818975,-1.508500230073097,1.076932685370569
0.1417859546164205,-0.4722456036740038,0.01455247969892914
-0.9140311560966918,-0.1999630983595695,0.1678901481251047
-0.4074547393143408,1.546866967405138,-0.3369300551543153
-0.8663611903438929,0.6917706476816708,0.11701189127831711
-1.505694173876413,0.45549188089123793,0.44397276901898153
-0.45109244890004063,-1.798553684932558,0.6224921905295576
-0.18473261946488023,-1.282770519785727,0.21790514365001695
-0.14193126380799606,1.188924643276232,-0.164030572181435
0.8907898486422062,1.1104626764754628,0.021767120488120628
1.154918259136039,0.5656717927851775,0.24866661211500085
-0.0009453327142797184,-0.7001495724504452,0.034322170579440966
0.3322501825197464,0.039851294375619135,0.02207170787054915
0.4573964702204604,-1.8392513759286293,0.664032653017038
-0.3060232027131125,-1.0903481462752882,0.14835706953518493
-0.35420789648095785,0.8002515963948108,-0.02615567491568232
0.7678925798866638,-0.7298849065467349,0.15681510575945748
0.615611823001975,-0.07477928122297707,0.07583739945607905
0.2642567955655993,1.530736292896887,-0.3447086944884921
-1.0625881066317646,-0.4145013145835125,0.23294029949144718
-0.0007920688439855342,-0.1892027538918075,0.0006774274778632775
-1.5268697096862405,1.138519266388337,0.3186883809570117
0.12245443251804955,1.8458540833154948,-0.625916194996221
-1.4822122410724252,1.002862113719794,0.33852953154801024
-0.29623486624455775,1.4643579965677147,-0.2964577592808304
0.7376404450662246,-1.011870827629656,0.21242637577258616
-0.5103140056595192,-0.5392912477713109,0.06776855657129922
-0.8905708206857995,0.7504689587764777,0.11635659104502648
-1.1877439556817704,-3.1261879850767174,3.337386701650581
-0.18927181051408315,0.21374039649501425,0.006188291566746167
-0.4190135686287963,-1.5208894284995065,0.38691211562482036
0.7146511958077627,0.1226571265571627,0.10196073149957385
-0.46059622338014927,0.4115873451536684,0.035457316063603694
0.4501216243303558,-0.6353424159283514,0.06616812637665848
-0.8656670875349953,1.9790770951931775,-0.6252783577731769
0.14925953687483598,-0.23432784432418685,0.0057423652515158335
0.6756832181242244,-0.4060342739637726,0.09800359886895241
-0.7098501799284264,-1.1991182449059725,0.27319681721684475
0.8775494376750049,-0.17084632329265606,0.15451727732572873
-0.37942568601533355,-0.3441040735849514,0.03286722445506997
0.3178410741820899,-1.317405244925784,0.24884772373860853
1.3655524653210898,-0.5402507637986956,0.38871505411455015
1.66922563021933,0.4045297086780712,0.5506429434142172
-1.6365913405442332,-0.7781371753029045,0.5828022517858478
0.47461870058739203,0.15760863310371512,0.044661074760241594
0.6216330070350181,0.8608139242846001,0.013499154594925247
-0.6772609554212481,0.30258272191129837,0.08896614479250053
-1.3799500199441501,-1.0415580326827665,0.4938451197012255
-0.7169867379645259,-0.5315442286120152,0.11783220815485909
0.6465079649883578,-1.702791488334499,0.5773187064475616
-0.06948058553498467,-1.0638634182285944,0.12137414360441975
0.28536706706493553,0.3757278648186579,0.010982668656390856
-0.6020359104582892,-0.1644487962287757,0.07293417306208687
1.2666657302289905,-0.7243143218312196,0.3588882062774462
-1.1966583318238306,-0.8916583891619952,0.3572899504153244
0.8978815623563824,-0.13713736032006588,0.16149616951438994
-2.21341364474418,0.22549341011654525,0.9786934199366716
0.5768051312882946,-0.42425942841006403,0.074177334559356
-0.4685682609092051,0.7007474005040661,0.009501257802869471
-1.1193473378797334,0.22302032911436115,0.24947843255208202
0.4925130559887959,0.925930150307886,-0.0308704885610833
0.3738037095719316,-1.2693680090995183,0.23247849337185067
-1.184209337342326,0.1542919922257759,0.28010304312198564
-0.9467222288945324,0.2871941344942587,0.17688780499167317
-0.4481130091049431,-0.22841953309364024,0.04135284373465177
-1.2631711361552949,0.8512218438983247,0.25744254830565994
0.5392767242048557,-0.15030380348293396,0.058503431883482844
-0.03262243442054636,-0.5325782756134178,0.015318874598674384
-0.13869267102340696,-0.5516106774766759,0.020631228854503976
1.019463108022024,1.75617988517686,-0.3337743376491623
-0.13097401613832,-1.8703446739986478,0.6577127923834291
-0.15042332446290005,-0.06087376110247083,0.004547992779445236
-0.2244106011322105,-1.7423548405962672,0.5390161741358555
0.06832924287325078,-0.36918564550848915,0.005965705105583578
-0.5925342058489862,1.147208222862951,-0.08076319216149763
-1.105416478424099,-1.753622878048647,0.7836620328704296
3.2854742957427523,-0.020161814062727056,2.1588690891724807
-0.31264447733019146,0.6944677453373679,-0.013943855018395304
0.7304472749835186,-1.163215876301519,0.2641020315447957
2.6410158508308506,0.03940020033756782,1.394986828476261
-0.8906655189155875,-0.38839593851191906,0.16451602062115744
-0.14228519266519787,1.4886932575095733,-0.3258763181520539
1.039734939065762,-0.10494415626942626,0.21632532659789394
-0.7504056943114705,0.7277172654265832,0.07408384199468106
-0.38121017917508954,-0.22581812676703975,0.030215773176244957
-0.5534282920147378,-0.10394764498251997,0.0613688914844156
0.4984138773547548,0.8069294437949466,-0.0028587319798262303
-0.09877902724011627,-1.0148367405937349,0.10646884668355121
-0.14442599243476684,1.3999341049202592,-0.2701894820586382
-1.3699335143186955,0.036115106753825725,0.3753388562339606
0.30716183774957184,1.7400774063680573,-0.5080030308697779
0.0012215685659906583,-0.1701397852444658,0.000492811380830584
-1.7750063848098763,0.4754725582819332,0.6193803276020398
1.7314528457587572,0.47759751813239515,0.5886918211942479
0.6137707815105654,-0.9502922501339476,0.1611595655153706
-0.2653463558886205,-0.5558654302345822,0.031257222229314575
0.6776171451496914,-0.43091384572762603,0.09983449790869935
1.0158265317144268,0.2536324761283778,0.2047491051703638
-0.6375295646207586,0.03192850530601837,0.08128553426724303
1.4415334487079738,1.4950414189576613,0.08143972675760452
0.3305934039376556,0.7415486960142672,-0.018918952865229578
0.8108946858599421,1.0165003008669344,0.026477820835414917
-0.34544269006605366,-1.5647347686201196,0.40697499255247027
-0.9431615274303872,-0.10798202599270841,0.17803664168078462
0.6109764489495394,1.4086275864151019,-0.20484590360142196
0.7820682758045305,0.232228913406554,0.1210737408450826
0.47486450853565026,-0.8556681917627067,0.10774855181037363
0.9218388864230145,-1.3587288922280105,0.4207983332301353
0.7211076679579812,-0.8272126113589815,0.16060381659577244
-0.5143192936970796,0.04626940520067602,0.05289496155184343
0.0022318733586110433,-0.2677231894880066,0.0019199211187271048
0.28863651816299285,0.6380169524617297,-0.009309269450904715
0.8372932577542243,0.42878526507398984,0.1323284910717848
0.7750927267474994,-0.46996647752670107,0.1305338256355151
1.6775282251787997,1.9688279721743005,-0.20035336557476213
-2.1098471990583425,0.09453292766861957,0.8902065615659314
0.28657795472042275,-0.7818388926767965,0.06421701141669219
0.1370953822556554,0.674402218993512,-0.02691402188193126
0.2245784053360069,1.5659642622961987,-0.37392556569966046
-0.16081331362860743,0.38054569376849506,-0.0003386890493709384
-1.8844719909597751,-1.4549318896306191,1.01823081906086
-1.7164314358672386,0.8188980566534214,0.5343125602396644
-1.0304881669474537,-1.813173770409373,0.8084800219525763
0.17662198700826423,2.812635520276765,-2.2188139915191734
0.8877256666082769,-1.421606846271919,0.4449132856055167
1.132054635204935,0.003954862516537812,0.25630953323201994
0.4051851130150747,0.6131541813716914,0.00978297011583196
-0.25214881061722705,0.7526544229644407,-0.029921216547695757
-0.2498817717818935,0.7284198725129498,-0.02616145145017664
-0.5792006864463297,1.5911959541239225,-0.3357809428773738
-0.8874287405471126,0.2518616987066439,0.15590828646965152
-0.16435870004270942,0.9892971470096082,-0.09142063036325901
0.4294378010174397,-0.7789420758847687,0.08414573445422704
1.1120951862998534,-0.9052618193675699,0.32153725277347006
-0.9225617780786559,1.6622373851581307,-0.28905764874259243
-1.4694238478469122,-1.704875014382852,0.9273800585202914
-0.16131568648405906,1.3285133028032863,-0.22927108582600864
1.6820299790284503,1.5536554791749346,0.1908165649945921
1.0265386705005686,0.970370915901865,0.11938428993451816
0.24333522683858688,0.1502029975144014,0.011503534435698997
1.4206490827641947,-1.1891753668885308,0.5718145770979848
-2.6152792653471857,1.014562730595654,1.2635043771991918
0.09792505837437891,-0.7329152306865435,0.04128748500573232
1.166159899375578,1.0941962607315046,0.14098144356722261
0.28177923245435704,-0.6940178310741514,0.04930802206087949
0.10070573605997367,0.07175064717910293,0.0019913907071141598
1.5575632471622856,1.7727011787071447,-0.07186527939078097
-3.015233692833449,-1.518544566312332,2.1684998199126806
0.23713278600268506,-0.43245764980739004,0.01933419812421819
0.4129303834195572,-0.5338145628202334,0.049313772661025795
0.5597585351498553,0.3669873875274963,0.05772334684550118
-0.7000288763798781,1.8047967974038917,-0.4898668375638065
1.0456405558350323,-1.9005767236063014,0.9051976156739732
0.9351557222687874,1.2910057572447875,-0.040268150781575834
0.3225741537679836,-1.4387493137725151,0.3186318655931271
0.7080841035385106,0.8536569812176654,0.03806805372172545
-0.43291705074846004,0.4520082261803737,0.028248389564106316
-0.2955254621983151,0.1083025429729209,0.017340026934720552
-0.2592662036627989,1.1431087166635894,-0.13592594171355585
2.449371432682902,0.08895981718195944,1.1998136815919442
-0.19752723555111765,0.4695670931559114,-0.0025502359230111984
0.39404653768496356,-0.6724670350374871,0.06146429522093911
0.44743504199383544,-0.6640241070461151,0.06931830648663267
2.042257269952455,0.2197918919789344,0.8331011702057073
0.35862701372139927,-0.7059627279985454,0.06090667557617846
-1.5725311149693633,1.510590431878598,0.14987169045061638
0.07841302576666813,1.131053325665938,-0.14346385317653096
1.2573475847800522,-0.3911290070278549,0.32216815565989043
0.08307377542139696,0.06264965834705244,0.0013556605688868977
0.6105507886912279,-0.07118386459271485,0.07459052299341305
1.1361028769332642,1.0490964877845483,0.14268202898891352
-0.4104016682839313,-0.1469880171103501,0.0340034804909002
0.8842829681480149,-0.984147746174203,0.2517105872314506
0.27808260299894794,0.17534481267969249,0.014926875105511082
-1.4514052461473193,-0.9832414759243139,0.5163716642648315
-1.2005691477794984,-0.8160138358282208,0.34260986916763136
0.048303469725702854,-1.6242605632012856,0.42898270145690187
0.2105839093634391,-0.6234662841464472,0.03310388744250593
0.41278972242003664,-0.6447069931237946,0.06087613064146584
1.2360502015197223,-0.42202492916445933,0.31308049685966516
-0.04570562176807262,0.6702706784920488,-0.029694966228902227
0.983847570933602,-0.15041777279373467,0.1939315363940739
0.19587782959216357,-0.39302588083041057,0.013744669784633361
0.8264217837742306,-0.3385176054238734,0.14047380731401618
-0.6385614961129004,0.6900388389687752,0.04869570918142076
-1.7413700057912442,2.0621148367553777,-0.27040282193484677
-0.49095405008782766,-0.5901350847283755,0.06875918598783444
0.19362644732454332,1.2290513282604185,-0.1781582181433806
2.695775847992796,1.109869438635733,1.3167266382451444
-0.47532800601411945,-0.225768980238827,0.04633812400793712
0.30563102015605775,0.14949765365013798,0.018347943591031406
0.826941014344994,-0.6689322973417561,0.16669902974026513
1.9000676696026257,-1.6849309296118584,1.2004020128135644
1.0080321111105113,-0.26335776057291616,0.20505232599150064
-0.9064603767757368,1.4768551363724496,-0.15778295240411194
-0.19478447384767084,0.9786843398451853,-0.08615244242075931
0.16601886932637003,-0.13322480859389124,0.005748911703884891
1.7343111169354193,-0.8353484275142262,0.6598582076926024
-0.43147962415995716,-1.7491102261711045,0.5723553690784726
-0.9188400690622491,-0.060313735076862184,0.16887535511156943
0.08431894142043656,-0.3895676954435737,0.007334132577269504
0.22088517132325686,0.8401452154674854,-0.049543092742420705
0.10016789402337302,0.8395938138697889,-0.05717773869140727
0.3543862283851077,0.14170772503977486,0.024833355366900293
-0.35523868463167885,0.7995717434509043,-0.02587891413983141
-0.6287239364755858,-0.47576038020199546,0.08982749582872973
0.602422427538783,0.769403334633455,0.027035302892124982
1.7121639206851644,-2.1522377903592234,1.5832450451306428
-0.3830684528094867,0.7502046606146758,-0.012873757996355626
-1.285524331612378,-0.5688946478115726,0.3489263315490236
0.0788761059521091,0.4438694015067604,-0.0075008289542293285
-1.0950081494843216,2.077217642629267,-0.6564761817838208
-0.0038972033290665146,0.9002285826310414,-0.072952522049285
1.0271843893193278,-1.0020394174346465,0.31163462777793915
0.10274987398274732,-1.0811588724585384,0.12848865525428227
1.4817591887043655,-1.739325207630821,0.9653117959081148
2.3740563567020625,-0.797361601472058,1.1779238132807315
1.0186675926709827,1.7273841985705682,-0.307889866923581
0.2014870451025574,1.4185072963607623,-0.2773073767110514
-0.23078942877147235,-1.3850118879695954,0.2763337557853959
-0.898317090650767,0.6173435160764111,0.13786695408710437
-0.42629238589928775,0.15609166725583268,0.035964728417507995
0.8372691722516704,1.6188112073434007,-0.28401359306580176
1.239949196847102,-1.2213221876661218,0.48967062545413576
0.6017493636959346,-0.7798514069864781,0.11984854331122911
-0.8333767635904963,-1.140520287947485,0.2872607084768091
-0.292829806302917,0.6215829325963674,-0.006865951147426337
-0.32550360107927584,1.4202832419117075,-0.2653096540126549
1.0353352015079231,-0.894429931504812,0.28593862889947397
-2.185749317066607,0.8618563898384773,0.8914816298790467
-1.2348467851134304,-1.231997932396639,0.4919642918651738
0.9732310542536154,-1.5481756542663168,0.5605098868283536
-0.3324501595828091,1.3201277750506613,-0.20795897531864282
0.9543450546731171,-2.090988347937474,1.0963835700334976
-0.8246058761201034,-0.15062204412790778,0.13633668642054372
0.6762043891655727,1.6529721334882337,-0.36019389008746355
0.10228793724764858,-1.7246174616481786,0.5150464654394046
-1.1825025844831105,1.8793153880982234,-0.384079084157483
-1.72112398709843,-0.6153384242539066,0.6157528145819905
0.5555510755469919,-0.2356405395362772,0.0630358280988402
-1.815146202635299,-0.7536165527575357,0.7017518882734727
0.84452728984232,-0.6694574482923691,0.17264856237007892
-0.2771774786240012,0.0032869566363619815,0.015365467380016193
-1.5790967889252867,-0.3883560846797282,0.5045665376460421
-0.13778864913470099,-1.767471173923508,0.5559470687088498
-0.2720893829266859,-0.28542424500956076,0.017131792146808444
-1.8484478239857218,0.3842952326823525,0.6776764910067129
0.28426608330728015,0.1020413361260421,0.01605519135316318
-1.1899981942078537,0.33309414374132695,0.2795234040064894
-0.042079224873067374,1.666892107051584,-0.46279672313003983
-0.17374112929013813,0.24683572441873475,0.004533278388829869
0.11786766840689598,1.4426679438639534,-0.29748259391014203
0.299219113920954,1.5575771006251204,-0.3599690199414771
0.13364148350694355,1.599182925344639,-0.405400797840623
0.5727834383643755,0.9618307505922278,-0.023364558358985488
0.07375582551062948,0.7226437076891927,-0.036649476573324714
-0.5109183642170256,-0.9612123933170056,0.14101674099183123
-1.3838427771885353,1.2019781921300494,0.2093481778532022
1.3986575929881704,-0.8748829160529747,0.4582139108639705
-1.9355585708086234,-0.6368011111621831,0.7751006781872065
-0.016169171566667254,-1.3303333176109702,0.2354929144112985
-0.01652525016920995,0.18333317905883964,-0.0005615853694728734
1.1110492740922715,0.6818962626693871,0.2151791141071642
-0.8291812094569468,-0.17629627167638598,0.13805623105395257
-0.4145932285943479,-1.2723155312348036,0.240338269181303
1.521921249754318,-0.5485421540994464,0.4797544089423562
-0.7741659336380029,0.2468853152410364,0.11836175432740166
0.4480140274901805,-0.32892033047162494,0.04370185623918959
1.5064711688142174,0.2995911791943487,0.4512020996201797
0.5396537824789328,0.6596488375958128,0.02954150647969666
2.48873314804858,0.715444252333979,1.2021377727268105
0.020611902167526137,0.8379397358321744,-0.05875038196573119
-0.009236641705833545,-0.03311877286220458,2.0695752921252435e-05
1.7407760357220607,-1.8429651311600979,1.2320271215180187
-1.207024096785717,-1.0961180008685523,0.42307723558211385
0.5813410221377635,-1.0198743383776983,0.17367306013028272
-0.016903559552284626,-0.7148979609598396,0.03659408632587613
-2.241390869661806,0.44908614278312736,0.9957095102796791
-0.7759068996800101,-0.37578471667696434,0.1257129154526194
-0.6055503084341846,-0.11007621815093142,0.07347161207258318
-0.5131506718894162,0.13182473335142292,0.05243564055002713
-1.139493760978246,0.9542980761289747,0.17278272927406968
2.6119733158414076,-0.7571275784955909,1.4078826661488566
1.0387534193509789,-0.08929955270242419,0.21587294436828444
-1.9100935660216045,1.349113347335578,0.48413844521345945
0.8178052859785412,3.5151517151267333,-4.2096628569754015
2.853365494322226,1.5700575736382345,1.241307053298225
-0.28747576493061855,0.31204615810893527,0.01348998212057071
-1.0762825994877308,-0.1133657117041917,0.23182254196268706
0.36075783329144673,0.5955545168045234,0.004905806608894413
0.24733595601957642,-2.0841835365777435,0.9175670393794826
0.19738273643795032,0.31152103413601373,0.004768822003036938
-2.394931433962437,0.1555284430363094,1.1467631054231138
-1.0459148082271545,2.1076992077365215,-0.7175358852747136
0.19134897574605694,-0.4825892131579604,0.018562019632674096
-1.8831323308182895,1.5033756370504245,0.3694537885026016
1.3904116776534725,0.16520433327265371,0.38619804321144297
-0.23784843747355083,-0.9471162589987913,0.09627347061675276
0.3834379011856594,-0.5923544333349747,0.050189680765520606
1.7578699947195668,-0.765168198389324,0.6628206328309828
-0.4362978186404965,0.12945301935511677,0.03785421885000046
-0.623511576024366,0.4269107176452034,0.06997277139496073
0.029927741292866076,3.1606367644964566,-3.1571783931374204
-0.15847109954729352,-0.4258732641390096,0.0127465976757302
-0.6863270232276166,0.7803516093192409,0.046689551895988994
0.6822011643468475,-0.8363311347111265,0.15157684744865943
0.37635587306534757,1.5895744809825663,-0.37331651133443616
0.00013910060092826211,-0.8040017871418568,0.05197219684169295
0.5848156280009856,1.5568054027893423,-0.30891219760860134
0.5640840035451343,0.9188465841162851,-0.013938139055882315
0.8266430905153781,-0.14960953658096207,0.13700263104610721
-0.37827660376521133,0.3969656317249467,0.022363185375393127
-0.18548652388372489,0.42822315678057055,-0.0009714951123103947
0.5899465569565818,0.100282049716982,0.06950653947502909
0.3547375057075821,-0.4722157687391495,0.03569757193131738
1.6290117032546334,-1.6237822140440874,0.9588733963393492
-0.790719588993298,0.7224156066712212,0.08734575673088618
-0.9417623887724362,1.1369679930957477,0.030407856991920196
-0.6060391152355064,0.05821576530760435,0.07343695207768293
0.3432832261834311,-1.8764150340259154,0.684241907464052
0.4010180169080552,-0.7846817403092052,0.08047794045397608
1.8634783540198312,1.279602236259725,0.48499056326506385
1.4675557866922797,0.9448748149359486,0.34638666848572913
0.7949287068970452,0.1823797426504146,0.12577569155209528
-0.9876098913818582,-0.16966841079601686,0.19556309023653415
0.08513258407737077,0.7322198666834411,-0.03780815899622351
0.08845698477052139,-0.17865256648775177,0.002135128373724235
1.0254216298173147,-0.217436138844872,0.21132590867348824
-0.308472771369493,2.1819660232993896,-1.0197976372349868
-1.7204169458036829,-1.447912094609079,0.8955143425629613
0.34303716226045705,-1.0660426147487099,0.14468497677672684
-0.23986518334694393,0.21047177573218648,0.010574705610917843
1.7936050864540556,-2.0617973450103757,1.5198756022147397
0.9135558169635226,0.9193702514843518,0.08920784245268476
-1.6143967855256278,-0.36032110899230463,0.5259334920800142
0.8279848623447116,0.42017868712852247,0.12969352630792094
-1.187413145772142,0.14822967000742154,0.2816643049997095
-0.28218781378877006,-0.09333065390521406,0.016007289151843018
1.334346636181801,0.16780012662717925,0.3556237162531104
-0.3457729858920943,-1.6397951818261653,0.46484094850522223
-1.0635255973306257,-0.9300023994702689,0.30665366182764986
1.7052152882409974,1.3437855676977963,0.3388964599476368
0.34105436724725363,0.023672638217192926,0.02326228968371587
0.09533902710796231,0.13012258045310754,0.0015975839488843785
-1.1445671393696653,-0.7694184971082296,0.30755673347758594
-0.5875653448563954,-0.8117357012231898,0.12253307756598389
-0.25877698361494983,1.2129317107382187,-0.16505381233637212
2.033961097211167,0.2763201464211346,0.8252897666617955
1.2446961083324037,1.0437244755823107,0.19615442944000103
-0.2581528843676394,0.735392795227084,-0.02644164852558338
1.107036609351696,1.0415852678602415,0.13210443869615224
-1.187313624842573,-0.8832018353036579,0.35083648886936747
0.31275233275565684,-0.8013567444928066,0.07102374130253189
-0.7590988789484718,0.1599114203643609,0.11483730151921166
-1.6972537075054628,-0.5100336914774338,0.5894017586478686
0.8764397048385629,1.1270565968300443,0.010464206277936816
-0.9289259507059746,-0.7662251327226661,0.21756583502024096
0.7183485093742832,0.43137330297939264,0.09517779551980597
0.452065658529732,1.3610133460408074,-0.2112356325938376
-0.35881512541633515,-1.0433788258112684,0.13933598603889796
2.4761575794299095,0.6431654446484107,1.1996659747758072
-0.2866199812924038,-1.3200735211497074,0.24646543585114877
-0.8006256392926359,0.16209270864325173,0.12777439972706686
0.6284411996088086,0.8416709357725531,0.01936286053164625
0.18624943483521872,-0.49353705554017974,0.018959288012971254
1.0751061483209785,-0.6603714972406484,0.2599688206220685
-0.25983069823487787,-1.7539649721135764,0.5530909762387547
-1.8415672367649312,-0.8150401924216472,0.7324163244435646
0.2892485117316376,0.5597642207738183,-0.0008064869207263306
-1.145393333931375,-1.1196528076605912,0.40274736295982155
-0.6968615889259199,0.30382957475131206,0.09431849078161876
-1.2305594046996937,1.2261972179203071,0.11848922773582357
-0.12788285140356012,-0.7747576716811133,0.04977559135433938
-0.2886919066473863,-0.7717756054443854,0.06263845918389621
2.5320851075409823,0.6425334802345719,1.2557640503325787
0.09506885825420916,-0.1874961272931445,0.0024667564053402896
-1.3886819681231208,0.0795924347384505,0.38563710026350645
0.641630334522986,0.09194379631012498,0.08226017106125849
0.6283793919860036,0.26885786632900127,0.07702870500489736
-0.29482155175581304,0.160993785511843,0.01696666969980005
1.6633194966929434,1.5190612525133482,0.20279581250788747
0.7620435498192486,-2.3974707345847244,1.49417610808076
-0.8334747306814053,-0.6467187335386754,0.16598472078844112
1.2378794563600466,1.6382787162196284,-0.13323787804404336
0.8499340886469612,1.2317996521248638,-0.04242711278187308
1.1453581417995375,0.6095114251702957,0.2397254505341187
0.09493561439457586,1.3620349937089957,-0.25087391358523736
-0.03267274259253893,-0.40015485012692115,0.006620937305594601
0.27667090732863997,-0.3232738883124254,0.018687764511524117
0.4271949712763481,0.26805794671340233,0.034572976637348644
0.649453368820796,0.1783047850269069,0.08379105844853221
-1.4037109198827096,-0.25862320692892504,0.39581069554874637
-0.059507048980916834,-0.25312296376463284,0.002330007859767119
0.5252395075404537,0.9777900686933584,-0.03830860129251304
0.708666467914616,0.7442908652309937,0.05921023395060725
1.5417215170803342,0.4899422639813731,0.4636203054811216
0.7152416096495535,0.7129797368675698,0.06607049259150266
-0.9810247002659938,0.15826855271073173,0.1920854466409841
1.009428611357321,0.326539574990283,0.200307395034538
-2.013946403095238,1.3624851456794285,0.5582689439514232
0.4817815226690302,0.3174134725337396,0.04322470471930437
1.6410413231919503,2.1100616201206828,-0.4008720792006194
-0.15122426255591628,1.4007158084201476,-0.270247355070919
1.2145594108692508,-0.19851889778796966,0.29581327057458967
-0.17336928731276452,-0.9316470634540581,0.08687520283413805
-0.5718624967262501,0.4831388243862395,0.054127765678912844
-1.7437117468173156,-0.8784644596853364,0.6758972165911649
1.3121719913977656,-0.7279971396227861,0.3829414474172953
-0.3875387114215011,1.400209058604359,-0.24448569424653935
0.765410617431066,2.36377409496572,-1.2035710671221334
1.1095839815697894,-1.6997199200187079,0.737292533092122
-0.8547031654835081,1.8884750997854705,-0.5273905890678264
1.1591191853214537,-2.6621440247543724,2.1553758048872735
-0.9964355170112023,1.7265361699030624,-0.3160911058263718
0.302551254934476,0.6714584349237646,-0.011965682902429754
-0.6188120388777577,0.29212644414485317,0.07409272335117785
-0.26275224356961036,0.3677562874104612,0.008834039904438809
0.016099401564021298,0.7868603285614165,-0.04866655431167536
0.4715654992723674,-2.534692473126699,1.672930042376075
-0.24004187910590913,0.045494994658950016,0.011514604215789405
-0.9683145412638838,-0.07552205637876844,0.187569684781199
-0.29787489030202435,2.9692914781601365,-2.600186917105617
1.0840083662719833,-1.0473344572381476,0.3498979355793863
1.2990301894264717,0.4508741669066099,0.3283301777392471
1.9602943473528545,-1.451057117223379,1.074080548570608
0.09460641261173654,-0.941961843147232,0.08536960616764716
-0.7304648958546947,-0.7123279127836207,0.14286009861190502
0.4247622449091411,-0.9102189493053264,0.11149609960431445
0.5221123926902844,-0.9633213358477123,0.14391533372546833
1.0030858741315112,0.09880262170465198,0.20113980347154803
-0.5120634054962439,-0.08232498337678523,0.05249758120769127
-1.2127756430164576,0.6061660405457405,0.27189215262645366
-0.369164903669468,1.4362442785998184,-0.2690115838649839
1.1232510036191912,-0.6168952594058632,0.27581511467923336
-0.10716454091864538,0.22129878399623212,0.0012130778719201057
-0.39980224188576063,-0.6421078773941444,0.05844263651837434
-1.044555755467151,0.6896604121812521,0.1854169247167615
-0.1076616493782448,-1.1457509553392307,0.15272611877010425
-1.0552820495911825,-0.8974863077296185,0.295014918063041
1.082617521052084,0.6394936731661095,0.20825990760968333
0.7736626900442203,0.9399167241513972,0.03667446439966476
0.5195153816092399,-0.2550157762643836,0.055637691620236816
-0.15392496375911077,0.33727939448839567,0.0009017765336765192
-1.1684910950284353,-0.08349510955106551,0.2731324958910197
-0.22066750046211644,0.05450094972926368,0.009722640443244883
0.8913902598627139,-0.019896121600726555,0.15891610667484768
-0.042537101219221066,-0.0019251034545876874,0.0003618817094746795
-1.212384197844848,-0.9166111168112057,0.3709865492555854
1.7339153329632977,0.6949518248868387,0.567729219328371
-1.881739166864213,0.035053103416583124,0.7081841513770342
-1.805686472837572,0.7715581944165445,0.6061697103574898
1.2925503896313157,0.43545199522525485,0.32588032913792064
-1.717783153058501,-0.30796877573285514,0.5930767148587404
-0.815896923973063,-0.815430756384225,0.18735777673276233
-0.9078299910111689,-0.039913264102589156,0.1648374169728492
-0.4994726074178619,0.04642457446527991,0.049884571496999465
0.20611259826448391,0.2549749405335012,0.006838831932171377
0.743435300271996,0.933427305238848,0.029210944970406744
0.8198832146266095,0.10389743676640112,0.1343295431943813
-0.0913455950222703,-0.8734386259936494,0.06830300251907204
0.7818815114086005,-0.6595081006165089,0.15095310606225334
-0.2682041820043781,-2.012319577422802,0.8292614397256917
-0.09146720328590606,0.7973152885621995,-0.04901301345562139
-1.5036546114794054,-0.8637556839556626,0.5166379937099813
-0.17428677697510914,-1.4936001309384441,0.3392736695421353
-0.8868480114491375,0.48476092586866365,0.1459083291311254
-0.8683972629498862,-1.935054055983023,0.8753910197849464
-0.44758141734202095,-0.3524129536060292,0.044442613826140905
0.09699774051273008,-0.6027174937780873,0.023776532926793832
1.254646389360927,-0.5139749996115316,0.3284052054628691
0.9071402580920855,-0.34834795588839595,0.16880776306951298
0.2555334277182528,0.6298041810191362,-0.011921924544128614
-2.125335463260562,0.004496190319996126,0.9034101571892219
0.18807525804534725,-1.4796988825327875,0.33105583048322756
-0.8004798981441046,-1.7162029031658517,0.6336358482689767
0.3817296573313936,0.9518463829328007,-0.057094874153274425
-0.796104489606922,0.6222070745480885,0.10266824472334936
-0.7907987091945357,1.6359806616130257,-0.31278669835618167
1.9122369440440203,-0.4529028540259715,0.7406200144473504
0.4979564800153709,0.6105973183713488,0.02682728723432403
0.4593481859733056,-0.25170244591841573,0.04379478991994516
-0.22561677719490886,0.17782487229319435,0.00961827381701656
0.5778454302330664,-1.7555601999430035,0.6078432499429862
-0.10342420614408665,-0.9483686960509634,0.08743589573347402
-1.841946104741109,0.23493859977732875,0.6772563200366172
0.9056134341491497,1.6341511451714883,-0.27236474846385966
1.4455968486996078,-1.1644027016272882,0.5758236864770552
-0.6638696547995832,0.929292160163178,0.007892407161280715
-1.3758077340025427,0.18047749200215002,0.3779815306431696
-1.0843680564299274,1.9159789420797002,-0.46818032205236326
1.5935620111213706,0.9413725921774017,0.4244651983742357
1.1418823383545542,1.797289828650611,-0.31979062284407345
-0.22402367434203432,0.33581383763500605,0.006250317336326094
1.2577795545835193,0.7413604005780414,0.27565558387381406
1.2713146583515194,-0.8820196634241201,0.39186567800506006
0.14995726493346065,-1.7369744290079954,0.5285565463006852
-0.7639694776261482,1.2018412923573718,-0.056866786902490946
0.1957937489988833,0.47178766662240584,-0.002834181409978557
-0.9028131917793526,0.3973824663613612,0.15673915308033573
1.199712256252297,-0.16765728554064632,0.2883331668441413
0.19857165989856945,-0.09479142571359667,0.007971314847028965
-1.8913441992488322,1.0875950376106502,0.5867889868248511
-2.70927475969957,-2.2373061852540106,2.5879262737540456
0.21341372718537027,-1.7377460751490232,0.5338669396340675
0.3042304983862172,1.052714893459116,-0.09815153553663511
-0.06495333880369397,0.1558020342143078,0.000465589119620342
1.3397065612660624,1.237219306927111,0.16958013791215712
-1.2395346420850832,0.5503950108966702,0.2906158527952174
-0.6154142406126004,-0.3378454181341432,0.07960308911719158
1.7389438294202542,0.0712788335581012,0.6047489139375621
-0.4221047698350393,-0.528178110113855,0.05036918384401449
0.7381212617750095,0.2852903285117064,0.10664260512756009
-0.5434210061703448,0.9672128992057778,-0.0314215653722499
0.5652479387983002,-0.20730683431943953,0.06479197087570754
1.2224568583665376,1.6866823046851374,-0.18096362195888466
-2.5195389925710385,-0.23002114738555732,1.270832382657044
0.77121103945906,0.39478730906941933,0.11280025614776439
-0.9457318220657691,0.5626201447161577,0.16107247749330092
-0.8123937580966459,0.3921040279891214,0.12596829795904335
1.418566133813692,0.1712019807425099,0.4019641801712875
0.9477316144357625,-1.1093422104236597,0.3161591478954522
0.8503299507507317,1.6143650983661757,-0.2761195378534854
-0.06400333768410589,-0.34161624483934194,0.004806003689405483
1.3617493427076168,0.2551017544437564,0.36921213120592994
1.9770501379246805,-0.412691794339173,0.7887741899406149
0.548506415994055,-0.005531896215688843,0.06017187460596873
0.3333042931116223,-1.200629670089797,0.19529051059947727
0.2644382405676126,0.9131856180601701,-0.062165760160948186
-0.16307686267246868,-1.9481944666530067,0.7447485569447817
0.3026343190482807,-2.8748776023600686,2.3943811987364825
-1.051278031707697,-0.31954233243580205,0.22429986054120502
1.8204872586742018,0.19797548514469654,0.6620588208874416
-0.11689661396741477,2.0124364061635616,-0.8122837145905025
0.38319319413783326,0.4422118800623666,0.020719891931975452
1.3758847573993922,2.6002607124660817,-1.3795170047715613
-0.6118640618496418,-0.6280890754845417,0.09965338171531665
2.0329884192103065,1.6035031790277001,0.41431204604979294
1.1684795496993465,0.7677854777130741,0.2278083569291493
0.49019811696346205,1.6733947149075135,-0.4205334948276052
-0.19075909415414483,-2.1828915921629037,1.0474290778903703
0.16435417781847433,-0.14131214211354262,0.005684647086929594
1.4048147692220752,0.13653999780716014,0.3944463533121325
-1.232232539520489,1.1580531705428931,0.1483743841733068
-0.015143338669052995,-0.15237080621743418,0.00039962134823653093
-0.44799378637503445,-0.03520311071818709,0.04014404910332147
-1.3117241602000045,-1.3341227461057845,0.58158236099103
-0.64851828831,-1.9146115294099473,0.7859614855282122
-0.0001263178407562225,-0.11594397962497013,0.0001558667573841055
0.6877730835794152,-1.7741937379135193,0.6530805776571693
-0.42936336237160283,1.1905844651735689,-0.13189374092127837
2.9392932702944314,-1.0891642623365745,1.8570942321214627
-0.5745086871990336,-0.24150958006749487,0.06742069629690824
-1.537000143041495,-0.7886102692139707,0.5215180461087839
0.6276729958542947,0.22911398017550777,0.07759198498196318
0.7378269730446193,-0.9435725609503958,0.19288674666696792
0.44694535577905414,0.04000805353213416,0.03994562634401927
0.28864118193526905,0.39851870572184867,0.010333585524250902
1.3000215033823956,-0.01825091132830786,0.3380117897814507
1.5463226850423137,0.1558218751948093,0.47784442662454574
1.023459911067721,-0.27766503090425926,0.2116347761411506
-0.3860216595493688,0.5709887393111375,0.011186704640405758
0.7805419463636893,-1.2214273380381273,0.3040720269277769
-1.899774707397621,-1.4498902987264366,1.0266220989300618
-0.8400986496994776,0.2124832925676574,0.14019380424858002
0.8118497117673635,0.1711165415353159,0.13131894676512873
0.7814863441554151,-1.1761652353405676,0.2848507234062362
0.7729036946546646,0.31350163603106584,0.11639482746657019
-0.7283259408641377,1.0440245504853025,-0.007705610898973689
0.1488961051754498,0.6842191420824786,-0.027598108309582075
-0.03958429648629793,-0.2959451219693106,0.0029053747150153612
0.07490404095824198,0.08586849346812776,0.001058808811110771
1.1525872359807756,2.641081952507501,-1.5765460928083916
1.6885696864257813,-0.3244662681971942,0.5736694448162961
-0.6996488876919074,0.47221912840084734,0.08737165611891268
-1.8446676180384318,-0.6589714065664165,0.7091751169940715
-0.2435350765738206,-2.555406207984108,1.6805679014499788
0.5315817350718803,-0.8072185569303474,0.10911433457257229
0.16999876438205933,-0.5469148913910579,0.022139009888346148
0.2957706313078561,0.11662659878642419,0.017337420526880448
-2.104019840620263,0.6959751665852751,0.8516681531270065
-0.4967352210322859,0.2808183421067662,0.04713467224820509
-0.6475180930926596,0.7280893149577154,0.04525889858462254
-0.944164968719083,-1.4488611977781989,0.4824342621208401
-0.28418086602638654,1.0705140906637898,-0.10652920664761392
0.156632646056894,-1.6600917941197637,0.46241224572138834
1.0083783918406375,-0.09800099653071656,0.20345951829745554
0.6078187945976058,-0.978842151702673,0.16767473214669665
0.9909518783240578,0.07982020479454752,0.19634626946233977
-0.5675192179028332,1.9875828533232884,-0.720776131314656
-0.6445131224811137,-0.027015502230742342,0.08308140470235584
1.164667470107417,0.7860018287810717,0.22273095864040424
0.4059391021529816,-0.061448529212222124,0.03298051341510253
0.37474493821985183,-0.5443218348731595,0.0442142618089989
-0.38061889480708105,-3.2576070622691566,3.4859479919137697
0.44237946774713255,1.0222362025253984,-0.06768037613774669
0.39846214126242563,0.008818023342651462,0.03175434703711098
-0.07060532740124566,-0.19683926323087067,0.0017596898680160506
0.4172012664782613,0.5581078131755515,0.017427195461805822
0.5325914238878621,-0.5685925637657273,0.0751131806011546
-0.07237741119727184,-0.49276546903703267,0.013012921009434155
-0.40081651108311966,-1.0199194186239438,0.13822642603918953
0.6420031763950728,-0.7593836596774356,0.12622450283735503
-2.0740594988325936,0.27204817763152506,0.8583311266379631
-1.1101569147532526,1.750227259386148,-0.28965664660189017
0.21385877572253728,-0.9078863461458327,0.08398033885583994
-1.842372416109709,0.3319902353185659,0.6752081100095627
0.18718574812218783,1.5982397203984284,-0.40124189118099535
0.5866762741611029,-0.6664958538609996,0.09844467055648928
0.36228083349849366,-0.37792300558954917,0.031647195955475146
0.8565896880331147,0.7378965318252133,0.10657135515498725
0.7888874797337792,-1.420908249196969,0.4113472607297694
0.084597494878676,1.3783698197736123,-0.2604455979717465
0.3594991222983323,0.3598784087928727,0.021187049656249596
-0.5808543704403887,-0.8634188424278629,0.13184555231469763
-0.31971344941405366,0.4693632352017606,0.010103179205058153
-0.30346742316519343,-0.7374508651645972,0.058523564432921005
1.0433389085209286,0.4677707991356015,0.2074759451793315
0.8512011889033563,1.3052327842476217,-0.07745502213595584
-0.6974378937642223,-0.8713035679128397,0.16343066803364553
-0.2990761865277011,-1.0149275499703012,0.12243476021832109
0.5111137286810427,-1.5096740366427885,0.39631962814275684
-0.1521601486925219,0.7071923902139439,-0.030737639798169143
-0.40364331982080365,-0.80456331612053,0.08466674984988037
-0.05961016913627891,0.7690443101495494,-0.04477284788837578
-1.4290156496390154,0.2207060574885999,0.40734206049057714
-1.0451969876043496,-0.21108080106202068,0.21942782129599261
0.7328120087925446,-1.4274150036080706,0.39824043524873065
0.5241134838416877,1.1283176692438053,-0.08870721974241699
0.4713270196319692,0.2933388648048361,0.04190571872825028
-0.5706462567911404,-0.7045596291002022,0.10010207098092747
1.4207100865873574,1.225365121549711,0.2196924453708816
0.20056109485346746,1.7484709790973745,-0.5264889885345613
-0.12706541148180425,1.0751958644290065,-0.1210684798630016
1.4564556292785715,0.27952875932967813,0.4220684649487861
-1.84168029101348,-0.1378640574098419,0.67861929015913
-0.023853738014504695,0.040302651297770754,0.00010725378888407926
0.160644878111746,2.746259345861015,-2.0660510741224076
0.4296633672608246,0.010071954445559014,0.0369220196589791
0.28965187572754436,-0.20494853704627797,0.01764050566617307
-0.9628103006741571,1.3514564034646266,-0.061433912936327745
-1.1345190954406956,-0.65479864317117,0.28550194491606035
1.1583477184114086,-0.5954451925334558,0.28946569302265973
-1.197512631782143,-0.06273304471969748,0.28683198883691496
-0.44070906689165207,0.31060162030034605,0.035848417931998014
0.7896045052288811,1.2693891601296374,-0.07984782011434374
-0.9849008916856379,-0.15740958142898318,0.19439597922864904
-0.6126033046697353,-1.517639875384112,0.4246040508958784
-0.2913951984718108,1.0180324408084307,-0.08852563693942987
-0.35684957983562304,-0.520465141932536,0.03956689060109785
-1.4028746150889613,-0.31787017438167836,0.39682324339417085
1.2153952190297044,-0.9633551134451886,0.3848415751845921
0.399023044444463,-0.025989276227607855,0.031845633425661414
-0.07447757662959766,-0.348178350569059,0.005330284095737249
1.9813270160240213,-1.9598423592467615,1.5379032856818036
-0.7053394594124721,0.029645164815780063,0.09949814527765101
-0.48657891338392034,-0.14374542778917163,0.04764882534517926
-2.075455123534161,0.8653922394830043,0.7966932465141087
1.9696195847431972,0.6011754299344005,0.7541530664310806
-0.8415722094861817,0.523330553275588,0.12731604813645153
1.4974447136340503,1.6362459080032923,0.010395907261429471
1.710176763670438,1.1400365650942328,0.43677225614345816
0.6102591018652634,-1.074137003184789,0.19841397169546304
-0.9885898671261244,-1.0134573285283988,0.2995537572545497
-1.390335523607163,-1.7133072625080006,0.8895345183346304
-0.06112602321212703,0.1778675605087898,0.0001845608701823658
-2.414203752588992,1.7364239797076466,0.642114908792249
0.19950202040734338,0.387545338767212,0.002139613933069896
-0.7559287346696575,0.4188842220929256,0.10693574062060361
-0.18630645333604862,-0.34906298450072937,0.011195175698858296
-0.5070212284227188,1.5383350115481633,-0.3126289690906485
1.93898171130442,0.27115015091186934,0.7499364542513969
-0.1311566225321665,-0.3204116732270753,0.006729874804906827
-0.11442140363159628,-0.42435567976229405,0.010260152823617892
0.32976079917290074,1.4072061779424752,-0.2569106432971334
-0.6440288198504622,-0.33413130848064065,0.08668499076212223
2.17899118171589,1.6384671740314285,0.5097417649955075
2.143417558983834,0.5874754941087093,0.8985723741471623
-1.2707713662529858,-0.5617335121002166,0.34069716724780186
-0.4191214408782503,-2.5052566185299145,1.6075094547382471
0.2209980301218285,-0.4180151674234365,0.01707228412626219
-0.20051112964280196,-0.21037667633766366,0.008972034994177263
-1.881590516903864,-0.13457856536569826,0.7083203151522517
0.8730926433620779,1.335230674314696,-0.08559224009264518
-0.128335994243749,-0.16897476620128513,0.0037764902052301315
-0.6695451068917633,1.265804789558876,-0.1131569316280661
-0.5858901228095392,-0.9911717334622586,0.1660282799208516
0.9323480968169693,2.001806313721074,-0.6283149399885579
-0.6261241470336171,-0.5379452125581373,0.09397361981527025
-0.03421105794410429,-0.9010158092404615,0.07338119965185279
-2.1241459815432697,-1.2189107914677322,1.083498110871568
-1.2672964078807274,0.1540236826026098,0.3208426421625846
0.8019822052511668,0.5257422124521564,0.11410332051138677
0.6789093216367275,0.25859443269607224,0.09045432448534178
-2.1264704367366805,1.0051160194723676,0.802832632334242
-0.870866354695977,1.256459693647718,-0.046674514669612754
-0.1647580647811866,-0.8738287668242549,0.07215257379549352
1.6800818212638802,-2.30226329025936,1.7848303625423734
1.9034949046154737,0.3277501509652751,0.7211378729659648
2.4911052089525034,-0.2759408488782117,1.243222138534988
1.748817925268681,-1.8355906188739821,1.230155430691472
0.2170078761588468,0.7673773185635557,-0.03576990710968343
-0.38403913222646613,-1.555469049109787,0.4058404529019755
-0.3970314498029811,-0.8831543284389405,0.10040943789196177
1.3605889647216804,-0.31427187745154556,0.3733444293582705
1.1678241081776997,-0.17257824267633082,0.27327662362015626
0.13377808578955042,-0.12275961427490485,0.00376431303970115
-0.5757854368340698,-0.4802288669531576,0.07738080068177303
-0.6594563347558406,-1.6805938445418451,0.5616427292976099
0.15534394728285075,0.2661306406687284,0.002941464345968146
0.050008586952865426,1.131366747608576,-0.14431372175959076
-1.715571313897662,0.5932392057262296,0.5677589557966869
-1.747652480410243,0.8370901753292582,0.5522012589028263
0.7587181916081165,-0.27883267209566626,0.11729851760701439
-1.5288408474979485,1.0142269080306332,0.3631417855532185
1.1072149415688872,0.29079480527264023,0.2427259774201994
-1.4284079204480729,-0.14259844763585888,0.408359801647375
0.16745638899267373,-1.1258391066773517,0.14830997695228698
0.9616097704696643,0.18105856636737103,0.18434512023844554
0.11723793161105889,-0.002643365343840091,0.002748948368707768
-0.6014310615782035,-0.5559217306550024,0.08952456822633034
-0.36562760066903044,-0.2827694177351556,0.02899769155604825
-0.4524583768722077,0.23108997075989052,0.039709636620412846
0.4531740650711005,-0.5593419482820418,0.05857310986587862
-0.6198172161781942,-0.9746930861971782,0.16943311336349812
-0.2992490791377804,-0.8482601054544393,0.07894615154792758
-0.12082566553141427,0.5262036554701797,-0.011650299829724937
-0.18522928705200375,-0.6011609693204427,0.0285876052124051
-1.1298475087691688,-1.1042997797351064,0.3899780076826056
-1.3559302763806687,-1.2925086142368256,0.5836330953925748
0.06172304455998263,-0.7078263036693327,0.036225324138374204
0.5276802372556165,-0.04915776946314737,0.055701165465666454
-1.9837006644160344,0.05551735974973014,0.7869965537666944
1.1364090149492059,1.1652266959727096,0.10007605615675477
0.1726594948638126,0.24295018412618508,0.004528251825687426
0.8368002759770793,-0.9099943730623864,0.21540264248359572
-1.193697698457025,0.45407262726019426,0.275620681049756
-0.45398184692615146,0.4641571007477953,0.03122001868298321
-1.8898388391542345,0.4217154580117463,0.7067982142600391
-0.44230347883626403,1.2406414631785099,-0.15183197375194885
1.1651867096285784,-0.6083464628442301,0.2940460292100863
1.335231919245783,-0.8494776141072845,0.4178681980642445
-1.192996282440237,-1.1072602756230114,0.42040093913317456
0.5835086578888282,0.3186371156245675,0.06486136051184029
-0.6084844999062089,0.14709720206540647,0.07373239447663313
-1.1358320341863994,1.3133508450698772,0.03148424997916044
1.019311034305212,1.3216854169300458,-0.02307992957473623
-2.4811398983996154,0.4000105089786057,1.224810534641865
-0.8951278273734743,0.005888905580631479,0.16025074504541256
-0.2689532484237175,0.11372007692643714,0.014320104253999669
0.7619719672023573,0.012962200236504656,0.11612003797132704
0.35337663062625396,1.6385481692405042,-0.4149489749199832
0.4251844368893721,-0.5197206626188376,0.05019451339662906
-1.7840043775642713,-0.16817279845971503,0.6370099516582398
0.8279433107207914,-1.4116142315989992,0.41838400395624564
-0.8526108762851684,-0.875804928640768,0.21256630094768675
-0.28921610333077385,0.8915400112398406,-0.054134295577433586
0.28844090403676836,-0.415766059957848,0.023826622034696265
1.418206678674066,0.6611201362836655,0.37336580870540337
1.556498658035334,0.08467058006838273,0.4844769132472397
-1.070100547087513,-1.241157169653013,0.42021971367136796
0.3303494969519838,-1.5133060224823534,0.3683876313917495
0.3292668703371598,-1.0810405001209968,0.14801897707083617
-0.5914817651784744,0.5973380652934311,0.048656351080908815
0.8791782198157249,0.7734096926656312,0.10832839683418238
0.21014538672175478,1.4586332386989418,-0.301508184715763
-0.44531401841642315,-0.2358933560912542,0.040973559512975724
-1.1278709897065724,-3.082425142668359,3.183136991670249
1.8084065156220892,0.2764633569168852,0.6519537607588571
-0.12780233381277256,2.1688961166974456,-1.017005983016351
0.3334336121950103,2.1442753851384553,-0.9636844142660886
0.8770931747123804,0.1239059440177018,0.15366825855783597
0.17435063716171745,-0.14124007232002778,0.006361385338409969
1.993330787463927,1.3743446156623138,0.535084136801934
-1.2197348251821347,0.2699940875797823,0.29558243805421724
-0.05767437140946871,1.1786769383706168,-0.1630858835152723
-0.026104558495409998,1.3526996808890934,-0.24738021465101168
1.0053527973341934,-1.5620123996254631,0.5832595582391218
0.3987209980320131,0.1890384409250887,0.031120147926051858
0.676380210793122,-0.35349970738223413,0.0959154424781664
2.4137690970881813,-3.058340937186321,4.025859936971561
0.3969078778579402,-0.7660007607767444,0.07645281621836755
-1.7076524828337272,-0.20389648815867584,0.5840630751566308
0.5321959110978997,-0.3630744331029783,0.061432655253907086
0.7160792195926333,-0.5666274253374056,0.12074640605649697
-0.033008041937884494,-0.9592500986770928,0.08848433536396069
0.142577417694479,-1.3864224588797414,0.270559246368721
-0.8335050498207286,-0.792579565012789,0.18873458432404855
0.920460561396469,0.42296421607289386,0.16188275298945903
0.11439427228900038,-0.5309858906513193,0.017588145552399147
1.0897748491838577,1.2365923756829897,0.048426997656494164
-0.4038838973605028,1.8037733307592811,-0.5542509308945874
0.06288234161233783,0.45630215715964506,-0.00870990512046914
-0.16665464813525366,0.9075129875937489,-0.06918618418860696
-0.8587536392720451,0.015104034364036999,0.14749121802146
-1.6517351132380858,1.2394693932878773,0.35522803040565754
-0.7113680601895991,0.9289847240629788,0.021036349574535942
-0.4588907022811196,0.7074270537534874,0.0067127336210173125
0.5587498174004729,1.2905146299746604,-0.1524856495414992
0.6258915248111152,1.2762076841576417,-0.12950867785433612
-0.7602775505771592,0.01841595747784441,0.11560376620974584
-1.2904580972518105,-0.6201359989572837,0.3569049069927614
0.39410695022183434,-0.3052597570482097,0.03390857548805243
1.5740047935607753,0.19643221087459667,0.4947402722942913
0.4307618417829719,-2.12379300507158,0.9950472929827511
-0.42135233213076695,1.5985748382765737,-0.372998892869789
-0.15423471404155434,-1.0848859195979312,0.13244629664871702
-0.0034747556945728185,0.8814155292241063,-0.06847417023041767
1.607139098174603,0.26893374410143495,0.5146341432249867
0.9030879419117006,0.0326563282383304,0.16311008357759413
-0.5832475811160376,-0.005443021999638147,0.06803556430130464
0.5433497845270298,0.36981496761844607,0.05398809314935282
-0.18137256651732267,0.492170348502903,-0.005342722078627409
0.8859062832615927,1.5781676605179358,-0.23609452659523786
-0.662666972123453,-1.4894558407930176,0.418258109176745
0.14554198304510815,-0.22502340712124833,0.005375911798378551
0.08303348088250767,-0.9953165163426104,0.0999804369247966
0.9325194296013611,-1.2867867161198454,0.38698722213734726
1.3841290397366364,1.2320354555500532,0.1961505778783843
-0.04566284935779644,0.07718735208398367,0.00037103180765660156
-0.6528586343238835,0.2209723639769336,0.08416589806291552
-1.1496603792985536,1.887417644637121,-0.4080195523277179
0.2406108720884399,0.9430302704583469,-0.07228553799823667
-0.6016389101703777,0.2797860707434703,0.07020370341897156
-0.29691635407735784,-0.4552789133156106,0.02706883499333225
0.18048339959499757,1.6649694452155788,-0.45503520003928166
-0.3284404829680162,0.8013074454232306,-0.029876809833552353
0.005583841559084012,0.03927537007348114,1.774166632412445e-07
-0.44444461956304565,-1.0239331366332685,0.1468593543485901
-0.38047924724560117,1.764715238980085,-0.5206182355228357
-1.5271693579243344,-0.21798180191043479,0.46748501332446024
1.5505027094476294,1.5671248760696548,0.09594460722531822
-0.569908788599973,0.055829959076144034,0.06494180335393676
-0.7516038870600361,0.5000618260836113,0.10047704307908695
0.5410835124697051,1.3839035826714703,-0.2064894358212931
-0.4132100333813176,0.8096129315298134,-0.018919443376562255
-0.3391991344688637,-1.062099988619439,0.1428220780196109
0.11284484367372957,0.9060397356763499,-0.07183073522249782
0.04445497982223183,-0.5748963988795801,0.01939591246143181
0.16834735862683833,-1.4896143216876292,0.3362062597894505
-0.922538211836877,-0.4672610029848149,0.1804171928695715
0.20152904253356366,0.8068211072718718,-0.04439805993726974
-0.9353299916658856,2.167698557195749,-0.8436151290247637
-1.5627451474591891,1.8569045493719356,-0.15184375820723428
0.2072810017524354,-1.4641838443478354,0.32248984183913
-0.08281723032047558,1.1182677565198964,-0.1384701911104592
0.6030300869220042,-1.442950161236797,0.3731664559074487
-0.8534691469828961,-0.057797144374622154,0.14570122416362763
1.004881030087665,-0.05185159710737374,0.20197111768482132
0.7072413096992409,-0.06509544676274748,0.10006563768552493
-0.751820077925831,1.6680229998957772,-0.3510474748088386
0.6391460131677483,-0.009464344182829943,0.08170161000538304
0.9471288663861286,-1.0642905035785877,0.29996432263064915
0.3612422541186634,-0.6179289253471666,0.049693953833965875
-0.3064210914308225,-0.6310709062555416,0.04391120673819382
-1.7697015829683176,-0.9006175375563353,0.6994189031670643
-0.6768213634561844,-0.20751457442959204,0.09251103706294601
-1.6139815572161083,-1.0535603107734695,0.6379313635890882
1.4077002178498417,0.4512389100164829,0.38713600948200305
-0.13252032944429012,-1.0554090477950993,0.12107310213350217
-0.9839871251410325,-0.6856165276767148,0.22587491018368966
1.4821323028917686,0.006758622658830552,0.4393432017823524
1.073296366575728,-1.084999052466235,0.3581215959630932
-0.35245757178860215,0.581421311124904,0.005190277474570959
0.5916069985447365,-0.9156104290956268,0.14675927790324467
0.6307346885633984,1.6390977364289387,-0.3608015325520367
0.4709556232804145,-1.0018487696030318,0.14491549671741186
0.3806855159915415,-1.0430462557088072,0.14246203955460807
0.26385501673409567,1.6708438828885395,-0.45252881436660364
0.8457818945145952,1.0771506596970875,0.01809261561802765
0.8258260467827837,-0.5112570363259161,0.14976116041358636
-0.3797161321181049,0.300204608662747,0.026131339995572624
0.6605092246613478,-0.01867180206845769,0.08725513813914497
1.5287466375689138,-0.3982899854103639,0.4737315260733032
-1.1977951898598855,0.6940159015122362,0.2535148272954262
-1.0378857297899018,-0.34450790157761574,0.21953017356761817
0.7187704530319022,0.8370766839305931,0.044672449338345833
0.8746537836495623,0.25720705475062566,0.15130228291643844
1.1967484550878655,-1.5952287400788818,0.6923879616320769
0.46840451813514644,0.5682187763175862,0.02553433241776279
2.546842531673398,-1.05377214901581,1.4142960020516058
-0.3320102232862781,1.5773087618631063,-0.3703729513815211
-1.3440838157186623,-0.33637065314137443,0.36511813376585667
0.765031920083626,-0.04194986812791967,0.11706215005123498
-0.8766993806510945,0.34814848155346156,0.14950054479177713
0.8399413869495718,0.13905090888403354,0.14083144961090185
0.5406704282070285,0.029471160543060534,0.05846234267191726
-0.23112047055389282,0.08607980212994018,0.010619551552489634
-0.18508585361250376,-1.1445634012928274,0.15679206506458127
0.24571991777364643,0.2885742815041399,0.009672549923019086
-0.3879008776562387,0.13350162962997342,0.029855482426587858
0.1241600508205513,1.2356643658337125,-0.18558629963100534
1.5307242137124275,0.09413192611779328,0.4685399150883164
0.8915436711621767,1.2809451889001588,-0.05121009887349115
0.08037919444645153,0.8544674826865465,-0.061093762201114614
0.23107369336515943,-1.0372381524872727,0.12227162383959615
0.555535403199961,0.003389754768701749,0.06172391294673214
0.8008740303637015,-0.7583980155668294,0.17190043535723437
-1.15300034762577,-1.4764339525966643,0.5877234809326888
2.5686557092325555,0.519107416027881,1.3056099127113727
0.030127885145613504,-0.5921889214068016,0.02094887607769225
-0.8890089870850005,1.175558384938849,-0.004387427662983168
0.7545445943480713,0.8667609983819238,0.04874995428215809
-1.2956101497090313,-1.1995076435857448,0.50830852129226
-0.8221089999190947,1.4310972052267599,-0.15792167752859745
1.2240504022684588,0.5241760934711692,0.2852575848712865
-0.3380534986167284,2.081785331118147,-0.8793543728906149
0.23026270098828291,0.09119390671618244,0.010528342443624843
-0.28959250857732804,-0.0030341623453494235,0.01677276699811464
0.5316679526585957,0.6662840094887601,0.026955524424561086
0.1440861038090134,-0.9149811910719616,0.08075352446785006
-1.0913421700028458,1.5275665799636917,-0.11824595224852052
-1.0585294467949695,-0.027232021913912156,0.22409893742691125
-0.3568116428649553,-0.8181638687866944,0.08023015404836728
-0.07250832556183678,-0.18431753438805432,0.0016776725573409267
-0.9725138632278707,-0.5230461006749042,0.20346599282899627
2.2428035384368297,1.097694161949846,0.8737688082697399
-1.8712568674663008,0.9646837378699734,0.6105455647154399
-0.055466827882129276,0.36433851253268373,-0.004221008585085267
0.7787313385919802,-1.3042924290252276,0.34316795469492484
0.8386386252105291,-0.13292152720902548,0.14089779625309645
1.875794313807187,-0.08208113924130574,0.7037761621783621
0.5727174661646313,-0.344087440016393,0.06967492258965
-0.4509463100361584,0.2656922193040726,0.038794930949866566
-0.17122268431277257,-0.7480293508919514,0.047719267500406885
1.1341854964669258,-0.032712245047995143,0.2572788485870087
0.4212146984649605,-0.060975211392367466,0.035507034880306196
1.2385945370942368,-1.2630510123012884,0.5083175431224352
0.1324327470472317,1.9871677651615718,-0.7811922201427599
-0.920043055115733,-1.7047843474605975,0.6647555587431566
0.26928863634446637,-0.13907636376132224,0.014772278703337118
-1.6220186952971025,-1.0587342882552329,0.6448643927053047
1.4255637370100562,0.8737737886955461,0.33973545705551167
0.47619623374074177,0.3396438225820774,0.041434509903185535
-0.0822891923363414,0.26680857929825663,-0.000545023142118139
0.5088782013634262,-1.9519033084051578,0.795452223728236
0.2518933994155562,-1.7997409564531857,0.5956383028405051
-2.0093906099297505,-1.1595890139099823,0.9634538765635398
-1.0250011985821554,-0.5433735689624296,0.22616885878799448
-0.33570774602773756,1.7563374600095198,-0.5192412144732057
-0.6917767613037443,0.0654591780736775,0.09568296886662182
0.4302330249697165,0.7178109017914561,3.470565275139753e-05
1.4870204528517508,0.41614760029251735,0.4350391701858234
0.36415205810391316,0.5200336006163776,0.012457818426134581
-1.01617024901536,0.2660159429859915,0.2046379469579288
2.4516358366009747,0.5209854807629029,1.1879627612631543
2.5435178027865,0.14464572140534285,1.2935939292752259
0.858380411892153,1.1019900801379003,0.013539679487560241
1.1617857494167776,-2.816986709792746,2.5053448376708087
1.9137260546043062,1.6550555538572422,0.27911519436079213
-1.6907718271352419,0.14054242389530916,0.5714642724609904
-2.0877989343157446,0.3258619669289145,0.8683206794436575
0.07866974447822934,2.876702487047608,-2.3793535380286728
-0.22027744702449883,0.3202858732502392,0.006418840859485114
-0.3037524015464876,-1.3947674948248803,0.28978787614631885
-0.6745530622490288,0.35737104597629077,0.08644023587620538
0.7122243443338196,-0.4161782362682463,0.10866109035427265
0.24805455107715177,0.7406255728486265,-0.02831904394782451
0.8339483812203736,-0.38459761736218334,0.1447827687523656
-2.1148097404852018,-1.2171403887805283,1.0747949646698225
-1.5134162140292273,0.03783554796081923,0.45808031111007314
0.5102109313852382,0.3590504177390481,0.04743426136062991
0.3503330871491607,-2.3083541981065787,1.2545529820035182
0.18939288651846906,1.201902866727955,-0.16644940954736875
2.084988045360933,0.18301684727783485,0.8688220118844717
-1.0599461064481916,-0.8748420573091177,0.2916530663010273
-0.11096715907089515,0.7246023251765139,-0.035582396463124624
-0.6013008345673001,-1.709728973939493,0.5720959242196962
-1.0107387855600731,-2.4812780430137025,1.7319771367063828
-0.09266178188098029,0.12827694334486747,0.0015061617850304267
0.23467670607264787,-0.47260840020679273,0.021570751059997537
-0.23270664627362778,0.3075322816346643,0.007921956131251094
-0.21654827374758917,-0.6162709343656543,0.03278397644112064
0.3020226248351648,-1.5195454335680518,0.3691093583113322
0.1227905055071255,-0.43376477213936415,0.011176867277807605
0.38222276227619956,0.25429733744115324,0.027574379954266846
-0.12029550788293443,-0.046195586820740535,0.0029040601305326576
-0.12170662074021418,-1.5307220398402785,0.3616275065584385
-0.987937506549797,-0.27659325311839544,0.19732014762670855
-3.1819356178736213,-0.046478900701800996,2.0249528960406793
0.184319236240853,0.25432441225849156,0.005149722812346916
0.9821869359865735,-0.468136314056463,0.2031975180686085
0.06951288009005226,-0.5945071570908539,0.021978595331041552
1.3702071413211043,-1.4970744487385836,0.7110226239026615
0.7908503955455211,-0.7944894738064678,0.17523811968027822
-0.1791674833119507,-1.3143974903373619,0.23350086567254186
-0.111583457357191,-0.962630393439389,0.09169301925249838
-0.0830257316056751,0.9023401876464242,-0.07209149110706776
1.0543666995860626,-0.9690156756249121,0.3133275640507669
-0.6122818179047806,0.007625263071790661,0.07497776057054133
-0.7525776812286106,-0.9063441277079524,0.18772714877175758
-0.02070600697100127,0.008943709556423698,8.567620425698792e-05
-0.9954032850176323,0.33638487693269087,0.19435918410769012
-0.08283464209844345,0.44740434357084624,-0.007583406090167778
0.19140804782587464,0.05669308843956948,0.007309186393361888
0.5792155690789985,0.24980945601205562,0.06553920507014153
-0.537638536698396,-0.6913912753885743,0.09086105604066222
1.934385979683983,1.833185769127131,0.13231490190777362
-0.9895054826346924,1.3496441955982041,-0.05001879517768343
0.009584470783355867,0.20552461107693215,-0.0008497710583832943
-0.0581814853551914,-2.7965985543508602,2.1878865316047382
0.6604542277591502,-1.4873843064031633,0.41629578350535457
0.9302991516501292,-1.0892884082420822,0.30234073520652843
1.2827744131917422,-0.04492913948929522,0.3291111085478743
-0.8870006179816532,-1.3719123260088912,0.41556759638833335
1.4835909497983895,1.2053279830873405,0.2650964979808852
0.32247479064949164,1.0749703448975452,-0.10342140860939297
0.5718722678924216,1.9703335407816964,-0.6995181191211588
0.49261453710784703,0.13995121902071825,0.04825970316622294
0.15355841249082444,0.8397867487120624,-0.05450923321703932
1.4533069948171353,-0.21495478548569444,0.423413454856457
0.37073776595397967,-0.043906707888786686,0.027497762551655293
-0.2633748584970419,0.337587075216695,0.010025950988993896
-0.3165862605175348,1.2787776651450966,-0.1890695994551523
-0.677010791984018,1.5140783384104524,-0.25542362479219116
0.15259835933899263,-0.2210400138683727,0.005737224355953998
-0.48761329155683575,1.136662008935802,-0.09930344653110681
-0.05319603923077876,0.8500195770651553,-0.060850779708636324
1.0549308179276276,0.8295951817834164,0.16548072910457676
-0.06835503559033713,1.910863634933189,-0.6967982332470499
0.48067529192119374,-0.626739780508158,0.0708282583393984
-0.07501871624126476,-0.07243019891841021,0.001163559408153094
-0.7839361276054181,-2.2299534580982816,1.2317984374152224
-0.19189925068748975,-0.6055698437727565,0.029572209058494493
-0.2011520792520834,-0.9329937600688761,0.08930742597096443
0.6368846698332463,0.682997420922457,0.04926357876574891
-1.1177728201940005,-1.2286268068090214,0.43534735986873313
0.09439775168379189,0.40914364284940613,-0.0050668169432548735
0.2879152071972876,-0.6551769737246123,0.044702954807627114
1.4618130517006291,1.2190625222455997,0.24621296060932596
0.09209113308271336,1.8752761149440549,-0.6577747900083689
-0.9799308358712578,0.9656371962049594,0.1020115466391065
-1.8724056799643753,1.481027546509633,0.37632571580345503
0.587105410892395,0.2692296936834558,0.0669870512815587
1.6685635243938584,0.6063927364697385,0.5345230492492291
-0.4313933674355859,-1.6150969162519673,0.4585242233617523
1.3792601294237634,0.25089530955497735,0.37889235367924945
0.57259109721144,0.330369328999641,0.061966333433717
0.2794189736004038,-0.34060148886669367,0.019566289119702155
-0.3194296841290149,-0.3278613680506111,0.02393134733752473
0.1038446827885286,1.2449866697764187,-0.1908151702837368
0.05838912416658666,0.38690982193868156,-0.005110151516453578
-1.6152812434333803,-0.2810164562664212,0.5240458930213429
0.3881636853541052,1.5118958257683786,-0.3154593212085679
0.4721493520069546,0.10152321896559274,0.044480362503923475
-0.9046124370567531,-0.5303015992928806,0.17857786249368532
-1.8100597087159835,1.6488980741804036,0.20695012682130054
-0.15272464076629128,0.7219466204804608,-0.032963394470881424
-1.2965729503228118,-0.45390011846693507,0.3455717747058146
-1.3149704373942557,1.4324031089709701,0.05193203614982811
-1.4642262852342827,1.6276694979782167,-0.0024280584897485857
0.33404542606825915,0.5530314269352142,0.0054031482796810665
-0.11095829239179454,1.1318609808518747,-0.14254141209099003
1.310597023305926,0.23798689038501586,0.34218500706170946
-1.2217959735793902,1.375717715564708,0.03818885089193541
0.09062470310632094,-0.13022858524591482,0.0018634283288103085
-0.8468390523077762,0.5204389601522807,0.129330837587677
0.18706007767195856,2.081863250278852,-0.8953134222588643
-0.23221814284164058,-0.5004734656038069,0.023320596729314996
-0.5999831600690505,-1.1951192748582198,0.24269604931747857
-0.9875987515426099,1.7678568014593439,-0.35744115123574566
0.07424445745071676,-1.248413926376784,0.1956724188436272
-0.15046283226184337,0.9262449936528174,-0.07493750435033338
-0.1877505793417362,1.179802807098425,-0.1571707863370601
0.02575360817175229,1.5437059488442693,-0.36773680904097744
1.0062348886486794,0.6459573609049799,0.1755484544673987
0.8264794855920293,1.0660346177942945,0.015466316596167262
-1.4160525428752622,0.6566582943931654,0.37272584759180205
1.357595667047322,0.022888437311607456,0.3686119999563911
2.1792886381187695,-0.6588642243659931,0.9784612257576324
-0.6807528883688847,-0.06802948846228783,0.09271638312865252
1.0777600660793236,-0.5762667858375592,0.25145021584935834
0.38000045641304364,-2.645409195049574,1.8801876363847922
-0.20631528388993778,0.8663258623499314,-0.05650633264468786
-0.7196696349681133,0.9218193624098889,0.025253190011721383
0.9056816374945578,-0.19797693089908616,0.16482781361026552
0.10220359155775909,0.22701214885760684,0.0009192187098645808
-1.7838123417234746,0.5696924938157831,0.6179079505579115
-1.2702628711823578,1.5120086614005974,-0.02295736081584182
0.04105845840015266,0.6592235914099442,-0.028311098833848535
1.9437290896871486,-0.9727827831281519,0.8476716066373884
-0.2002013187195805,0.699711813737695,-0.0262415404544135
0.2168372693883064,1.8543727007544777,-0.6282591104654303
-0.3050760613390664,0.15709770362336087,0.01822656840173812
0.6265086243920732,-0.6288386940778556,0.10336928932610556
0.28219805928006914,1.4008021345029118,-0.25894477644333513
0.4001776865147021,0.8816102786095914,-0.03649354873853417
0.4797111320463173,0.5539573336963964,0.02902533583065795
0.03454181295759948,-0.3422791907528655,0.004248600748232315
-0.7498474271298712,1.7399790398902386,-0.41432912978617575
0.016337061966590693,0.3208796030422492,-0.0032505158301180176
1.319924483940716,0.633653915403213,0.3229978287183151
0.8680537983349924,-1.14978195620262,0.302704486885483
0.5766723249712334,-0.1528317664631929,0.0668671716224963
2.0344684269700397,0.2058627130980927,0.8269399210751517
-0.2309864982992592,0.19714786237448442,0.009904692369600097
-0.688063444324023,-0.04134040244089974,0.09469332587715092
1.2763165624295871,0.5736588608266591,0.3069185702215323
-1.9208126831674004,0.30239077982543877,0.7351392059169984
0.8632348126767363,0.440014024270248,0.14051565380782996
-0.6281939166429932,1.0052258910173462,-0.02265045517670404
1.3652795666157513,-0.29810696911475637,0.375446869012351
0.2835235031565266,-0.584453822381294,0.03604125551487171
-0.7385935317066752,-0.9260326180684947,0.18851474967462362
1.9241365849123964,0.08028961104680225,0.7404085614110396
-0.5812400182032058,1.6592345934083406,-0.38922915363372407
-1.1338262205119962,1.8330484402640375,-0.35880410149931474
0.28750591665048275,1.43801950179562,-0.2808361349435826
-0.04937942537047788,-0.16232214095677983,0.0009153596569627364
-1.1672013454281938,-2.45061361971881,1.7441895486345613
-0.25223840716703394,0.12184696970480123,0.012543940464156245
-0.47569012693824697,-0.8052412430740231,0.09746914539249256
2.1052264126124536,1.29425078080656,0.6695976319331678
0.19328669462808867,-2.5177109738051398,1.6034158396488671
-0.08663877192584497,0.6363707997304004,-0.024269712580816484
1.9475181401338486,-0.9845276749971166,0.8539951311851305
0.4459604840208013,-0.11110144315661787,0.03991328906873845
0.18516251231398018,-1.7283644708758765,0.5231616265230242
-0.09586920323108084,1.2082047555960866,-0.17453056330984346
-0.7815863144849996,1.1532214498996718,-0.031193760512894964
-0.6688577890602851,-0.10047125918840766,0.08957556884791047
-1.0665379581808367,0.24860475305001736,0.22596415839648268
1.7731609997522748,0.15474824196769774,0.6284494103088429
-0.04953489441679816,-1.240529299743859,0.19139740077251016
1.3298714992628005,1.4101365834960458,0.07330807052440963
0.2223684763619065,-0.4073520631885716,0.01664897296891451
1.3753601427384712,1.4280194497486305,0.08711573059979283
1.147461538808179,-0.52003761225712,0.2773974479358001
0.5051946990338154,-0.5281480318557982,0.06577651613165128
1.8556422374990253,0.14192719674718796,0.68839573409376
1.8640526659622323,0.27135588697299456,0.6929403658860233
-1.781765020429365,-0.335407277768844,0.638710583806625
0.5120849935309164,-0.768902507398726,0.09790457521592352
-0.11741396752017592,-1.6694637525642233,0.4680549898644716
-1.5886468696619835,0.12644618145216352,0.5045576050903169
-0.2690974952431048,-0.5637925335426366,0.03240351579602553
0.9524125041523981,0.5106345572565286,0.16810323947746464
1.0058581980871353,0.34805822877034376,0.19813360785672132
0.9205734701279246,-0.4113399142908701,0.17645099572947434
-0.01071548666488714,-1.1983114637637269,0.17209454261105894
1.2734946043901436,0.3520490319904135,0.3199944578503511
0.1495168015908723,0.12963120107122603,0.004253219302684526
-0.04408664120965181,-0.9354481867587077,0.08224636506079135
0.712548661536741,-0.8663094542107047,0.16656095660608045
-0.8932972150303711,1.039668315667418,0.04721717348756571
-1.2380257604671983,-0.7087661601631936,0.34214638719256
1.5425897334263239,-0.5948782939806059,0.49696818118622976
-0.3422960963135838,-0.6111821851161723,0.04626364675382137
1.1671462785326607,-1.317322367445862,0.501046072297616
0.1788875918172693,0.9381964361265618,-0.07618107390214772
2.4690381214273036,-0.7435230864591792,1.2603337815233515
0.6175032958252893,-1.2955556281951826,0.2937164622391458
-0.839364732636794,0.7757526213482958,0.09422244868001703
-0.5545084291703488,0.1253191142633191,0.06129910743406284
-1.1786006210904563,0.6235334575050723,0.2535772798059607
1.1728351653434737,-0.4333528123828406,0.28324659941940367
1.5289065422586945,-0.023621621003681027,0.4675123610338084
1.529143496713524,1.16636943253231,0.30898101009759893
-0.5228977211724585,0.540775483902924,0.038870068560210594
0.010938718521408082,1.7119895750830758,-0.5017445152889264
0.19275429357226823,0.06813116869164802,0.007399218029687497
-0.918003992176537,0.4632664732626056,0.15860383428345914
-0.9883879536729918,-0.6367544640100475,0.22119975694478644
-0.939253832052605,-1.0147609592273341,0.28093352736900834
-2.1864861037541896,-0.9307826366457227,1.0367832380535524
0.7462008001243794,0.22640713014650862,0.11020255960250948
1.871239329085372,-0.08936965138743604,0.7003787042991629
-0.10526152010752511,-0.19185604635370637,0.0029221955042307538
-0.6348593976626501,-0.6097979353792474,0.10328484195758725
2.226962886008622,-0.16771207316525383,0.9923444685737419
1.0971592146087317,-1.7416127624610387,0.7690202664712005
0.48724597615242504,-1.2249121038013941,0.23126872382457822
-0.16018699334203013,-0.3647342210926218,0.009984072281741687
-0.6247277014975944,-0.14765628329842817,0.07837886601391139
0.33515375908765627,-1.1701273820768696,0.18267922613922605
0.14919455217301578,1.4206580166101948,-0.28227522900868496
-0.08942330801747617,1.308275828227912,-0.22232330682860377
0.5944970288928629,0.3420206757084654,0.06668444913455798
-0.45859438490851034,0.3076714149342312,0.039149292069317755
-2.0931207568954813,-0.21361648387178556,0.8772056753751519
0.12907333272974833,0.3781910865148273,-0.0020772252586742125
1.2691979846654569,-0.9487933166638182,0.40758391015092893
1.40922681363834,-0.7374578614852613,0.4372902529653501
1.0720528067730726,1.5971816106337104,-0.17757984341888616
1.54086589443515,1.1073426775314426,0.339070317473392
0.04454873959256983,-0.06929768220783014,0.00043019595631689045
-0.022887794480517157,-0.9033052557262278,0.0738109006527699
0.6219571814828169,0.3742329542511756,0.07212500321686047
-0.10944419535140963,0.5773915927171713,-0.016853535242296512
1.5141173651467241,1.3297916934517262,0.22335710381139237
-1.0809472133345361,0.09332506805276568,0.2336080934974566
-0.27979926661300786,-0.5449509361371955,0.031841016854856186
0.8054887313791786,-1.002506294294135,0.23051619359166642
0.24895211541429904,-1.8542911708985748,0.6499741186277509
0.5191384400350466,-0.47112194587337314,0.06435777296417766
-0.11609239462844022,-2.376304055438258,1.3445518445012208
-0.0996228208041697,0.9926753675695219,-0.09583372476110416
-1.4698364220890912,0.49016855646228186,0.4203067762410168
-0.16084832449551956,2.081948277623475,-0.8972478411042576
-0.7594196324674314,-0.4724863672158279,0.1258915803929567
1.3209116314442568,0.7891248566103108,0.29982127926822155
-0.5388490350514612,1.2330676881855978,-0.1294108505608184
0.09912656762321048,2.4150587881138206,-1.4066199843743095
0.4930442276340189,-1.1355004708710672,0.19502556060495185
-0.8250364222677804,-0.3613446122473336,0.14085509364303
0.6259778407419481,0.7931366158899263,0.02847614804986394
1.136108571533067,0.25415039887623647,0.2565069181980408
1.4602272083937804,-0.3018192783940163,0.4292021190251258
1.680878422090541,-0.05059062014852399,0.565083402188114
0.06314992081955692,1.2569481694702094,-0.19779000938009617
0.46156691385765786,-1.0964005943438264,0.17440648966509156
0.21732336604360183,1.7954706145616774,-0.5693626172555838
-0.38966302443014506,-0.32868291684580514,0.03391829692258202
-0.22521037373871816,0.7056765660758216,-0.024997297931573226
-0.9056994441011583,-1.3056097841324468,0.38661474799241496
1.422792602887639,0.6806825448348024,0.37332978047811516
1.053976811095715,-1.6198309707487797,0.6471931574403963
-1.4562877423904288,0.7941650415451329,0.3740669583991475
-0.19528448790214797,-0.7751719002831805,0.054206624896131345
1.0862749391022972,-1.719864640318588,0.7447233236939227
0.3835911589926376,0.9575843059253848,-0.0583789526875146
0.4350218601474331,0.6897409263163987,0.005034893363525299
0.18505436752557203,-0.37878674315735883,0.012283833130151176
-0.46392010421150004,1.0779748858975362,-0.08221952737665661
-0.30879704742230224,0.2995258383898761,0.016383905438849274
-1.5347134764174957,0.8881743482701938,0.40100513125640763
1.1533454635283646,1.3901982693367967,-0.002635687600749559
1.145270356874771,-0.30946961379868393,0.2652926731798945
1.2621259607440476,-0.9424528513619496,0.4023026881189004
1.3741193659821835,-0.28860528444935507,0.3800446866839461
0.4760682942107153,0.5773275829729976,0.026085463710074003
1.4249218009724183,0.26105939231314,0.40430125564194697
-0.7046750189536316,-0.7410223350678505,0.140003957806774
-1.3261868670275825,-0.4244311559148386,0.3594001007549235
1.2397988358283918,-0.6409628413606996,0.3337531226961407
-1.6622242659293238,-0.322515547926035,0.5559525887591892
-0.3271561480801004,0.7555888189478355,-0.021731429460621197
-1.7100554397401653,1.5515791917441364,0.211331058914921
0.4158733298510946,2.7769199981379247,-2.1067719375318035
-0.3976575550767144,-0.3810517772189229,0.03715919543821936
-0.7308997732686219,1.4976095319357814,-0.2290461084297385
-1.5358481825733021,2.207923756885138,-0.6045808554738121
-1.8845563760035253,0.21511980282059368,0.7093150470755716
-1.225823795351431,0.11795952596450501,0.3003646612601147
-0.22128350490289314,-1.3799491382274733,0.2725714206315135
-1.2062420806149055,0.5133297462430773,0.27747737127499167
-0.34724903114919936,0.40626020555610276,0.017411160705431777
-0.18165202871233588,-0.5976003537352016,0.027941365223069704
-0.9806440487009483,-0.6958135285926145,0.2260208119901923
-0.1706448883660754,1.042432966872117,-0.10745376177599716
0.7723495552828465,-1.9406615432761603,0.8501903571265136
-0.8779016825052701,-1.7722703828486577,0.7108021758403114
-0.6593985635549926,-0.8621637630311147,0.15104819780064443
1.401884917302727,-0.2295203883454778,0.39426536869607154
0.6824184945424234,1.4666512087868477,-0.22234732057761286
-1.0604718416813286,0.16365083917108145,0.22448182231481728
-0.040925733208523996,0.735299257864371,-0.0394200740958198
-0.8736018490194449,0.6560121103540348,0.12440443303678145
-0.09626950426390816,-0.3273469446769552,0.0053612831369852934
-0.7087701129890227,0.7263953195827717,0.06214275393053845
-0.16921465460012614,0.6363104302308458,-0.020036914459510287
-0.36016916320967524,0.206058296098422,0.025069441259418648
-0.6321718214955622,1.176300819551932,-0.08283457501603432
-0.40989308595722973,-1.5031977967125056,0.37326558609080224
-1.2562072471668102,0.6970607865279467,0.2817415823015291
-0.2949875423531006,1.1302651029697193,-0.1269877467925482
-0.9323824572879651,-0.42811441425737956,0.18171397387105165
0.04312249704157157,-1.4436124630087348,0.30122319320496144
0.14807644586369972,0.9062036645890083,-0.07003257867895887
-1.739077168413137,0.040452573203539066,0.6048712598368935
0.21641676723736006,-2.1960618839245876,1.0684593285596935
-0.5784846362061815,-0.6394845495126195,0.0930800073080627
-1.5308369025501616,0.26967846950502483,0.46673104794319314
0.2966475904821092,1.0490358341031691,-0.0978439362812257
-0.45244980846434996,1.1720819328835703,-0.12007564383384334
1.4915894418277102,-0.1324108055477673,0.4451999634470157
-0.4600118678345691,1.2333302862797302,-0.1452801295252816
0.05612025806758356,1.193568525912172,-0.16940657090710443
1.1923880724235996,0.1270503626716736,0.2841527809651045
0.5753200484386104,-0.6138093330852747,0.08932462852351603
0.005869071720579216,-0.5415015238048003,0.0158850080824911
0.128426022746138,-0.6774868147357538,0.03439450650090426
-1.1763197271970494,-0.10668478004973789,0.27686704491906494
0.6935616458456684,-0.3696115349144962,0.10125491380117532
0.1772588332534549,-0.07206799022838525,0.006321569431559538
2.5329735158330697,0.30106038264598584,1.2804622347346544
0.7172528706766895,1.2698825738857564,-0.10189115018071665
-0.34308646041947627,-1.1139189516907388,0.16175844627160224
-1.545716119277944,-1.3672774655529631,0.7334530312017031
-0.053823865955018854,0.7041745809074129,-0.03433792865562361
1.8801891910227229,-0.6648826110545378,0.7364146703587953
-1.045985241868082,0.455772899580088,0.20934930329280632
0.8971405429882938,0.653846984824263,0.13301923389293913
-1.4526933915787605,1.1898654747256703,0.2536048618992107
0.9762196421351178,-1.5918274504314305,0.593956444756397
-0.5348315389221601,0.2241415327973848,0.05608288079387422
0.8512104116310446,0.6631993621934781,0.1157421103356816
0.8345716847859442,0.40604131770103863,0.13260759440798117
2.5720669811443644,0.2500981346044488,1.3215413703524088
-0.2297446963571192,0.04315998638769713,0.010548485325802418
-0.37281287817501946,1.3195332924544285,-0.20195504045009435
2.0290853437275924,-0.33938660055722764,0.8273466320886748
1.999018860187873,1.194920540818621,0.6286003318231779
0.47558633837338393,-1.189343389884075,0.21347357926147675
-0.055238640636341416,0.9803621262355366,-0.0936133128856721
-0.21456747687976888,-0.30771960881565796,0.012121679180327772
0.4028208722357609,-0.7088439639256239,0.06806948818906636
1.9883081578228208,0.5568704092829356,0.7734050556040508
-0.004791156261984033,-0.9304028370610121,0.08054486044990099
0.8290959492187061,-1.0540644714208862,0.2545920530164074
0.9459149556995734,0.28023069107079107,0.17675039035766943
-0.8769798507641091,0.06530463529844278,0.15379088129152801
-1.0370189597378954,0.2951710910587378,0.2125099577202712
-0.2925020329632403,-0.32535322830841357,0.020555505449053987
0.9302436690514606,-1.216005071829046,0.35287747621858356
0.47984064905120405,-0.08413242907797332,0.04610896086442467
-1.0383379571529359,0.07934980620520032,0.21557918090643222
0.7882729922995626,-1.8004605689575415,0.7079226496611143
0.9620567350162164,-1.5725093446748026,0.573958484762614
-1.3519214953783043,-0.49456469430819766,0.3776351133312135
0.9940156628833886,0.19167570168062772,0.1969092192371273
-0.3370726390329666,0.37624907390304224,0.017397284275884693
0.2406029547857709,-1.6736869977562565,0.48041587236532296
-0.9589667046729403,0.8504831755657316,0.12240614028715321
-0.08240209601506021,-0.8558145196150548,0.06403945907297749
0.16632211152981516,-0.2904678901652765,0.007983332882005277
1.614932945706316,-1.7368404729224483,1.0455395563406307
-0.2639991245205415,0.790792359061865,-0.035513294683770666
-0.8665780071915198,-0.8643105578076288,0.21475831695979206
-0.44045730962406776,0.035551292422857476,0.03879603501233889
0.05155660074318995,2.0140340498249176,-0.8164276923135587
-0.1925660290152319,-0.811650399552485,0.06088594558753349
1.8589394588474077,0.17747537472182917,0.6905721791172402
0.2472252437125459,-0.3515252532461091,0.016567861909108382
-0.17743231581174293,-0.7494930760795884,0.04839845973293638
-0.23134138466493262,0.23398813683176156,0.00942267171575027
0.7704957057470093,-2.738655521671584,2.172788470487625
1.6176862897580597,1.3192809892866622,0.2937606230088299
-0.2650588362055047,-1.5563566420336352,0.39103910196862834
-0.6957732726223881,1.6004250361288166,-0.3131064250902173
-1.6050247933374007,-0.2016068284065835,0.5160403547151505
0.42561907024902745,-0.9783297764990276,0.12986911348697955
-0.33987421243383287,-0.6609245527375966,0.05197348593624071
1.3080010869623284,-0.2652615626723083,0.3440398471113099
0.4584889968767227,-0.13267597785377147,0.04227598044879439
0.020331705962941194,-0.38794365774439626,0.005921238626402484
0.16261505033821733,-0.5039469300206029,0.018087093557962397
-0.9025382768371631,-0.6126045239679535,0.18590515439732563
-0.32880196510924525,0.5257486164427555,0.007089844420689374
0.8138849679760664,0.19688971776798372,0.13171849418377307
-0.9147369258988415,1.1208361950682733,0.026541016795354727
-0.5220421264517008,-1.8268121017979952,0.6641570867511966
0.0534466500908855,-0.31764895568020673,0.0037764141314668037
-2.644229072695216,0.8978750640409078,1.326004619029599
0.9776810345702411,-0.052946407391777514,0.19118688365482853
2.8471717821763476,-0.7504319549095431,1.6635378658249276
-0.8390604435131246,-0.7292113432165319,0.17958023917817773
0.4201750875722742,2.13429501493615,-0.9369078907899115
0.6109163114823618,-1.7153741154671378,0.5793940147723747
0.5765464545241712,0.418162467577422,0.05916918023892785
0.8316605460983731,-1.1704302139668556,0.29866989372956415
0.20475988297484185,-0.43125271442072266,0.016405712639530487
-1.826587994367635,1.6691751971291686,0.20222818727745812
-0.8027621734657275,-1.0795848097107876,0.2547113938884097
-1.6467064762855748,-0.5872679651507795,0.5625823565002239
-1.807124048318354,-1.8315537089560465,1.2675504556463664
-0.9857301758760065,-0.6714899257484916,0.22461019075342933
1.2310762225311347,-0.03657591597980179,0.30311462625367597
-0.49488734191241934,-0.025454071420170334,0.04898434543113775
-0.22221537691739085,-0.5256691481071311,0.02440164798385005
0.5844134116273766,-0.5934080132737833,0.08920366569856863
0.11551996652204057,-1.389274301220762,0.27081045531976833
-0.793653337274973,-0.1661702959869773,0.12643596280113545
-0.2096447792640408,-0.22200143888481663,0.009884312768871356
1.9876588023213422,1.0886057513982696,0.661150919524413
0.5223508646712536,-0.9403304205174953,0.13771610382706295
-0.7409722339423329,1.419066538051527,-0.17595653101770933
-1.7805886135229338,-2.0381533287808278,1.480762116447132
0.6367163260529407,-1.4883018068601197,0.41074667699117473
-0.6899421833430343,1.0490227326522004,-0.02023552630136334
1.0009671610169772,0.37097964098522024,0.1952814110112916
-0.46717614160132415,1.8388104275504447,-0.5780922465554035
-1.147366686029096,0.29943502196266214,0.2606052881389039
1.2026909109878745,0.14147579264388574,0.28900991601791537
0.013886069742897094,-0.3265981983512326,0.0035222694432555587
1.0078110463359842,1.886959078902002,-0.4687367770514228
-1.712332744807106,-0.7266533436594841,0.6247858049140746
0.8934873843160815,0.3048731103243136,0.1568302183869866
0.6241557316120592,0.0008972409896270038,0.07791407538860537
1.8089191387521595,0.21270465055827567,0.6534753447499142
0.24451117536977038,0.6638363953196397,-0.01729671696056022
0.885607139697722,2.2682176424523943,-1.0100951685946769
0.13034270843706539,-0.7959511410946992,0.05382439116334959
-1.0161658506949394,-0.2883402026296703,0.20891586975747445
-1.6510569973108236,2.52381646762448,-1.0623848041471877
-0.3090911663000657,-0.775772919277398,0.06579531665189634
-0.593688166171533,0.8190004627331089,0.015557708715374083
-0.35569265420454377,0.7031475607672711,-0.00946132219925093
0.023077080320065453,-2.640932408367832,1.842031152969623
-0.29805947588321097,1.9964404528725381,-0.7779682509296625
0.760942759590696,0.39158675737522647,0.10980217795367633
-2.1482203456365383,-0.8174339790940774,0.9775909310325932
0.7610525464260038,0.18246741158271595,0.11523268218305159
-0.6172414089026516,1.760218507058296,-0.4691832880768873
1.4356668565043953,0.3188349940057433,0.4089867234203643
0.414995628712884,-0.46594049385890746,0.0445598678304959
-0.28971015190702926,0.15120935369093555,0.016440665295176866
-0.3924753719516797,-2.3890069986582256,1.3942983535295457
0.8435190529636307,0.5921978669064187,0.12153659922023695
-0.5971791545234749,-0.5492298103576191,0.08789229164043542
1.383438123486937,0.5246360965436508,0.36833996521822565
-0.36405682505513043,-1.3313752031532358,0.2625017082735495
-0.551932833748958,-1.0963799644159171,0.19271621747009413
0.6166840377536973,0.31824644628906956,0.07283661499799036
-1.449506880171013,0.6234765908956302,0.39597806634521937
-1.096230834669154,-0.30536306779538547,0.24319181545653915
1.7343337986695904,2.090994278122061,-0.3126537067815406
-1.0161896916051674,1.8131334069943597,-0.3895307429117895
2.2282423242017178,-1.0598749658150608,1.112072229520988
0.8420949705484936,0.47388835859689626,0.13118266865556516
-0.7804517125072883,2.293825851491266,-1.0851069305453729
0.19013619997470943,0.17751171927049286,0.006671008194271165
0.932634135469368,0.811621636571517,0.12049735995736849
-1.0930799701261509,0.5291198361699573,0.2241511125168899
-0.7675216640614706,2.105652116644248,-0.815779993662306
-0.8805634261198338,2.03374012642089,-0.6860966408625642
-0.1053366744114948,0.770806481590695,-0.04357773618307731
-1.1377901151986742,-2.2306050640548705,1.3687728911050332
0.5258801710418193,0.5042985772966092,0.04248481795392182
0.8268850279939594,-1.185055111352897,0.3031716501057339
1.1071046140541478,1.4106698820731471,-0.035585702320813456
1.2748041158531627,0.9964700783113738,0.22608034956008727
0.31094031050464843,-1.5871034241789257,0.41911182501135646
-0.19696209626349653,1.4542017311625113,-0.29976161560278836
-0.6303485824525908,1.861217214840593,-0.5652818827785788
0.34287586628888855,0.842982445282592,-0.036391196268552646
-1.085786153489756,0.49793594995608426,0.22344047980926987
-1.4258095409617833,1.446868273658066,0.10369514252741324
0.2572581450173829,0.2074368379471642,0.012343749056080442
-1.5056792703159414,-0.5738830415721616,0.472314377268749
0.06858699989895604,1.4623804950110029,-0.31179752702692265
0.3212230227287778,-2.19435972902201,1.077268151016386
0.3820607264089467,-0.7659750189877996,0.07413519214859338
-0.4616214904144768,-1.12692605294996,0.1857342435434271
-1.919011578847444,-0.28207368489700924,0.7387654231248095
0.5944799186947651,-0.6765171218260221,0.10164380027092455
-0.3825497965727969,-1.1596153743514304,0.1852032551661106
-1.7916998123541261,-0.47379956011835456,0.6526737814209503
-0.8826594209712469,-0.4771234719158498,0.1666790942001145
1.6060814579903588,0.5110490374796643,0.5025524050567207
-0.17210879837216422,0.8078098760736977,-0.04678989474584311
2.1579473931508257,0.2039602488244752,0.930498920110066
-1.1702514855268107,0.20464517073189314,0.27304066114692227
-1.4265903805409248,0.6537503077011463,0.37909142335699275
-0.9165874184860899,0.9813549548430015,0.07351636955190459
0.5044237494217976,0.46873270792846056,0.04059012099514417
0.3197905511081315,0.7065798870018415,-0.01482316449294668
1.464399904347223,-0.38281957144688356,0.43450366834514315
-1.6044917139497554,0.4757660956408185,0.5041096057494239
-0.4413606584427923,0.7898950239400762,-0.010324401779707379
0.12014636776815893,1.0279720153971998,-0.10574149339979556
0.7464069939036092,-1.1331750045192992,0.25693404963306804
0.7667518778951995,0.907009012853037,0.042965199804698415
-1.7236838355187216,0.16183480709793063,0.5937933394366831
-1.7955505470505542,0.22296559292071125,0.6436919099324074
-0.2681003615401397,-0.17833182118244703,0.014942695881570515
-0.45014825501881656,-1.0711487237526751,0.1634259661789796
-0.9031941617511628,-0.39276781127784666,0.16921103242441898
-0.3490253549637278,-0.4106673308623568,0.031289547982267185
0.09692614590876757,-1.019958361110014,0.10798673975233784
-0.3213797509395906,0.7449587876635846,-0.02068551185369372
0.5490271516779697,-0.42450871464728884,0.06793613439258259
1.1972470352521571,-0.5457722769430016,0.30293686841108314
-0.504359414210659,1.8610012017520143,-0.5936496029761189
-0.0795479480549668,-1.2562102941238906,0.1995036374376484
-0.3234645175243763,-0.8509440470690057,0.0825432083681398
1.4182377137963105,-0.6170689685918235,0.42577603142260473
0.8290447301497602,1.0369376344638275,0.02596738619711146
-0.43472159957633155,0.3322255637372246,0.034129673197733315
-0.21395851893351678,1.1899897210415133,-0.15935588366294073
0.12488713087851885,0.10523766910511889,0.0030028087205779554
-2.0177725631960715,1.061080754899477,0.6948149509357111
1.1430381747177867,0.35347996643912305,0.25689058922402497
0.6829748374539183,-0.7743087084686713,0.13971491220122986
-1.1975076255793495,-1.569140039360953,0.6731586358264989
0.5123799596058946,-0.5892937212942666,0.07297087617351761
-2.614311499590106,0.5686804593589718,1.3485339414907884
-0.4648406713986155,-0.13274887838933555,0.04344930354480452
0.24289297169655577,-1.965324669783993,0.77090626070882
-1.2614682144152847,-1.8745101041979626,0.9769235467043657
0.8117910707930374,-0.772119905832797,0.17783235524119761
-1.1170982579809512,-0.7599847246577194,0.2934766567387051
-1.0021505247013383,1.537039781924342,-0.16226317507335808
1.542176059640154,0.5393688608405518,0.45997014733372
0.10826526135696651,-0.6547105262745491,0.030408169887119245
-0.9789582317663719,1.2260830013170927,0.007357296588409362
0.3113446780904207,0.22060545591456615,0.01831348627889837
0.7773197150390947,-0.3122130997375383,0.12388854812343111
1.7898388812277564,1.674447803944707,0.1712270799625094
1.3115011719559946,1.3006505565267232,0.12397706756452787
0.7989382386110168,1.3914527856294034,-0.14174439673241668
-0.7399522628435445,1.3379428691347137,-0.12999809479603072
0.5704264991173722,0.28313354026684184,0.06280754943287087
0.5788539223549674,-0.3923252962601176,0.07305300983009919
-0.1522309164651271,1.6209738842869221,-0.42128516923057885
-0.4838407767149804,-0.5082907828948856,0.05995255571012059
0.6365884591563906,-0.1522208498618828,0.08140168704598597
-1.2193535962983644,-1.3314070857379694,0.533375827004526
-0.1424943363495667,-0.9838579450649031,0.09929605987210216
0.7784765027181046,-0.28633929934541985,0.12355283453716892
0.19849759582989707,-0.4017937902670631,0.014366747742076465
0.7951634353621555,-1.3327438242470768,0.363179748966321
-0.019098487288105797,0.08325897658563494,1.5234844677418773e-05
0.6204009771908235,-0.8298419358205106,0.1341255135965827
-1.24338409804268,0.5859522840618026,0.2890827126915233
0.5822124704358198,-1.1674540796942305,0.22691231248431534
0.15685571077785804,-0.2678672375000959,0.006842766757474333
-0.11582620756060984,-0.09233112214404275,0.002761854686669063
-0.41413404638876644,-0.44599659496973176,0.04317285208271765
-2.133669287225949,1.5444360491538844,0.5421172649869304
-1.6140041291185243,-0.01664582179481224,0.5210023269903913
-0.4211056974045905,0.33480677692712524,0.03171296576366554
-1.7349524268993517,0.0821703664678706,0.6019565035430482
-1.4730872723148327,0.2502959629135312,0.4324291664944162
0.5520020164442262,-1.4343986347452624,0.3560686844860375
-0.9901800883766344,1.4022012234876708,-0.07960503405544997
0.3769878556896788,2.4626041882211114,-1.465002489695933
0.30974045074299517,-0.19820342591987705,0.01996646355716247
0.9958977264967623,0.28898110271771443,0.1959491728932976
-0.7007852057182533,0.14182403853556638,0.0979347152183506
0.24195731024064066,0.6441043051656854,-0.015013310238427523
0.5038114138428784,0.5417666120886566,0.03486373877805112
2.281446218608127,-1.456510950319122,1.3499871199217952
1.6907715396502383,-2.08374868779454,1.4765071508483933
-1.0680791883148224,1.6920608634575167,-0.25629023331853806
-0.43803855030520017,0.15014379882896892,0.03803708273778875
1.3936096292330096,0.14730980890143464,0.3881098948042677
0.28291112318429323,-1.0230162235875826,0.12307275104152442
-0.3406434217116514,0.9519946084840942,-0.0630710867514881
-0.7663577502284569,1.6743651195195444,-0.35194717878726706
-0.045565201362972534,-0.43160603857788743,0.008455357626649078
1.483288799771511,-0.3951068181649115,0.44619712144899715
-0.12668049515055707,-0.36488176869133326,0.00806757819098499
1.0915824202619762,-1.1372039597437065,0.3853773873856364
0.8475317811429566,-0.21539537795392102,0.14466135450230752
1.4251726945271448,0.8197470461814361,0.3511376519505857
1.5075727520284505,0.6628836222053857,0.42542703995926506
2.0646393744030194,0.3362097648446821,0.8487467347472337
1.746067650073327,0.19565049159802203,0.6090015149624386
-1.3827772487373338,1.7633731801219152,-0.1659036565023989
0.6430154952932624,1.5690037453024004,-0.3035592814809695
-0.36783114879300616,-0.6167925614672035,0.05052477919829126
-2.094535952355679,-1.6751892651313747,1.3475176787382424
-2.4316357984155377,2.6184506464445927,-0.6127135404273645
0.3489594393469076,-1.5715076840824531,0.41245979618844536
0.40025703582040456,1.5373659720301796,-0.3313144064115148
-2.3936755418806848,-0.09735975573838059,1.1460288065129807
0.6961242952132866,0.5729052184958818,0.07811388948799441
0.3392477927354285,0.05753325329277804,0.02299876903548387
-0.5926589906528668,-0.19695951963939834,0.07101300193647873
-0.4142906279342189,-0.4890588626918192,0.046024584878854
-2.3068527509489862,-0.06771638758941484,1.0643449743236584
-1.8329737918674862,-1.0099275651166248,0.7749665186770011
0.9750662983117929,-1.3606184414838978,0.4420397741026378
-0.5206381142747954,0.5749922557981476,0.03520263982479899
-0.759928889060836,-1.2808872080570033,0.32564996612090547
0.48129316656278404,0.3148883158614052,0.04320635831501001
-0.13912344697638435,-0.07977018795984175,0.003921826726913114
-0.7057920382812947,-0.19455543558807378,0.10036490794473231
1.472177203656278,-0.6137854485121361,0.45658444115539754
-1.156323542919506,-1.0208554229047553,0.3738048457566053
-1.209269686952974,-1.2805450570879848,0.502449855714244
-0.427705323929385,1.6447398181617643,-0.4083435595143668
0.31242230575584923,0.380884133695637,0.013995949573020555
-0.9456038432356244,-0.7314410037925331,0.21796585399566493
-0.4798637690880113,-0.09816448620000894,0.04614844129019282
-1.2706407631853498,1.652317362998054,-0.12820227589425065
-1.577643930959259,-2.070054475386393,1.3848364028963394
1.259230179237923,-1.341515171501523,0.5585596446823604
0.12841579909817344,-0.3684662928475881,0.008300694878684355
-0.1685774827237315,-0.580449014182031,0.025240223137387316
0.02466906035133751,-0.9781142785950346,0.0936986432338666
-0.9164293380329499,1.0542442613892944,0.050796574888741355
-0.37276713324802785,0.17440969631459718,0.027260534767601704
-1.5047383733613096,-2.1113456332932996,1.3940390290838274
0.6453394300833264,-0.21838483318639734,0.08433411553897528
-0.5492978046670631,-0.3747113368862151,0.06560688453911212
-1.1865880917214775,0.47939676007978405,0.2705807034469108
-0.3640361513690695,1.5814367967083696,-0.36900376070510776
1.2195929325607453,-0.7926122820931455,0.3472760008815523
-0.0804399494942584,0.1531857902116906,0.0009346530609904914
0.23946261315718548,-0.36058931043711173,0.016157018537247908
0.9752479681130114,0.6416968055153882,0.16379826311484522
-1.0040144210666382,0.07328106912550132,0.20156963876442716
0.4235307166724926,-0.25641158679184184,0.0375614803357957
1.3936567014186487,-0.2373858430725842,0.3897935178984329
1.7474930423221975,0.33233505414484155,0.6070758593054948
0.3154102163151951,0.608191672260947,-0.002600113290963567
-0.2760013122648505,-0.8991571763180602,0.0879307304547773
-0.8935721223499531,0.5329990858806618,0.14455236177544092
0.9661679760945195,0.795914119378752,0.13627660084562826
1.015269611695385,-0.2042507967158524,0.20700657828425345
-0.021645184634475567,0.4009102762415469,-0.006350089963788203
-1.153066816138221,1.004208677069042,0.16464469203149876
-0.31657059083590916,0.7965949182387436,-0.03050561525698175
-0.05336465440360278,0.5807773711131153,-0.019020200221006867
0.4486047247828384,-1.182259895018704,0.20549825224329246
0.13284476840700676,-2.029913874402911,0.839965776523975
-0.6296533837777663,-1.0610379709480884,0.19874449870758226
-0.7947162806053493,0.7977101425357862,0.07555318873831424
-2.7930752776812224,-0.054783283291872265,1.5602703429623181
-0.09098402577269564,0.9855351223510059,-0.09406738526924113
1.4948047137004323,-0.7274330437369259,0.4853809884799093
-0.7340442913259885,-0.11134777173060026,0.10790225692598286
-0.2056170060225901,0.40447292082585506,0.0018385606420300397
-0.8929770056790612,0.26747318569036166,0.15756803240854325
-0.681306040923939,-0.3111720749955419,0.0958486031226878
-0.05042785406614771,0.17924589380802286,-6.730706029845759e-05
-0.25649707149322476,0.9269376971834613,-0.06648558825743006
0.5393794536967066,-0.11449289983610265,0.05833612345278604
-0.5557329303598582,-1.8326476084995158,0.6772803410614991
0.9376925254774123,1.6286914269122097,-0.25617905830336246
-0.08746217178038612,1.7824241608195601,-0.5647526265490043
1.9092173515689206,1.813343632739354,0.1327557821282248
0.036575023763643764,-0.48949777398440936,0.01199630819804423
0.8399167811841757,-0.5598335717249892,0.15863798694370956
-0.5681430245605216,1.0762709131877155,-0.06011351905824776
0.4956013154016689,-0.13476363802473046,0.04936888021776546
1.8667397931466763,0.6028222129159813,0.6750372561412391
-1.0013105287575375,-0.4821557655551392,0.21173343173198397
1.0686551430204423,-0.3096232408831304,0.23137301417123227
-0.8524558372132425,-1.1926021185818538,0.3149599679333527
0.6196305142829716,1.478808261185532,-0.24660832016204762
0.1710236509747553,1.0361223794137762,-0.10538305721698765
-0.6844620882113522,-0.01727211640485518,0.09369818531187767
1.0510921613975754,1.0883885130675037,0.09202957987304677
1.58672445723611,-2.2090740502935073,1.5815688397152474
0.10115489275520004,1.921315035100031,-0.7071976574663474
-0.045332879929832176,-0.9912874665289575,0.09781996029577127
0.6715673545354809,-0.06371496922757124,0.09022640804728482
0.6745931861900082,-0.000737266519163988,0.09101519341087241
-0.8193637615789353,0.8105286728416508,0.08102316815027966
0.7853959414218141,1.0919559697936907,-0.0068319611439437156
-0.8583793828181092,0.25798852606634076,0.145645910884526
0.2422071997220324,-0.459698415955176,0.021447333513034458
0.008279583178172067,-0.3594286543430226,0.004657131616799655
0.6090172464732511,0.15780093528661077,0.07378745905830404
0.07628108443739852,1.16029168402896,-0.15504361585039447
0.6653131804363173,-1.2590451000402212,0.28811147044576985
-0.38769349666122493,0.3146765551508093,0.02694528023234759
0.5012487348012631,-0.420989873062183,0.05771136646835029
0.11700013049664706,-1.3102281832109888,0.22766440213350603
-1.391379895280936,-0.42027623856440005,0.39461103076010945
0.5717437188369386,-0.1575622084942842,0.06576933757411357
0.6216509477943452,-1.5251459781373913,0.4320496495499134
1.4350494493824613,-1.262074018283852,0.61290042474156
2.9761692848452794,0.658803201597637,1.7429232365973037
0.2545390527448493,1.1949357508289973,-0.15766343827867033
0.3509433679711688,0.7986370577444902,-0.026306511155952998
0.5902813234901776,-0.35727974048106415,0.07424704164890589
-0.4693982419957088,1.3441245859641948,-0.1987721359744612
0.5034902893883803,0.5732875371413467,0.03185890635239656
0.7847780746528817,-0.22310401293722368,0.12428583445286633
-0.00374015390210797,-0.3410789479388252,0.003970734531486949
-0.940990281781814,1.053693777181466,0.06010402238219992
0.5742917908386547,-0.07662164429634824,0.06600719582506263
-0.5252077785731517,-1.1607465221449182,0.21155979217458176
-0.6444749191089666,-0.4449773414176565,0.0918803507509105
0.03542688986337839,0.05408349495449312,0.00023519335069718998
-0.6429046971882317,2.0439654960649993,-0.771261582627031
-1.773177728608112,0.40564350759997453,0.6221571232060945
-0.8153249801971943,0.8900366486427932,0.06244535549110537
-0.6795952053018156,-0.3983656475145526,0.0986917997909543
0.1328229401357977,-0.9697532104176144,0.094726043111724
0.5196491634962159,-0.11700512470696503,0.05416723297101932
-1.2819761224174708,-0.5197145175749339,0.34273021006709237
-0.6867588328643058,-0.4261205835944797,0.10206498327038512
-0.8075015059399488,1.4718060690083503,-0.18841282301750617
-0.15894358714322598,0.9413736625821095,-0.0783704500772643
-1.0947065859364005,0.025914292249008947,0.23967476158280346
0.509016189720674,0.4890783532239963,0.040120857708495265
0.5738258547304238,-0.38397576933821664,0.0715164608921165
0.22218737680273487,-0.025535268334486366,0.00987511110908633
1.4572924066531026,-0.5275645943322801,0.4394236416785734
2.5198570514871115,-0.36303112774795915,1.2747203572930506
0.847335304361855,0.424016147617394,0.13597205028421286
0.36042288097390524,-0.8406530506108273,0.08538967587878216
1.281385616005431,-0.05535062755972446,0.3284067771084495
0.2809453191874031,0.8430137756244188,-0.04412459316344546
2.052161797141295,0.7809434449277072,0.7946460023963884
-0.35860645416377507,-0.030157012177406434,0.02572246040913354
-1.3513621544433088,0.3458818173341828,0.3610980039495142
0.704550792021906,-1.2652644231648853,0.3018337937117885
0.9150682498032098,-1.305293760016901,0.3898648608424238
0.4133148567540231,-0.7348996395991811,0.07385610872428125
-1.3773085201232333,-0.9583797617729239,0.46742214407995863
0.8951469122954354,-0.11952895129685258,0.16042837196548856
0.274074009061529,0.2966799982300342,0.012411964178785815
2.5647460494514664,-3.0099503115854565,4.042539507263438
1.0095410887160021,-0.6763047310614752,0.23476801483068738
1.1559126942377382,-1.1410685649368153,0.4157982340657773
2.9347295799658637,0.1278134709390427,1.7223187417975576
-1.922253614370456,0.973592540985653,0.6467266646633133
0.7457783049345201,-0.805311191656865,0.16346358990416654
-0.06491380293022342,-1.1921772057236895,0.17028529596205272
-0.40073953677455865,0.20451341104143586,0.03126304288739148
0.5212929129203256,0.29531235804967554,0.05177385918663385
-0.6339020422594819,-0.11536366691129461,0.08051989475217856
-0.1788402988937026,-0.7251618303391978,0.04453010731983412
-0.9153938944220301,-0.20480701104085752,0.1684482780705564
1.4377909848634929,-2.204062388338273,1.4841580697816252
-1.5170528268870993,-0.2771203516287194,0.4624180207551014
0.12398260294164791,-0.02874773056179696,0.0030767129709194305
-1.1289700021174915,1.2927814295118676,0.03885418396171275
0.404464143262315,1.0866683636227161,-0.09560078214592174
-0.4029317300962879,-0.8065389058038483,0.08493655544599182
-0.8104818402834212,0.21355631754472945,0.13040221132105617
0.6771795538438025,0.7278306718000142,0.05315851053835278
-1.1907343479052963,-0.10699645115873968,0.28369214956748945
0.6750041721234012,-2.046009096382663,0.9476168836814904
0.17180192225530996,1.946706023380896,-0.7318330599145264
-0.3920323049838557,-0.04738135718910436,0.03074850271175601
0.09675549193106743,2.1942307905405047,-1.0545727309122794
-1.5073926902194805,-0.06521884456762932,0.4544742853258746
-0.675959108238193,0.3502458623161799,0.08708760141335958
-0.5305755062546359,0.9205486625299724,-0.021706125923092193
0.8874746326998664,0.43265338985221724,0.14942345111231256
0.5034647974482197,-1.4267390392403514,0.34112011731714964
-0.5387297203686272,1.1879664991320475,-0.1096075409036012
-2.2179595023991725,-0.015028230992743854,0.9838692102657378
0.24453133145615863,0.11872314125518821,0.011791771957439776
-0.49046306583303695,-0.0029251478965336597,0.04811080629216832
-0.7053831655943827,1.170344244770466,-0.06078963053824238
-0.7779454879036195,-0.8488401991887408,0.18220129245824052
2.6945242006093033,-0.6675778220859545,1.4818434166691934
-0.25580278306424675,0.805610743314866,-0.039197822920369475
-0.4171077328349416,-0.6014457113574776,0.056552285501553265
-0.4275754669772992,-1.6437093868606611,0.48065836086528513
0.30792971142638087,0.9803646955332787,-0.07526017374890456
-1.8501934708582273,3.218558925044342,-2.649501137397705
-0.4332288903752859,0.14357328364573943,0.03724150254987503
2.053356221455191,-1.0382479732546832,0.9551732139761133
-0.4211963005516288,0.30891641159519484,0.03253329550338089
1.3612277744988621,-0.23883505966435878,0.37195057819652366
1.501751215354078,-0.5912558515349451,0.47172067049521743
0.8357889849643609,-0.30342736564219674,0.1425022455911327
-2.448433262750165,-0.4362583468904898,1.2072680159731557
0.13053389615040664,1.7928095474189139,-0.5728309427143211
-2.4371373852845863,-0.4475151426367821,1.196890103890939
-0.3100823431391919,0.23317873642614056,0.017962364945140655
-0.4285473322601101,-0.15877262058756123,0.03713080904875475
1.535099879633097,1.1641550321455176,0.313533409566377
-1.150429159431633,-0.31745381419081936,0.2678966520693174
0.0668663528766103,0.065323671407467,0.000866347029622015
1.6209543344496837,0.10991690408890024,0.5253657922845955
-0.9308180858227544,-1.358665044971531,0.4240900487936581
0.49016901251416145,0.8256396260120207,-0.008229135254231537
0.22056504002495442,1.1274471049411272,-0.13358418280537276
0.6451607872240889,1.0724784556541886,-0.04011106023199437
0.2141775312157502,-0.7665352440401514,0.05421419572100039
-0.836193965766776,0.9639154752272853,0.05028349777079817
0.8449860361401391,0.7974345159579378,0.09209127526895883
0.11589777945763337,0.26550749648998734,0.0008147843858298837
0.620198543626779,0.5601067170527265,0.05935760484964056
0.7961888657292077,-0.7531785298507035,0.16950949529252657
0.09830438693320877,-1.9256584992979295,0.7159978588811993
1.294456604855706,1.0407656894254234,0.22238854650180762
-0.31182031798645393,2.1216470678238335,-0.9355889181546352
-0.5294258763767137,-1.1409823355452868,0.20459607481686867
0.11241740080661265,-1.1934106801261717,0.17249655049417514
1.6308035708554618,0.16392987258109049,0.5314635285451788
-0.4034936274891176,-0.6460689698845347,0.059528670677675075
1.1006581343408934,1.0195593267639522,0.13630634925412033
-0.4224767720933107,-1.0240412791072586,0.14308449279949348
0.3765694304500864,1.061374926339798,-0.09120475439497368
-0.1944461349009844,-0.34352108022437294,0.011615639899811514
1.1667348413463916,0.4787884102043109,0.26127837188207526
0.07876382482200354,1.5371219074688087,-0.3619417712602234
-0.920226770311347,0.1735190787319787,0.16884101540925583
-1.649353861246659,0.7058074010887473,0.5089128419352645
0.46210128411772067,-1.1156446316948108,0.18156767255655365
1.9508391882773812,-0.6793209312441245,0.7925038013260337
0.13271736703822468,-0.4819687338193129,0.014718617678817335
-1.6633496109977672,1.2983159452396351,0.3344990958666245
-0.8061571677169854,0.2822356404363494,0.12772967259243312
1.0806961911239248,-1.2136024912479648,0.4123239894014666
-0.9855174316570326,0.2705044740978895,0.19226956814459206
-0.23785677156192975,-0.08608646718627984,0.011378966401925988
0.38404472917321025,0.4094547327085432,0.02263343207694519
1.2636308849610145,0.5164213978910975,0.3055801056741277
0.9773987525951096,-0.18463568295039284,0.1916910935510966
-1.5992052242801857,-0.18017062977505754,0.5120763299671023
-0.08657067830618821,-1.5135957327396459,0.3482594471535598
0.32663432920778396,-2.177269046382175,1.053472497377035
0.24659105155472738,-0.17910220222315315,0.012735946200821921
-1.2388030609974954,-0.19659552874075029,0.30768644261178846
1.364308691746794,-1.934937303187211,1.0967047557648675
-1.6036396336193766,0.2114314702225692,0.5133868471648686
-0.17778252253630822,-0.43886041084929794,0.014773709001580614
-0.8651985451178207,-1.4267440624034855,0.4401415288904156
-0.2869848917130858,-1.9856484884896395,0.7993735357392874
0.6421469371017214,0.5678835602868229,0.06415676212947109
0.21097329031773587,-0.041877051296813975,0.008909289771325187
1.9857270641360865,-1.8807317783675002,1.4538658159480815
1.6996662268411478,0.7880381418677428,0.5288355637997869
0.9235072601511728,-0.600447843467459,0.19222153511533174
-0.16957914518456427,-0.5139824327983914,0.019329699388573242
0.5744056801524627,1.4927859161662038,-0.2666654981421469
0.860066208369325,1.18366761234757,-0.01789722519615189
0.22411888240088826,0.5200182428439917,-0.004016425221697588
1.7737033869640444,-0.1500472897837601,0.6295425602922301
-0.020708474712670913,1.1460495474777856,-0.15043976770764045
1.2806681824819497,-1.2169109696800635,0.5082311743699242
-0.43563912611427674,-2.4305490956266707,1.4738199158845353
0.9054387551331846,0.5231740533134358,0.14964401381705186
0.29768444119946535,0.43932717837488827,0.009243823061951996
-0.20202947552563602,1.6577710747950114,-0.44742628332552287
0.31020467256183143,0.6331760008601005,-0.006139388289696315
1.590363686163076,0.2644172028166383,0.5040026194503184
0.07283026212283646,0.11407637045951056,0.0009123970635144405
-1.8255894895027645,-0.6705761633237977,0.6967093554953345
-0.13151114948067233,0.7629287028841161,-0.0409480072847836
-2.4506179443784077,0.4644248620391799,1.1910884609982664
1.6872035892997979,0.7592371587020915,0.5255656428543968
0.8969313610004175,0.2920036071476113,0.15840737220012227
-0.19867336847413772,1.6897630916974304,-0.47458371684525835
-1.1840945516010466,-0.2987305478649865,0.28308185104982314
-0.838602335525907,-0.11929751332221405,0.1408205584183375
-0.23287433575909625,1.8194180759021532,-0.5914326240098017
-0.6939790365706588,-1.0493839568914132,0.21188024390373367
-0.9929270200460937,-0.19846234478116198,0.19796250306435073
-1.2299527786996256,0.3841519165365207,0.29688773420573406
0.7994350839289935,-1.3278052455894966,0.3619202212649101
-0.7548127322652773,-0.823710006467261,0.1698370257494432
-0.46628789797990183,-0.23765987781045145,0.04482723645195061
-0.888662500400159,0.25124932731405736,0.1563581657799513
0.6222304024687938,0.32107771312991,0.07412411577807525
0.18773850611232853,-0.876304658508724,0.07434144761887954
1.608226884884238,0.7773981255558147,0.47029685441620306
1.1840600314526692,-0.5555829486110212,0.29754894454186476
0.6405513919304332,0.06912864501104446,0.08202818215434547
-0.8646586812995485,1.088220042190996,0.020657421937448017
-0.3239370706341368,0.9377393124509642,-0.061473531862635815
1.9570681994078734,1.2897029089861642,0.5515025700183663
-0.6924265759437145,-0.732547796734362,0.13520135212012868
0.0996169671758081,0.44889092361299576,-0.0070605815000146475
-0.14659145693332748,-0.8117139680903124,0.05777998574974077
-0.7942081756791333,0.34109478100691343,0.12218483587494494
0.7677449413944701,-0.4744051947792128,0.12856343602347206
2.174053569471439,-0.07403755189818183,0.9453423687078699
-0.2142137951563556,0.8525828456928891,-0.052796524648343675
-0.777837723884749,-0.40873858537002455,0.12783498731266452
-1.4263151780570658,1.0471807291605162,0.2920424697914479
1.0273071563912808,-1.194339157997541,0.3814380330768262
1.1593377289139006,0.13491635714587016,0.26856721347066853
0.8947737815965099,-0.47248858838302166,0.17067211756301912
-0.5320911948985897,0.6939044181967653,0.023212478326933496
-0.2376362056188425,-0.4881212476906549,0.02292428491960217
0.262243174432257,-0.8789128645213837,0.08164924507636162
0.4581676170821862,-0.5019291271386408,0.05462875655161012
-0.7051968237090647,-1.8411108151674451,0.7235398260387117
-0.33192696449356934,0.6147355139409189,-0.0011957378809635266
1.508951274937236,0.0010458923699037807,0.45538678991253284
1.3223221608529465,1.0722068660473252,0.2264433227077477
1.7998597389794093,-0.04118546260635778,0.6479060020523114
-0.8563539559957257,-0.3017660957751467,0.14941638544518257
0.7679996179442201,0.4316424303643157,0.109922528589629
1.1182245212769943,1.3663799104639676,-0.005017101618599029
0.27705742307042974,0.5785594873922193,-0.004014021096343691
-0.21646543922309744,1.1133947186711022,-0.12865027402914964
0.5297019574770504,0.41461487004893915,0.04898937549199031
0.6096848601147429,-1.27327319726852,0.2807693131653469
-1.272554207007968,0.8526183952198503,0.2618970547173136
-0.08461707813654627,-0.7126946468998289,0.0376321700087182
-0.002254435974431072,0.6405911070596397,-0.026286085846080436
0.664587691704219,-0.5899044214016615,0.10886328033677915
0.08761366714931004,-0.617977306235345,0.02513553404173951
-0.42218161115716435,-0.0003062462432307485,0.035647462562724004
0.26221112024200366,1.3979398299946635,-0.25943946745294016
-0.6797477857036398,1.768371785539096,-0.4605829869338943
-0.772392246384873,-0.1918724320707527,0.12002433539300136
0.03282029388905175,1.7606120528534346,-0.5455311319537661
0.6397950639700577,-1.606056804590462,0.4961368016641675
1.4178061351013718,-0.8687562337860512,0.4676031289147086
1.1462569770041462,0.3114106501997007,0.2597610570763086
0.23942221707984773,-0.3518079572618901,0.015818885841122496
0.32694220324815876,0.3824421536351149,0.015784565391911497
0.810311563623519,0.28105094710943596,0.12910095485916304
-0.022639116969907135,-0.237676264108633,0.0014451392943651514
-0.17952587738823664,-1.0046700453624493,0.10785347472129733
-0.6229614638893128,-0.4864041898848141,0.08912398693430414
-0.8002711726292674,-1.5790206142304513,0.521784962922946
-1.5785906191210228,1.3792182376119277,0.23602885207360325
-1.7600445287157174,0.01322883871052732,0.6195511171048735
-1.432489963148038,-0.47147981574796216,0.4208861753871544
1.8157267772759658,0.9632408502795179,0.5700000873583771
-0.2963129236345272,0.3348206690320904,0.013806766636467648
1.5384543573969875,-0.024804251569539616,0.4733698880425557
0.035848791058559606,0.02348381629105951,0.0002557320559619726
0.7915900609327254,0.0037457349364547633,0.12532295965803047
-0.21319895930620963,-1.648187039295475,0.45682414997766607
-0.15820940273752973,-1.9513851918329153,0.7480748233445981
0.20533033818885202,1.113661604945829,-0.12968889903702882
0.42688176721550875,-0.14804689604860993,0.03677009609717833
1.2118673759103087,0.08316756914989377,0.29366698164433735
-0.33120825146968913,0.030724328610923432,0.02193688083972735
0.876291484605087,-0.4265704974412026,0.16133933188966204
-2.5841893385253685,0.2359969795969201,1.3342925323363015
-1.1797275893192873,-0.4283666912665106,0.28621188106202244
-0.6748303571888613,-1.4005982011021387,0.3658310947609077
-0.4036293015910555,-0.9935598021631572,0.13066367940251714
-0.8547774016647012,0.5888497778142134,0.12571086496140838
-1.0473541315785535,-1.3214900946214896,0.45016671724960067
-0.5518041766280936,0.6679197276313493,0.031100551214813914
0.118664149280622,-0.4035719374921817,0.0093892246703585
1.2777605608314193,-0.8262476434815398,0.3829411113228701
-0.5895484071790749,-0.28255671029637475,0.07176934946738299
-0.04036050827355435,-0.3975725973930787,0.006609984444203227
-0.4633906534684792,-1.2055673962487006,0.2181624705048302
0.9075350711086131,-1.3500112520609724,0.41076763317403653
-0.12302931465024529,0.23254175988213827,0.0017697573037297075
-1.09858767790962,-1.1161547543304193,0.3804296967422375
1.6350688540109002,1.7691331209266579,-0.019018913864413234
-0.5531321226470212,-0.23078359871637605,0.06242020714840324
-0.18785913008113142,1.304229998132118,-0.2147933842955397
-0.23770648777704406,-0.7877614821495045,0.06018684364543208
-0.5734949972533278,-0.4687376004485371,0.07607816766048128
0.45716649939675946,0.10430418617501283,0.041686765321110215
-0.7756878987408335,-0.6293352910361675,0.14526397983228428
-1.1924015091358935,2.813682533514069,-1.9431745610278726
-0.28611606146692886,-0.33926997308654133,0.02027761711341276
-0.8069864981744179,-0.6758811944685347,0.1611207347265024
0.22453652352044365,0.02671277663195593,0.010081423928821625
0.5042156590401047,-1.6500495176427863,0.5000996309127457
0.0892220318154542,0.4092085258007824,-0.005260148765360629
-1.5143935025206094,0.004734936335212988,0.4586775254797795
-0.5006332850222405,1.0066845211032873,-0.05189205383159523
1.3376054244460225,-0.7568868653810816,0.4011980170040223
0.3337089059788881,1.0533779958446792,-0.09461104361390166
-0.25151695829006737,-0.2586151275409206,0.014381820176421372
-1.5470654158886332,1.3861252175739769,0.21236006535040436
-0.9973493118982901,0.39067479265470534,0.19297838589385816
0.37694105522737825,1.4889144909809608,-0.3016555331903889
0.06265378980958462,0.28108038096693166,-0.001435609257680897
-0.8697988642402353,-0.6348518318150721,0.17689688099368614
0.42587499196037865,-0.09539910375944917,0.03636072437482491
0.013850062532584308,-0.8634726877093826,0.06441760034975881
-1.6387892763255467,1.2747553876481155,0.32997814244078016
1.1698786096772622,0.37230755175524854,0.2685625288445123
-0.2795777698053724,1.8300526732759475,-0.5972688749094778
-0.9244092870160869,-1.4210804890439586,0.45788941287943247
-1.4502605267019544,-1.3768749112147753,0.6816769334836585
-0.6254203428099566,-1.712155314182101,0.5801443113808361
0.4009999843250405,2.3404306888571584,-1.2498378167101394
0.8189383428297297,-0.735510481541402,0.17392132931225923
-0.1850803892228559,-0.7384132224077017,0.04711323283819942
-0.16840228088767561,0.35554645589469147,0.0011772861916820553
-0.6339588256702773,-0.26674426454280514,0.08227871072846249
-0.4799303651303802,-0.1796609896521542,0.04664654209647163
1.679093027028477,0.8717173567951663,0.4976296481981014
1.6903816265317044,-1.018578305841702,0.6771556876867209
-0.5355799646482522,0.30522066713670926,0.05452575448183273
-0.06910435055304719,-1.5651917705223088,0.3843997187673282
0.507817965183534,-1.3117105818330648,0.277266726451729
1.1733319638793174,0.7102006036712758,0.23952013362665442
1.6451984194903109,1.5750888020534115,0.15057104129444748
-1.352596791186936,1.7855417027948985,-0.20335549984450635
-1.0744785647466497,-1.1599600660120466,0.3869743172227044
1.1469370174142048,1.0720326563577034,0.13988912079089727
0.8305643586124216,1.3422205347974339,-0.10384111019158893
0.38700612978772936,0.954175255100667,-0.05691817703368959
0.05712756103518034,-1.6371056254448482,0.4394158179629704
1.2655506651010968,1.2221783168751732,0.1377644974092644
0.3863881056618681,0.47975338003169443,0.01881699125481978
0.6949943394962773,-1.4239302510040437,0.38531630026262703
0.044684230877938436,-1.0015082643966113,0.10085249821837028
0.2976372436923922,-0.6563430085461699,0.04599193320279091
-0.19217620067653604,-0.6711563796646581,0.03761863700536556
-0.8461450674846858,0.03469732829576032,0.1431881178184501
1.3593857602023607,0.32829070450679837,0.366047782943939
-0.9500805204331877,-0.6263315370498741,0.2051010337312284
0.2865485235122244,-1.166217343628091,0.17503490464046448
-0.5186009133926971,0.42936843582430234,0.04587366290970857
0.49650421643431863,1.4343559738255045,-0.24579782020448537
-0.05961665561158393,0.8491573966112888,-0.060519217575431626
0.760447771635553,-1.5684092825828315,0.5014703662759853
-1.1202520747257416,-0.16505658896097808,0.25144261703433696
1.0465450562190384,-0.594120726427483,0.24002255092565014
-0.5676818073384051,1.1249692687443424,-0.0779186176685034
0.12783998118041281,0.9078238891740404,-0.07154916837950023
-0.05055777118416179,-0.7525039679934851,0.043122674531809714
-1.7086417238982128,0.5376053115943431,0.5683534678498653
-0.8068918985243863,0.32088389506377857,0.12691087885347585
2.143756804147304,0.4015088941520186,0.912665946591349
-1.1558387340798635,-0.4563102504978278,0.2766938842848443
0.11105803417330354,1.2626539473157898,-0.19883750892490976
-0.24691804459769634,0.4847462221832879,0.000803190746642507
0.982098416548517,0.14107794359820272,0.19262267272138964
-0.40226440818797543,0.07348602590045601,0.03232364692463265
-0.49061985723076534,-0.6934370884379158,0.08148583767427023
-0.4083122223033007,-0.3723968320683318,0.038508151119671416
1.6442874135326568,1.332129603231083,0.30434059259916557
1.6586222432558497,0.014061985093399268,0.5502052711037291
0.49963936978320994,-1.6491829012226564,0.4984733649734776
-1.232828012086439,0.13509516641867392,0.30372642328772576
-1.152174242019135,0.301032675552682,0.26277311846673307
0.5552596170909039,-0.32087587560014863,0.06496642908719194
-1.0849247473409427,0.43932479187159584,0.2269330974178483
-1.9394636807781054,-0.40358051856037397,0.7588772817062139
-0.5190593303257202,1.5723566085051717,-0.3348500406677668
0.9570134193732022,-1.063040193894614,0.3033042675437537
-1.5971189612565106,0.3590328357869297,0.505529697692174
-0.25424621469743636,0.17832032386915103,0.012361202112633014
-1.1489686752082835,0.4771098715093304,0.2531651686079818
-0.8618831497049403,0.9953411763465314,0.04995965856556006
0.943177042082947,0.5939007502329781,0.1569686320544423
-0.26697456165179057,0.3347086702313106,0.01050534563155317
0.31809479343707814,0.32761130873795896,0.01672063455008821
0.18428778455321115,-2.41813738336394,1.4207712471820466
0.1441022594997849,0.5467908043728145,-0.012194869277648658
1.1019213060511384,0.3845872884084355,0.2371577830324029
0.6058875195440052,-0.1902563915539927,0.07410861773704049
-0.41068993005896415,-2.372291633424804,1.3688038415450212
0.12096130921424844,-0.7029766820095779,0.037665763291817554
0.07270370421559931,-0.27874923197703605,0.003223078873095397
-0.8955360392839726,0.1883675957899372,0.15972858701349404
-1.15871862461069,-1.5510815679882057,0.6416933544099883
0.11431517089999148,1.7663597877421153,-0.5484954135800499
-0.319556171867689,-0.9174433216125019,0.09764464005120144
0.17854325143685182,0.7064427288259433,-0.02888028619214232
0.021441033698977364,0.6750213537496044,-0.030665662797770367
0.09175405704319928,-0.4187831661530809,0.009028352935684648
-0.6204724638529805,-0.5629647464172669,0.09483921830200515
-0.9317949933305314,-1.3655998343365856,0.42831402967889076
-0.2236199837289291,0.9673678481938046,-0.0805251573743975
-1.0540690207827819,1.068577368588222,0.10019598194819851
1.011577306452376,1.3801899437074259,-0.05825800419026833
0.36442531079836693,-1.608184042265345,0.44247871040835335
0.7736775166934953,1.7177698150009977,-0.387152651575217
-0.1315213414235852,-0.4789111729282526,0.014443683512079862
-1.233148354960343,0.4473488527005924,0.2951785832715293
-0.5517455231492565,-0.26792325360333924,0.06280785446660278
0.8747537611246661,-0.20514300981690592,0.1539021452746952
-1.1324600525624748,-0.5723759830665208,0.27524500788630313
-0.8491520445524443,-1.0706536214036155,0.26694077546286465
0.6857873857921963,-0.5895702660022333,0.11455392325983789
1.5044951283831705,0.1385278055554241,0.45243528405917743
1.0535324685741334,-0.7955756682014407,0.2723413500330034
-1.772742585948738,-1.0335175839109845,0.7389193243705792
-1.3865127062316034,0.5916344892071782,0.36377443389853914
0.2727097076914388,-0.9628307246500764,0.1041326656979322
0.4856996928700711,-0.11506560517750332,0.04733318626787562
-0.4153052364564827,2.6049273293654407,-1.7331158853185793
1.8153477843006114,1.7874706509471072,0.08799146788655687
0.37388258716964246,0.7261579956022504,-0.01033306794653338
1.5292135856589613,-1.02500131589723,0.5753883153676782
0.8825603515641868,0.7818087349418031,0.10799645840114167
1.9590025880861348,-1.3809457207202924,1.0308861075486364
0.45502799025071416,-0.2293229104487022,0.0426160805731685
0.05025347002058309,-0.3964186679462611,0.006734712830561213
1.925811523904283,1.4922458794412075,0.4094570262468785
0.9279235696408694,0.39863901520979,0.16587353546748132
2.1552879677971704,1.4210529147142874,0.6420870432644328
-1.3375817980209745,-0.9707000294233242,0.449290053221018
-0.677206122968541,-1.391035472254069,0.3608841645994292
-0.0380303309772756,0.285942068188113,-0.002048683095939736
-0.9637958901180556,2.4223799806469,-1.2356538456720754
-0.9729111586323129,-0.6270049238442363,0.21396099353460252
-1.4736344576121394,-1.2859798072614315,0.6469878502885906
-0.720901384540927,0.7129220155692341,0.06770494370592962
-1.3628382223697177,-0.5168835177618228,0.38527510714833857
-0.8816459735376436,0.8532074324476849,0.09334958690446549
0.5412357338241551,2.0702471866276597,-0.8287048650259968
0.26425709890782884,0.9961657531069665,-0.08488776786532598
-0.32507914441236707,1.0221320399583267,-0.08565235420643796
-2.3030931696619903,0.6130849238600804,1.0378034150761895
0.5980524056432119,-1.431943649185783,0.36514802784365086
0.20336657253584628,0.2539411001921378,0.006634025894665094
0.03341000064848686,1.1862439409565966,-0.16670199905757904
-1.2171934309126935,-1.1937608834476021,0.46643066058115046
-0.9316219568507036,-0.22883132587828175,0.17478214131948275
0.17687368382716087,-0.32014882034418035,0.00953823389358042
-1.1535186227072745,0.6003057053416114,0.2444880095847104
0.532389765476715,-0.4838332388104868,0.06801404747155293
0.20930301549641248,0.4463614448002608,-0.00013168977165588236
-1.0173775003388108,-0.9602585919338622,0.29555651039723185
0.9286515039299403,0.35938854061750297,0.16783685633460266
0.0059229536734472,-0.11501350521342849,0.00015915736427056642
-2.1669757232498736,0.4753150062998119,0.9284182333986902
-1.8652632273555732,-1.9333859684252928,1.4185374415920173
1.5119874020218063,1.3761342207255272,0.1966163966474878
1.0785911097685819,0.030428179984619306,0.23266893914787531
-0.19048572219573542,0.011299017109362262,0.0072568178200344965
-1.4678623493598917,1.3076839023265716,0.20730516496809148
0.7127356556030423,-0.6228000274338557,0.1257555825810917
0.3311117263319608,-0.08671829319003502,0.021992207760280054
0.684629283087069,0.33991456705860584,0.08981601312205642
0.4787015284752566,-1.5419031764538877,0.4124131767469113
-0.4776180659616388,-0.0822782322933927,0.04567950334328833
1.9598912555535204,0.25995645677722196,0.7664780296277083
0.5538336972691227,-0.4442421743527964,0.0701135214445106
-0.9783055710723437,0.09492791963908313,0.19133081558777756
-0.461746601177929,0.44732149871091736,0.03369123707500535
-1.1116460100595995,-0.6418938628234908,0.2735991775288586
1.1631418571177568,-1.0858524060886872,0.3986099871521743
-1.3768556243647478,0.807382449303154,0.3265157314341507
0.07808156307659236,-0.48728707037348074,0.012789913698898163
0.5504974940664846,2.815915715389737,-2.172237447959895
-0.3906881935761693,-0.3448843012037706,0.03462968549051371
0.7866679862376952,-0.755844328861317,0.16695073971205995
0.8784865196845635,0.1810820313655295,0.1537539323591818
-0.3921608871995957,1.0411956354540601,-0.08211677369099138
-0.5907447676921788,1.315770831569782,-0.15799732820556744
-1.9276060795400776,0.9445478397802154,0.6588632562380469
2.632443065367215,-1.0755173656499053,1.5103604365202647
-0.8400760696021322,-0.8196261658850967,0.1962069850997292
-1.1201157530927919,-1.2844385769320588,0.4628362833140268
-0.7425046173186746,-0.23947928532690135,0.11163604290659178
-1.582015620653658,0.3780013548721875,0.49515361152136034
-1.895259288073535,-0.3725270188659944,0.7235713489108396
-0.11155020799000546,-0.310052046045042,0.0054692905199329005
0.8019139830822002,1.0287353611384447,0.019742509878036107
-1.1306344090224942,-1.2601801381283564,0.45579024182749084
-1.0206711374247308,-0.15622924772156171,0.20873523190690058
0.26931564386725476,-0.5702803895718946,0.033052826223835104
0.9785471999024813,0.7085334692633322,0.15594115014437065
0.17952262761004037,-0.41193746159111033,0.013435943392280717
0.43201183966910983,0.4160035828332201,0.030127530312019986
0.9032630307950681,0.3557242500224158,0.15867549507619916
-1.535492662774135,0.5290498612338784,0.4567397682268125
0.7127973407834992,-0.32116147533232786,0.10492861999089559
0.7289942341969238,-0.5038209635830677,0.1190752865101236
-0.27035916471908816,-0.6338164694392994,0.040080701032480695
-0.23415670021346385,-0.7937107663136155,0.06096780737694819
1.1349622378388988,0.34371843488112264,0.25356708547167656
-0.43104516378589797,-0.06411396484023367,0.037186341334155326
-1.003009038342657,1.1335406525072873,0.05555515422616572
-0.7733542883640376,-0.07298485554739875,0.11965424855979555
-0.38731186120291783,0.010206697959200177,0.03000198923569965
-0.12472192567349914,1.1510722630090446,-0.1494022053864269
-0.8186256992838418,-1.0815029757007795,0.26052746059757126
-0.5107066647957976,0.4024068047947494,0.04564803634391101
0.516630981544606,-0.7423017666351914,0.09428322584546439
-0.1463201304056716,0.14860248563536205,0.003953761720200923
1.1682260996174105,-1.2599083797039594,0.47294441022382383
-0.8750626950923326,-2.1417854751909515,1.1356364199386957
-1.482670197188971,-2.4455273687206462,1.9022352862593985
0.3600762162638973,-0.1627435765334315,0.026362010342895367
-1.4297804885447318,-1.0395724403452764,0.5212021715559262
1.5715208240234118,0.7851836279750045,0.44552792278167686
-0.459811226687636,0.05083531193257486,0.04227213582917436
1.5891868603693746,-1.082364656662984,0.6319034290946345
0.001952888646865978,1.072149074745301,-0.12324316348615587
-0.43094971303061314,0.8692077221661754,-0.028527030221095588
-0.4844224177131203,-0.748694501491299,0.08890059613419227
-0.8636125457004398,-1.5293706956353117,0.5068812659921356
-0.8662806261061107,-0.46808200576435005,0.16034413714675583
-0.09375496513856584,-0.5679801308670902,0.020081118887156114
-1.8173333642567149,0.07465067290421602,0.660498510616201
0.9882888083386504,0.3896070153643515,0.18942896756335964
0.8067368523100904,-0.09583524061526001,0.1302528886296392
0.30245855176040715,0.0988598876545344,0.018199616596150374
-0.5543314079728984,0.024172569641597447,0.06145524953807718
0.47223776648794996,0.6548066361569888,0.016525444150001227
0.6762283619571944,0.1003798222109763,0.09135581570300227
-1.5201519077440226,0.21487078218064024,0.4611803178749118
-0.363037399129791,-0.4211974103898822,0.03383157842064777
-0.25457786003856897,0.8576188767196902,-0.05011676044716812
0.9016573429616594,0.18736006594710228,0.16193948790161253
0.8557445575529126,1.0488149436073362,0.03108876475160806
2.0119317716011347,0.08020294253265585,0.8095223000766615
0.052749059461877336,1.3801423021346524,-0.2623320157844928
-0.374743748847739,0.15300491265330518,0.027728383258893322
0.4320655949781249,-0.5261897621831498,0.05190504974830758
0.5466552228214804,-1.0888095370845108,0.1888454330869587
0.3076349171355792,0.3438333166520684,0.014863004573623762
0.6229979321178057,-0.8260382721732051,0.13398911630315907
0.9859180960213528,-0.43372067087513627,0.20256577497412537
-1.012771729622787,-0.8421264411900028,0.264862980778788
-0.9672282986470825,0.8259532007550702,0.13075969719852237
1.8848915010565952,-1.4878814282442403,1.039949067144489
0.8365969809484891,0.2863495686564423,0.1376309476221975
-0.8985704344150334,-0.39583739221303,0.16768803201094348
0.18556888455915038,-0.601272086143645,0.028624838969236736
-0.878827289215751,0.22827566599506854,0.15327794138780487
0.652096485051103,-1.6787953657943533,0.5581899084901447
-0.5372240898831632,0.25195527650445737,0.056122495635211385
-0.11653110225669258,1.868275943678994,-0.649397411663918
-0.9988523341474381,1.408005636158056,-0.07959308617119426
1.3712105590511112,-0.13101132282145989,0.3762685468489726
-0.7057099087062674,-0.48571342048679395,0.11106412594071344
-0.7341818417812119,-0.15493262902159796,0.10817649749494956
-1.079097792340567,0.4832044299928482,0.22160823694981624
0.5055242348425383,2.8401808427997164,-2.239957059167491
-0.1973351927149144,0.5675270457553423,-0.010491069731631943
0.5151660300448233,0.03918022158464803,0.053073193186720435
0.38261576999227137,1.160904639715714,-0.12717610433892623
0.4013322193412824,0.8092951547430399,-0.020791975940836732
1.0731086099513591,1.9682097700562398,-0.5321424647689174
0.4053809369213617,-1.5173444673606553,0.38221015179346385
-0.7292157614948627,0.4917820132478515,0.09445739957340407
0.47406939832745426,0.15037811153654765,0.04460830019425837
1.2285906922132865,-1.1141780121664104,0.440200256505369
1.0331772015064233,-0.3177545090829041,0.2166993273833557
0.8520350362931586,0.7420555779110987,0.10433171136749572
-0.9968688458927929,-1.252287673244962,0.3951363097564722
-0.2731914281413801,0.12000875450935156,0.014753873459745812
-0.49881314459132203,0.05753231821292238,0.04974386763226876
1.9254438325740035,-0.9801758795429669,0.8356366739883996
-0.8598463832587034,0.0931524229650793,0.147786328720199
0.16659406907241528,0.4514633563979715,-0.003650971535133633
-0.682517610572729,0.8566393355049854,0.030303211913103117
0.032946068542055146,-0.47459351602158545,0.010906785840634842
0.0021926673405200056,0.2073444950947537,-0.0008904484970033
0.6122727737752572,0.09093234838606946,0.07490040074327989
-2.147824080928919,-1.1780426059202806,1.086116569431317
-0.7371249535460951,1.6243667503954313,-0.3199294661153882
-1.7055247612828743,-1.5764168128316287,0.9735167029302824
1.0886244615250427,-0.12739582140878397,0.23722740318269184
-0.10652588780199165,-0.4114560134718031,0.009235340779408081
0.5870099998895657,-1.356114342316443,0.3183118285128597
-0.7539971873857855,-1.1091572384243327,0.25015417820833974
-0.9164542483723397,0.30375169840638294,0.16517510996267987
1.5847740058857789,0.8561022320850028,0.4395570529235146
-0.002790949275758241,0.5910475772322971,-0.02064593496875603
-0.5561046865900077,1.2018614621561854,-0.11175491522189152
-1.7780125880798707,0.7100429253579521,0.5964681606797341
-1.071084818342209,-0.38912286325081796,0.23533650381544183
-0.3091393681208918,-0.6356987983362473,0.04480284223109186
-0.17191536929420415,-0.04447773054544218,0.005919777729305845
-0.20215501862780846,0.6435493285144144,-0.018479634412636003
-0.43900802882627293,0.1144282838556259,0.03839577940062826
-0.9828195624696909,-1.9153662204068793,0.8958634268194585
-0.039765303057432644,-0.18883279162373662,0.000989592495114799
0.28550916305432117,-0.9413787450611126,0.0997275105049865
0.6387049212528892,1.8843417547341899,-0.5874926941482672
-0.12539036080458124,0.9663966277758236,-0.08710940135581094
-1.7147034657837168,-0.9273678189405316,0.6677962542881827
0.8807480731994173,-0.4657735472445457,0.16524815778442983
0.918555703443148,-0.47817955394876,0.17968276345065629
0.4837394199274988,-0.43415428562403563,0.05498413696491393
0.34202990050277915,0.03760816873153452,0.023391571364647687
0.6753973911614226,-0.8462195132487191,0.15182904577150863
-0.5933842445094071,-2.0583367913992165,0.9424868838112685
1.1191763417034446,0.794816252899291,0.20029998104228433
0.9659682091386909,1.0271904719718703,0.07823796784116911
-0.24201699993726652,-1.5648591283066688,0.39491465952666727
0.2888176487348609,0.38580913905086067,0.010940408281884313
0.7988947155467275,0.5463792758596966,0.11133547567692556
1.2063269157937484,-1.3289806067394774,0.5257680786520836
1.583190957554605,-1.2860253245932047,0.7139894519772452
-0.49402662645987794,-0.40188187267726627,0.055303217058601965
0.07554048894654795,0.463972467990181,-0.008846683151980618
0.8368967300663758,-1.388584563463594,0.4078215330390498
-2.5395937124316723,-0.48493492011842226,1.3013110654361755
-0.3983389742052897,0.38886118859715013,0.02585470004989289
0.20569782234632814,-2.4473532493010204,1.4743138295358995
-0.3779723763942198,-1.287043221501854,0.24176879171144086
-1.1997841183792604,-0.0763256446198464,0.2879408504412831
0.8565936353624723,0.2592728846062017,0.14500763592897778
-1.0498053991131695,-1.6158751006159644,0.6423317215902968
0.8655026535180181,-0.1182820091337253,0.14998445267547428
-0.3477033927236068,-0.32350079382462515,0.02756505507252244
-0.5361676481510897,-0.922366429060562,0.13596637997330277
0.2198714871701571,0.41868135255609046,0.0023294581333892714
0.12069643353073427,-0.29104671080681305,0.0053789297592473275
0.9890752495451812,-0.5155951694741322,0.20936046824881363
-0.10537182202524215,0.4593724887748737,-0.007473175727642188
1.4387153071326373,1.3235961097435263,0.18209866278583087
1.862968938358982,0.01777649631592767,0.6941300913140022
0.698848039276544,-0.12485438628250195,0.09787234713065028
0.3063515504745236,-0.8340328879267372,0.07678648778468364
-1.1811770521696727,0.32092711437371735,0.27573048216525575
-0.08341780083678015,-0.7854913894504056,0.049856267215052985
-0.9484099960372581,-1.3211641628329904,0.4105021721594555
-0.16224774114655285,0.5528014355252449,-0.011628161497827642
-1.006017324963562,-0.0791763973957503,0.20246380653221135
0.8949689699195703,0.5456228867764437,0.1439504615801526
0.6262591837840014,0.613321017763917,0.05536926584287653
0.3321915206518047,-1.3427644758303847,0.264172883446906
-0.5514140829860321,1.3519161012052732,-0.18627511778915426
-1.5814651824814128,-0.1567253249028623,0.5005913863917063
-0.36871973455252316,1.7763814064286771,-0.5333517934838017
-0.5451324640655122,-1.6722457497886363,0.5270616600233541
-1.031670452011255,-1.9409614036969733,0.9440932240265563
0.1905537598786884,-1.789537391596256,0.5803514889164595
-0.002540465015478454,2.1416837703721705,-0.9823482282468531
-1.0044740411004012,1.0451069279346175,0.08764197337102331
-1.0740367702078126,0.9065865762079699,0.15619871675235614
-1.6674812897483406,-2.03156284553132,1.3945750572329543
0.8658383523038168,1.1795372788878815,-0.014174777458333843
0.9457986180057579,-0.4980258556204099,0.19125952815338318
-0.11393181047749021,0.4332279824297128,-0.0055350122244594135
-0.4736291595579298,0.2543548312050312,0.04321933247126051
0.8655386940657911,0.8779785239494526,0.08215279752666352
-0.09525519279583021,0.44103916207889055,-0.006764186836075595
-0.1963440869717287,-0.6324386696606313,0.033006397948283216
-0.6783132968293005,-0.5946258028517397,0.11304655567641925
0.36921968377316106,0.12244648023022503,0.027081049248674056
-0.9845839086901127,-0.6686200979724833,0.22377194571155384
1.9282949259462232,1.3294891910523485,0.5086715311741821
1.9491521549874204,-0.6552898509899203,0.787977284665813
0.24076178136437903,1.4531541699909,-0.29526307650955164
-0.3972891631336338,-0.4881160777281391,0.04319745796578732
-1.6617898193485277,0.21135569451694922,0.5513649288622788
-0.3495324572788218,-0.7187969471535182,0.06157260141007595
-0.8707056591084313,-2.090986251791491,1.0658515928700028
0.7900747994493251,-0.25603718585550767,0.12652209055484948
-0.44321251385937843,-0.159708982499468,0.0396948355366181
-1.7719968868732767,0.7216536094632381,0.5904120329861876
1.064574495879321,-1.222355196171406,0.4093022451395498
-0.308684597837021,0.32481498694531746,0.015630282952755765
0.02210005291655733,0.7763809734919114,-0.04670003285456472
-1.0476810453947705,-0.6828491354111318,0.25136720493774295
1.3257479818328868,0.9898325243170241,0.2545408768120426
1.254928603608264,-1.3349498774651947,0.5528693996466104
0.23402192578920172,-0.01613692066224442,0.010953672555767763
0.32888329016705453,2.418594726193182,-1.3931484360563784
-1.353747891986159,0.9816326408995573,0.2719362904184361
-0.7169329296503099,-0.7978107493099578,0.1535793782180991
-0.7940623211883995,-1.9117922344946412,0.8248574102957457
-0.49280273619062737,1.0545735499965179,-0.0687108928368782
-0.8338303460843067,1.8569642617676934,-0.5012853983598826
-0.9811672709065519,-1.0652337937988428,0.313412375096091
2.13901146903036,-0.048674902933119074,0.9150855452114456
-0.12185804331678943,1.814234586165103,-0.5941758462937446
0.7132469162817896,1.4656539958492656,-0.21309900446214858
0.4234458023460762,-2.099788786753348,0.9616818624835921
-0.15775004006322285,-1.211963258973093,0.1829968371655009
-0.24728552983614432,0.9028623111407394,-0.061367729361740536
0.8388993272751882,-0.8401188309116159,0.2000459739465293
-1.2788269504107983,-1.5493674127067911,0.69901142258001
-0.7837629525944373,-0.5589438904669554,0.14031930165096027
-0.6992225819019635,0.33119051686199413,0.09414970913800323
-0.29008227359650113,-2.0246109164169614,0.8467275537917998
-0.3261662769425942,0.6629699742061773,-0.007862577313947183
-0.8315303841024351,-0.3202369828291953,0.14157264144239512
0.9673208397535312,1.1384305598280675,0.03959857273038489
0.5707892956031028,-1.2787132441549542,0.2742434533533992
-0.9880339884699065,1.1193975054003702,0.05497604129604003
-0.1531888976431842,-1.4051261555564751,0.2821185971474059
-2.2288790363243867,-1.051211723354112,1.1097440918967003
-0.25510788593411254,-1.6308054185824228,0.4467329989487501
0.8668037533453657,-1.0249434254444596,0.25794098125418946
0.3856893553053877,-0.5463680673283622,0.046061329582630914
-1.105284185778912,-1.1953734708102506,0.415139661471682
1.645692091350972,-1.051119206110991,0.6577935640444623
-0.05909466917280738,0.41635817979154166,-0.006519305179204819
0.26977430238862776,-0.2563934491118925,0.01624110386505317
-1.5929345743806942,0.5344420957082254,0.4922229300588395
1.287249342136457,-0.2713982686200322,0.3334012125418175
-0.630731626112902,0.5436978045176113,0.06349237269147942
-0.4211905610844347,1.6395547680105216,-0.4052549509840896
-0.4284814957658359,0.8324686732653324,-0.020971141258071008
-0.8314091373092399,1.8195329307515953,-0.46414455232793794
-0.5596061127664319,0.8183695336128453,0.00782324443069736
-0.5906238869381154,-0.2434885924726703,0.07121087854799482
-1.1791970560915321,0.9235556500625273,0.19932599488915392
1.2229624504094292,-0.5434350816221001,0.3151762475812027
1.3535308147675578,-0.7869813303383926,0.4151500046644673
-0.25003496135219877,-0.19829875697516378,0.013283254624672357
-0.03655672573885341,-0.2959334802413073,0.0028589643736956216
-0.5721592354381005,-0.4380265153864136,0.07387753147714439
1.9064744066002892,-0.45023353616451267,0.7360556272904367
-0.6274079564925641,1.6360164458207622,-0.3591598021107557
-0.8549595071774118,-1.1166744080880202,0.28543617736901933
-0.5370029384745385,0.6265033573714974,0.033083769888679185
-0.31009439436873154,-0.193827083817872,0.01995989446141624
0.14778661076620891,-1.3746860133693368,0.26415106533656457
0.35156851608080747,-0.47065426602755095,0.03514580289453369
-0.8342866539292327,-0.6181318797693833,0.16282486102435656
-0.7779986849498163,-0.21159732661482483,0.1220037845368889
0.3200001077793518,0.95589222395418,-0.0668627210130276
-1.2959615506058808,0.09315851988895572,0.3358224204167189
1.2402045766766319,-0.5865043731912928,0.32779648865785194
1.4461190899064411,-0.5104298965699318,0.4315507575517558
-0.4957259350292905,-1.63440594059825,0.4857448847785692
1.2582658277367367,0.3406082819829382,0.31269504566761686
-0.9964019644234247,1.543805876150321,-0.16937752726304484
0.35007045504372364,1.5195673478260296,-0.3263711407758591
0.13270452486200762,-0.059123287459165653,0.0035427651020876584
0.827785823016586,-0.989991196813306,0.234073185379482
-1.2277649910560426,0.36213169542720036,0.29673240260014766
-0.4582063435429269,-0.8937881441079063,0.11339152423251175
-1.274493670687245,0.6499441623651665,0.29741140013662304
0.004621810950046655,-0.7787949459994695,0.04723986540042598
0.5018877289857443,1.002287732798828,-0.05030963265209808
-0.10629991483926868,1.17567552589972,-0.16024345839362228
0.2930382351424722,-0.06406735316436417,0.017200578701781703
-0.5693161764883737,0.5616757644328045,0.04710445359852311
-0.6234419988356371,0.14471643429161507,0.07743290777760696
0.5290352091315458,-0.19533655816342868,0.056720983917609984
-1.1025195754031647,0.9243556176754284,0.16412986001819896
2.024501628498858,-0.06889867563846137,0.8197540751497353
1.142708935172009,-0.1989714685281395,0.26194446309054037
-0.057823383272976384,0.9610974206498067,-0.08810865311043756
-0.1089809593752691,0.6138315114929324,-0.020753133879426785
-2.213355225213404,0.7346024179795864,0.940146133371516
-2.4332356849273507,0.5079605029238292,1.1710205860750733
-1.7565566981505092,0.564036001706423,0.5991542365445334
0.43193621479094263,-1.0319726272358853,0.14721550996633834
0.4264125518871891,-1.3641595393339234,0.29022624438486255
1.333313564454746,-2.383480108584262,1.7095946819312375
-1.2621459841683391,0.12676855696355258,0.31839877661425325
-0.40404123369013406,-0.9435203956494905,0.11664494942434687
0.7359389492477882,-1.0628642265317665,0.22839091203944079
-0.02862864198085541,0.8023154766017936,-0.051481939664292216
-1.8978662551239218,1.5151475519304745,0.3725510676082321
-1.1026616005064016,-0.4592284114548385,0.25285722271763045
-1.013953773622474,0.19300260662409946,0.20490151618001534
0.7948374364889859,0.7126699254346167,0.09015691699125358
-0.0052815074002994416,-2.0957115910519057,0.9204435919235004
0.3930488229134587,0.9056792714523425,-0.043391314455722765
-0.7021692644566687,0.41983599761386314,0.0912082108072447
0.04723087667030659,-1.2079445339160477,0.17670096155925102
0.703757316773573,0.5290678030974049,0.08424559032687723
-1.3735527864260348,-0.5256521022016445,0.39185375162314506
-0.8673650103442361,-0.010493325520453487,0.15046452777577327
-0.9715884063293779,-0.6153342531755073,0.21209559125195512
-0.1997457287110829,0.13910217311695058,0.007710516666199141
-0.23084206863473075,-1.1826122410007474,0.17605441484996465
-1.5271979580371173,1.4533310239406663,0.1594983469215473
-0.7518768042496474,-0.11304124949935283,0.11320819352587828
-0.0631690011951661,-1.083849440372608,0.12812106751569938
-0.5067425866609077,-0.4337779441233299,0.059519718979058125
0.967247802613973,-0.24326633670578815,0.1885532762802222
0.6507335901526322,-0.3902585691742432,0.09063454740612434
-1.7582241526482867,2.326460822684084,-0.6409078649741109
0.6009933603640732,-1.442364812044909,0.37231052332887493
0.7239327681413018,-0.2302739037307792,0.10603678258861247
0.10989870835803596,-1.2767262068530192,0.21052572250847115
1.5001551251250347,0.39347373696345855,0.44400125725715983
-1.2322616873504773,-0.4866194104850016,0.31521684546879963
-1.1637993944086993,0.2377118194641595,0.26954257006745724
-0.3399619682911439,-0.49833860893247095,0.03549063722127443
-0.5501843301727778,0.366878266877347,0.055602390335914395
-1.5421729738242258,-1.5443838665965213,0.8440138169181919
-2.300418545475729,0.538518518505348,1.0427679416444777
0.6858862652470717,0.45265233011569106,0.08481341314508052
-1.5766023907880282,0.017335057637005206,0.49713449880190225
-0.0170253590501854,-0.11779075908758015,0.00022140327797637608
0.23820919650729624,-0.47083530713016647,0.02178647850298726
-0.1306362826362674,1.0971094785499378,-0.12864032781806276
0.16179602273784588,0.03409985682613348,0.0052316254626021
-0.7320518075959882,1.1588516150550536,-0.04844650895128336
-2.093623448421448,-0.5648168339632593,0.8946705055886757
0.42412038795509993,0.39848262742642443,0.029648178638388104
-0.918926127075693,-0.2131796493729183,0.16985385232106837
-1.6785316016378597,0.8157774290959855,0.5092042658651982
-0.23645419935408937,-0.07794290748714557,0.011229468749437203
1.3743030581563618,0.4333683258419209,0.3696027706907121
0.23411173938199586,-0.36512531653864233,0.015829384111861418
-1.7999380281820894,0.017493006868095188,0.6479548457639429
0.7310002028143766,0.6635788405463227,0.07765243583279197
0.18502195266369598,-1.799223669611075,0.5892923568606651
0.25569228591106585,1.4465837712213763,-0.28963707741534195
0.32321154501869503,0.8548854789428101,-0.04158438497044185
-0.5022298318227221,-1.478630612864533,0.3737271414614678
-0.9450475004622175,-0.41068571982968927,0.18554969434526883
0.9674246272314851,-0.21008623589082673,0.18810932324420299
1.2928727879127293,-1.452632344369159,0.6408298763979492
-0.5628993285078306,-0.9564587314138961,0.15086924811523128
0.030072134192861196,0.23466023433015665,-0.0011112999159299845
-0.7214404083428141,0.27675545126197765,0.10197548348374821
1.454261548996595,-0.39374238524573113,0.42907963949547323
0.8731460531459251,1.8228735133439307,-0.45323997239305214
0.38453231422195977,0.54561964584846,0.013329879742325745
-1.616698462169702,-1.1621394895974302,0.6796976465970765
-0.12807412534000975,-1.7334387171468675,0.5241459584057303
1.05333810800158,0.883042839589237,0.15304767430056146
-0.21462230358351417,-0.0686346825437467,0.009244878513857312
0.3364087709214837,0.257850382343872,0.020919807043181048
0.7711158792158906,0.15633983753613917,0.1185418117410596
0.9660609496383138,1.7687227430218426,-0.36666895885799444
-1.3512490065050802,-0.359836593906716,0.3698340251706176
-0.49277730399000624,0.3345797393163218,0.044820488149308405
0.5264309091527242,1.97135991872172,-0.710695805382312
0.6218176891589153,-1.104112411974977,0.21192984114962976
0.3537948512940267,-0.7811922422271854,0.07270730019852625
-0.37840108114419146,0.18266349063551027,0.028028001537864874
-0.4649942761100289,0.6895921290905095,0.010451257135559257
-0.43081794287174185,-2.031751508509191,0.8758307262213034
0.408514073159731,1.3399146467707768,-0.20718767525714885
-0.2234114334185581,0.9363955308429155,-0.07212405271622445
0.9533681607250881,-1.8591580647076167,0.8243943376570382
0.7639474786657439,-0.8354590668398306,0.17503751219580624
0.6106587856474089,1.259934125130239,-0.1254253962596584
0.9498672844291857,-1.7565913472420847,0.7224657095968089
0.46278928031163963,-1.2752189913889933,0.25020878880198283
-0.9570335829797268,2.711262018743896,-1.8098502568259465
-1.555455593306119,1.605988049430256,0.0696723658825606
-1.8413232865058042,2.413154260632946,-0.7271610857946259
1.3023009092765743,0.1809012960790198,0.3386055271233454
0.45354871442808015,1.0535297292870458,-0.0757925996689879
0.4134300456617717,0.7104961796691031,-0.0016813091717734208
0.8083535508801898,-1.2149165483160027,0.31001147464384643
-1.1731574523080899,-1.7967141367024235,0.855271649232954
-0.46664543964192345,-0.8145939714918674,0.09760506278334477
1.4222518277378515,-1.231347804380991,0.5912591508367548
-0.22859163781272068,0.4490855387701936,0.001393768079450991
1.6527210951745415,0.8592970302879772,0.48284765114649386
-1.4978614765248581,-0.24128422449591602,0.4501225109272776
-1.348549065152167,-1.5410542874034823,0.7296939342667039
-1.8824815913075141,-1.1239835420028925,0.8507446130221036
-0.0017077556518545203,1.1653959425096236,-0.1582773989334007
-1.5256789103887547,-0.058908506845117586,0.4655596700227919
-0.9294833136020738,-0.40068544056146493,0.1792208036115441
-0.7530344754612983,-0.6859693705347792,0.14569074580858135
-0.4912820101771039,-0.9308735006290235,0.12893416285752668
-1.2923788333011816,-0.6059056436375485,0.3562927176555521
0.4497382828742047,-0.13473679838267102,0.04069750586550276
1.1302520140647832,-0.8120456232969229,0.30904168080068495
0.14341765720861882,-2.3436569104620797,1.2914206512899526
-0.8806777268250191,0.3883633184013931,0.14926112051388465
-0.7437768179195666,1.1026599347433717,-0.02342710205234061
0.19993338730635027,0.23207609259990747,0.0067447259864951
0.28157177258394506,0.9491694130516855,-0.06965628251751421
-1.5448997855554663,0.32858948310462877,0.4737952543832341
-0.844240649244309,0.5435814368167258,0.12648666815703855
-1.1852786464618503,0.8647305244585041,0.21631610111062577
-1.4359773018234847,0.616861118322839,0.38893350861852694
0.4696641052678791,-1.1736567247051028,0.2057845798237838
-0.9885678725194984,-0.4917803459242452,0.20734689253261956
0.4600999864542915,-1.0338217365033306,0.15283196231786444
-1.37382722701694,1.8571742376757412,-0.26307700119638905
1.7712226332109506,0.356999554885418,0.6228960109985481
-0.7749097872270845,-0.6151074156460552,0.1433700634817911
0.5910597465157991,1.7974224568254298,-0.510827889145165
1.1009150894550486,1.7088030935929404,-0.2565690656991825
-0.5071211916878499,-0.2609642646841027,0.05321160851413026
-2.2580054512233683,-0.5554934443087793,1.0368587495585009
-0.5406631532965586,-0.805485219376247,0.11072372872206634
-0.5030027167209845,-1.6182387258125601,0.4743699672802875
1.2983479120345598,0.27983472386252284,0.33495014513754423
-0.09587534156329575,1.3892263890786472,-0.26627532519498054
-0.08635308592996321,-0.825502050116214,0.057745508344128366
0.06870263875194871,0.1503705647256144,0.0006040030179900129
